date,date_key,year,day_of_year,day_of_month,iso_day_of_week,day_name_pt,week_of_year,month,year_month,month_name,quarter,quarter_name,semester,trimestre,is_weekend
2020-01-01,20200101,2020,1,1,3,quarta-feira,1,1,2020-01,Janeiro,1,Q1,1,T1,False
2020-01-02,20200102,2020,2,2,4,quinta-feira,1,1,2020-01,Janeiro,1,Q1,1,T1,False
2020-01-03,20200103,2020,3,3,5,sexta-feira,1,1,2020-01,Janeiro,1,Q1,1,T1,False
2020-01-04,20200104,2020,4,4,6,sábado,1,1,2020-01,Janeiro,1,Q1,1,T1,True
2020-01-05,20200105,2020,5,5,7,domingo,1,1,2020-01,Janeiro,1,Q1,1,T1,True
2020-01-06,20200106,2020,6,6,1,segunda-feira,2,1,2020-01,Janeiro,1,Q1,1,T1,False
2020-01-07,20200107,2020,7,7,2,terça-feira,2,1,2020-01,Janeiro,1,Q1,1,T1,False
2020-01-08,20200108,2020,8,8,3,quarta-feira,2,1,2020-01,Janeiro,1,Q1,1,T1,False
2020-01-09,20200109,2020,9,9,4,quinta-feira,2,1,2020-01,Janeiro,1,Q1,1,T1,False
2020-01-10,20200110,2020,10,10,5,sexta-feira,2,1,2020-01,Janeiro,1,Q1,1,T1,False
2020-01-11,20200111,2020,11,11,6,sábado,2,1,2020-01,Janeiro,1,Q1,1,T1,True
2020-01-12,20200112,2020,12,12,7,domingo,2,1,2020-01,Janeiro,1,Q1,1,T1,True
2020-01-13,20200113,2020,13,13,1,segunda-feira,3,1,2020-01,Janeiro,1,Q1,1,T1,False
2020-01-14,20200114,2020,14,14,2,terça-feira,3,1,2020-01,Janeiro,1,Q1,1,T1,False
2020-01-15,20200115,2020,15,15,3,quarta-feira,3,1,2020-01,Janeiro,1,Q1,1,T1,False
2020-01-16,20200116,2020,16,16,4,quinta-feira,3,1,2020-01,Janeiro,1,Q1,1,T1,False
2020-01-17,20200117,2020,17,17,5,sexta-feira,3,1,2020-01,Janeiro,1,Q1,1,T1,False
2020-01-18,20200118,2020,18,18,6,sábado,3,1,2020-01,Janeiro,1,Q1,1,T1,True
2020-01-19,20200119,2020,19,19,7,domingo,3,1,2020-01,Janeiro,1,Q1,1,T1,True
2020-01-20,20200120,2020,20,20,1,segunda-feira,4,1,2020-01,Janeiro,1,Q1,1,T1,False
2020-01-21,20200121,2020,21,21,2,terça-feira,4,1,2020-01,Janeiro,1,Q1,1,T1,False
2020-01-22,20200122,2020,22,22,3,quarta-feira,4,1,2020-01,Janeiro,1,Q1,1,T1,False
2020-01-23,20200123,2020,23,23,4,quinta-feira,4,1,2020-01,Janeiro,1,Q1,1,T1,False
2020-01-24,20200124,2020,24,24,5,sexta-feira,4,1,2020-01,Janeiro,1,Q1,1,T1,False
2020-01-25,20200125,2020,25,25,6,sábado,4,1,2020-01,Janeiro,1,Q1,1,T1,True
2020-01-26,20200126,2020,26,26,7,domingo,4,1,2020-01,Janeiro,1,Q1,1,T1,True
2020-01-27,20200127,2020,27,27,1,segunda-feira,5,1,2020-01,Janeiro,1,Q1,1,T1,False
2020-01-28,20200128,2020,28,28,2,terça-feira,5,1,2020-01,Janeiro,1,Q1,1,T1,False
2020-01-29,20200129,2020,29,29,3,quarta-feira,5,1,2020-01,Janeiro,1,Q1,1,T1,False
2020-01-30,20200130,2020,30,30,4,quinta-feira,5,1,2020-01,Janeiro,1,Q1,1,T1,False
2020-01-31,20200131,2020,31,31,5,sexta-feira,5,1,2020-01,Janeiro,1,Q1,1,T1,False
2020-02-01,20200201,2020,32,1,6,sábado,5,2,2020-02,Fevereiro,1,Q1,1,T1,True
2020-02-02,20200202,2020,33,2,7,domingo,5,2,2020-02,Fevereiro,1,Q1,1,T1,True
2020-02-03,20200203,2020,34,3,1,segunda-feira,6,2,2020-02,Fevereiro,1,Q1,1,T1,False
2020-02-04,20200204,2020,35,4,2,terça-feira,6,2,2020-02,Fevereiro,1,Q1,1,T1,False
2020-02-05,20200205,2020,36,5,3,quarta-feira,6,2,2020-02,Fevereiro,1,Q1,1,T1,False
2020-02-06,20200206,2020,37,6,4,quinta-feira,6,2,2020-02,Fevereiro,1,Q1,1,T1,False
2020-02-07,20200207,2020,38,7,5,sexta-feira,6,2,2020-02,Fevereiro,1,Q1,1,T1,False
2020-02-08,20200208,2020,39,8,6,sábado,6,2,2020-02,Fevereiro,1,Q1,1,T1,True
2020-02-09,20200209,2020,40,9,7,domingo,6,2,2020-02,Fevereiro,1,Q1,1,T1,True
2020-02-10,20200210,2020,41,10,1,segunda-feira,7,2,2020-02,Fevereiro,1,Q1,1,T1,False
2020-02-11,20200211,2020,42,11,2,terça-feira,7,2,2020-02,Fevereiro,1,Q1,1,T1,False
2020-02-12,20200212,2020,43,12,3,quarta-feira,7,2,2020-02,Fevereiro,1,Q1,1,T1,False
2020-02-13,20200213,2020,44,13,4,quinta-feira,7,2,2020-02,Fevereiro,1,Q1,1,T1,False
2020-02-14,20200214,2020,45,14,5,sexta-feira,7,2,2020-02,Fevereiro,1,Q1,1,T1,False
2020-02-15,20200215,2020,46,15,6,sábado,7,2,2020-02,Fevereiro,1,Q1,1,T1,True
2020-02-16,20200216,2020,47,16,7,domingo,7,2,2020-02,Fevereiro,1,Q1,1,T1,True
2020-02-17,20200217,2020,48,17,1,segunda-feira,8,2,2020-02,Fevereiro,1,Q1,1,T1,False
2020-02-18,20200218,2020,49,18,2,terça-feira,8,2,2020-02,Fevereiro,1,Q1,1,T1,False
2020-02-19,20200219,2020,50,19,3,quarta-feira,8,2,2020-02,Fevereiro,1,Q1,1,T1,False
2020-02-20,20200220,2020,51,20,4,quinta-feira,8,2,2020-02,Fevereiro,1,Q1,1,T1,False
2020-02-21,20200221,2020,52,21,5,sexta-feira,8,2,2020-02,Fevereiro,1,Q1,1,T1,False
2020-02-22,20200222,2020,53,22,6,sábado,8,2,2020-02,Fevereiro,1,Q1,1,T1,True
2020-02-23,20200223,2020,54,23,7,domingo,8,2,2020-02,Fevereiro,1,Q1,1,T1,True
2020-02-24,20200224,2020,55,24,1,segunda-feira,9,2,2020-02,Fevereiro,1,Q1,1,T1,False
2020-02-25,20200225,2020,56,25,2,terça-feira,9,2,2020-02,Fevereiro,1,Q1,1,T1,False
2020-02-26,20200226,2020,57,26,3,quarta-feira,9,2,2020-02,Fevereiro,1,Q1,1,T1,False
2020-02-27,20200227,2020,58,27,4,quinta-feira,9,2,2020-02,Fevereiro,1,Q1,1,T1,False
2020-02-28,20200228,2020,59,28,5,sexta-feira,9,2,2020-02,Fevereiro,1,Q1,1,T1,False
2020-02-29,20200229,2020,60,29,6,sábado,9,2,2020-02,Fevereiro,1,Q1,1,T1,True
2020-03-01,20200301,2020,61,1,7,domingo,9,3,2020-03,Março,1,Q1,1,T1,True
2020-03-02,20200302,2020,62,2,1,segunda-feira,10,3,2020-03,Março,1,Q1,1,T1,False
2020-03-03,20200303,2020,63,3,2,terça-feira,10,3,2020-03,Março,1,Q1,1,T1,False
2020-03-04,20200304,2020,64,4,3,quarta-feira,10,3,2020-03,Março,1,Q1,1,T1,False
2020-03-05,20200305,2020,65,5,4,quinta-feira,10,3,2020-03,Março,1,Q1,1,T1,False
2020-03-06,20200306,2020,66,6,5,sexta-feira,10,3,2020-03,Março,1,Q1,1,T1,False
2020-03-07,20200307,2020,67,7,6,sábado,10,3,2020-03,Março,1,Q1,1,T1,True
2020-03-08,20200308,2020,68,8,7,domingo,10,3,2020-03,Março,1,Q1,1,T1,True
2020-03-09,20200309,2020,69,9,1,segunda-feira,11,3,2020-03,Março,1,Q1,1,T1,False
2020-03-10,20200310,2020,70,10,2,terça-feira,11,3,2020-03,Março,1,Q1,1,T1,False
2020-03-11,20200311,2020,71,11,3,quarta-feira,11,3,2020-03,Março,1,Q1,1,T1,False
2020-03-12,20200312,2020,72,12,4,quinta-feira,11,3,2020-03,Março,1,Q1,1,T1,False
2020-03-13,20200313,2020,73,13,5,sexta-feira,11,3,2020-03,Março,1,Q1,1,T1,False
2020-03-14,20200314,2020,74,14,6,sábado,11,3,2020-03,Março,1,Q1,1,T1,True
2020-03-15,20200315,2020,75,15,7,domingo,11,3,2020-03,Março,1,Q1,1,T1,True
2020-03-16,20200316,2020,76,16,1,segunda-feira,12,3,2020-03,Março,1,Q1,1,T1,False
2020-03-17,20200317,2020,77,17,2,terça-feira,12,3,2020-03,Março,1,Q1,1,T1,False
2020-03-18,20200318,2020,78,18,3,quarta-feira,12,3,2020-03,Março,1,Q1,1,T1,False
2020-03-19,20200319,2020,79,19,4,quinta-feira,12,3,2020-03,Março,1,Q1,1,T1,False
2020-03-20,20200320,2020,80,20,5,sexta-feira,12,3,2020-03,Março,1,Q1,1,T1,False
2020-03-21,20200321,2020,81,21,6,sábado,12,3,2020-03,Março,1,Q1,1,T1,True
2020-03-22,20200322,2020,82,22,7,domingo,12,3,2020-03,Março,1,Q1,1,T1,True
2020-03-23,20200323,2020,83,23,1,segunda-feira,13,3,2020-03,Março,1,Q1,1,T1,False
2020-03-24,20200324,2020,84,24,2,terça-feira,13,3,2020-03,Março,1,Q1,1,T1,False
2020-03-25,20200325,2020,85,25,3,quarta-feira,13,3,2020-03,Março,1,Q1,1,T1,False
2020-03-26,20200326,2020,86,26,4,quinta-feira,13,3,2020-03,Março,1,Q1,1,T1,False
2020-03-27,20200327,2020,87,27,5,sexta-feira,13,3,2020-03,Março,1,Q1,1,T1,False
2020-03-28,20200328,2020,88,28,6,sábado,13,3,2020-03,Março,1,Q1,1,T1,True
2020-03-29,20200329,2020,89,29,7,domingo,13,3,2020-03,Março,1,Q1,1,T1,True
2020-03-30,20200330,2020,90,30,1,segunda-feira,14,3,2020-03,Março,1,Q1,1,T1,False
2020-03-31,20200331,2020,91,31,2,terça-feira,14,3,2020-03,Março,1,Q1,1,T1,False
2020-04-01,20200401,2020,92,1,3,quarta-feira,14,4,2020-04,Abril,2,Q2,1,T2,False
2020-04-02,20200402,2020,93,2,4,quinta-feira,14,4,2020-04,Abril,2,Q2,1,T2,False
2020-04-03,20200403,2020,94,3,5,sexta-feira,14,4,2020-04,Abril,2,Q2,1,T2,False
2020-04-04,20200404,2020,95,4,6,sábado,14,4,2020-04,Abril,2,Q2,1,T2,True
2020-04-05,20200405,2020,96,5,7,domingo,14,4,2020-04,Abril,2,Q2,1,T2,True
2020-04-06,20200406,2020,97,6,1,segunda-feira,15,4,2020-04,Abril,2,Q2,1,T2,False
2020-04-07,20200407,2020,98,7,2,terça-feira,15,4,2020-04,Abril,2,Q2,1,T2,False
2020-04-08,20200408,2020,99,8,3,quarta-feira,15,4,2020-04,Abril,2,Q2,1,T2,False
2020-04-09,20200409,2020,100,9,4,quinta-feira,15,4,2020-04,Abril,2,Q2,1,T2,False
2020-04-10,20200410,2020,101,10,5,sexta-feira,15,4,2020-04,Abril,2,Q2,1,T2,False
2020-04-11,20200411,2020,102,11,6,sábado,15,4,2020-04,Abril,2,Q2,1,T2,True
2020-04-12,20200412,2020,103,12,7,domingo,15,4,2020-04,Abril,2,Q2,1,T2,True
2020-04-13,20200413,2020,104,13,1,segunda-feira,16,4,2020-04,Abril,2,Q2,1,T2,False
2020-04-14,20200414,2020,105,14,2,terça-feira,16,4,2020-04,Abril,2,Q2,1,T2,False
2020-04-15,20200415,2020,106,15,3,quarta-feira,16,4,2020-04,Abril,2,Q2,1,T2,False
2020-04-16,20200416,2020,107,16,4,quinta-feira,16,4,2020-04,Abril,2,Q2,1,T2,False
2020-04-17,20200417,2020,108,17,5,sexta-feira,16,4,2020-04,Abril,2,Q2,1,T2,False
2020-04-18,20200418,2020,109,18,6,sábado,16,4,2020-04,Abril,2,Q2,1,T2,True
2020-04-19,20200419,2020,110,19,7,domingo,16,4,2020-04,Abril,2,Q2,1,T2,True
2020-04-20,20200420,2020,111,20,1,segunda-feira,17,4,2020-04,Abril,2,Q2,1,T2,False
2020-04-21,20200421,2020,112,21,2,terça-feira,17,4,2020-04,Abril,2,Q2,1,T2,False
2020-04-22,20200422,2020,113,22,3,quarta-feira,17,4,2020-04,Abril,2,Q2,1,T2,False
2020-04-23,20200423,2020,114,23,4,quinta-feira,17,4,2020-04,Abril,2,Q2,1,T2,False
2020-04-24,20200424,2020,115,24,5,sexta-feira,17,4,2020-04,Abril,2,Q2,1,T2,False
2020-04-25,20200425,2020,116,25,6,sábado,17,4,2020-04,Abril,2,Q2,1,T2,True
2020-04-26,20200426,2020,117,26,7,domingo,17,4,2020-04,Abril,2,Q2,1,T2,True
2020-04-27,20200427,2020,118,27,1,segunda-feira,18,4,2020-04,Abril,2,Q2,1,T2,False
2020-04-28,20200428,2020,119,28,2,terça-feira,18,4,2020-04,Abril,2,Q2,1,T2,False
2020-04-29,20200429,2020,120,29,3,quarta-feira,18,4,2020-04,Abril,2,Q2,1,T2,False
2020-04-30,20200430,2020,121,30,4,quinta-feira,18,4,2020-04,Abril,2,Q2,1,T2,False
2020-05-01,20200501,2020,122,1,5,sexta-feira,18,5,2020-05,Maio,2,Q2,1,T2,False
2020-05-02,20200502,2020,123,2,6,sábado,18,5,2020-05,Maio,2,Q2,1,T2,True
2020-05-03,20200503,2020,124,3,7,domingo,18,5,2020-05,Maio,2,Q2,1,T2,True
2020-05-04,20200504,2020,125,4,1,segunda-feira,19,5,2020-05,Maio,2,Q2,1,T2,False
2020-05-05,20200505,2020,126,5,2,terça-feira,19,5,2020-05,Maio,2,Q2,1,T2,False
2020-05-06,20200506,2020,127,6,3,quarta-feira,19,5,2020-05,Maio,2,Q2,1,T2,False
2020-05-07,20200507,2020,128,7,4,quinta-feira,19,5,2020-05,Maio,2,Q2,1,T2,False
2020-05-08,20200508,2020,129,8,5,sexta-feira,19,5,2020-05,Maio,2,Q2,1,T2,False
2020-05-09,20200509,2020,130,9,6,sábado,19,5,2020-05,Maio,2,Q2,1,T2,True
2020-05-10,20200510,2020,131,10,7,domingo,19,5,2020-05,Maio,2,Q2,1,T2,True
2020-05-11,20200511,2020,132,11,1,segunda-feira,20,5,2020-05,Maio,2,Q2,1,T2,False
2020-05-12,20200512,2020,133,12,2,terça-feira,20,5,2020-05,Maio,2,Q2,1,T2,False
2020-05-13,20200513,2020,134,13,3,quarta-feira,20,5,2020-05,Maio,2,Q2,1,T2,False
2020-05-14,20200514,2020,135,14,4,quinta-feira,20,5,2020-05,Maio,2,Q2,1,T2,False
2020-05-15,20200515,2020,136,15,5,sexta-feira,20,5,2020-05,Maio,2,Q2,1,T2,False
2020-05-16,20200516,2020,137,16,6,sábado,20,5,2020-05,Maio,2,Q2,1,T2,True
2020-05-17,20200517,2020,138,17,7,domingo,20,5,2020-05,Maio,2,Q2,1,T2,True
2020-05-18,20200518,2020,139,18,1,segunda-feira,21,5,2020-05,Maio,2,Q2,1,T2,False
2020-05-19,20200519,2020,140,19,2,terça-feira,21,5,2020-05,Maio,2,Q2,1,T2,False
2020-05-20,20200520,2020,141,20,3,quarta-feira,21,5,2020-05,Maio,2,Q2,1,T2,False
2020-05-21,20200521,2020,142,21,4,quinta-feira,21,5,2020-05,Maio,2,Q2,1,T2,False
2020-05-22,20200522,2020,143,22,5,sexta-feira,21,5,2020-05,Maio,2,Q2,1,T2,False
2020-05-23,20200523,2020,144,23,6,sábado,21,5,2020-05,Maio,2,Q2,1,T2,True
2020-05-24,20200524,2020,145,24,7,domingo,21,5,2020-05,Maio,2,Q2,1,T2,True
2020-05-25,20200525,2020,146,25,1,segunda-feira,22,5,2020-05,Maio,2,Q2,1,T2,False
2020-05-26,20200526,2020,147,26,2,terça-feira,22,5,2020-05,Maio,2,Q2,1,T2,False
2020-05-27,20200527,2020,148,27,3,quarta-feira,22,5,2020-05,Maio,2,Q2,1,T2,False
2020-05-28,20200528,2020,149,28,4,quinta-feira,22,5,2020-05,Maio,2,Q2,1,T2,False
2020-05-29,20200529,2020,150,29,5,sexta-feira,22,5,2020-05,Maio,2,Q2,1,T2,False
2020-05-30,20200530,2020,151,30,6,sábado,22,5,2020-05,Maio,2,Q2,1,T2,True
2020-05-31,20200531,2020,152,31,7,domingo,22,5,2020-05,Maio,2,Q2,1,T2,True
2020-06-01,20200601,2020,153,1,1,segunda-feira,23,6,2020-06,Junho,2,Q2,1,T2,False
2020-06-02,20200602,2020,154,2,2,terça-feira,23,6,2020-06,Junho,2,Q2,1,T2,False
2020-06-03,20200603,2020,155,3,3,quarta-feira,23,6,2020-06,Junho,2,Q2,1,T2,False
2020-06-04,20200604,2020,156,4,4,quinta-feira,23,6,2020-06,Junho,2,Q2,1,T2,False
2020-06-05,20200605,2020,157,5,5,sexta-feira,23,6,2020-06,Junho,2,Q2,1,T2,False
2020-06-06,20200606,2020,158,6,6,sábado,23,6,2020-06,Junho,2,Q2,1,T2,True
2020-06-07,20200607,2020,159,7,7,domingo,23,6,2020-06,Junho,2,Q2,1,T2,True
2020-06-08,20200608,2020,160,8,1,segunda-feira,24,6,2020-06,Junho,2,Q2,1,T2,False
2020-06-09,20200609,2020,161,9,2,terça-feira,24,6,2020-06,Junho,2,Q2,1,T2,False
2020-06-10,20200610,2020,162,10,3,quarta-feira,24,6,2020-06,Junho,2,Q2,1,T2,False
2020-06-11,20200611,2020,163,11,4,quinta-feira,24,6,2020-06,Junho,2,Q2,1,T2,False
2020-06-12,20200612,2020,164,12,5,sexta-feira,24,6,2020-06,Junho,2,Q2,1,T2,False
2020-06-13,20200613,2020,165,13,6,sábado,24,6,2020-06,Junho,2,Q2,1,T2,True
2020-06-14,20200614,2020,166,14,7,domingo,24,6,2020-06,Junho,2,Q2,1,T2,True
2020-06-15,20200615,2020,167,15,1,segunda-feira,25,6,2020-06,Junho,2,Q2,1,T2,False
2020-06-16,20200616,2020,168,16,2,terça-feira,25,6,2020-06,Junho,2,Q2,1,T2,False
2020-06-17,20200617,2020,169,17,3,quarta-feira,25,6,2020-06,Junho,2,Q2,1,T2,False
2020-06-18,20200618,2020,170,18,4,quinta-feira,25,6,2020-06,Junho,2,Q2,1,T2,False
2020-06-19,20200619,2020,171,19,5,sexta-feira,25,6,2020-06,Junho,2,Q2,1,T2,False
2020-06-20,20200620,2020,172,20,6,sábado,25,6,2020-06,Junho,2,Q2,1,T2,True
2020-06-21,20200621,2020,173,21,7,domingo,25,6,2020-06,Junho,2,Q2,1,T2,True
2020-06-22,20200622,2020,174,22,1,segunda-feira,26,6,2020-06,Junho,2,Q2,1,T2,False
2020-06-23,20200623,2020,175,23,2,terça-feira,26,6,2020-06,Junho,2,Q2,1,T2,False
2020-06-24,20200624,2020,176,24,3,quarta-feira,26,6,2020-06,Junho,2,Q2,1,T2,False
2020-06-25,20200625,2020,177,25,4,quinta-feira,26,6,2020-06,Junho,2,Q2,1,T2,False
2020-06-26,20200626,2020,178,26,5,sexta-feira,26,6,2020-06,Junho,2,Q2,1,T2,False
2020-06-27,20200627,2020,179,27,6,sábado,26,6,2020-06,Junho,2,Q2,1,T2,True
2020-06-28,20200628,2020,180,28,7,domingo,26,6,2020-06,Junho,2,Q2,1,T2,True
2020-06-29,20200629,2020,181,29,1,segunda-feira,27,6,2020-06,Junho,2,Q2,1,T2,False
2020-06-30,20200630,2020,182,30,2,terça-feira,27,6,2020-06,Junho,2,Q2,1,T2,False
2020-07-01,20200701,2020,183,1,3,quarta-feira,27,7,2020-07,Julho,3,Q3,2,T3,False
2020-07-02,20200702,2020,184,2,4,quinta-feira,27,7,2020-07,Julho,3,Q3,2,T3,False
2020-07-03,20200703,2020,185,3,5,sexta-feira,27,7,2020-07,Julho,3,Q3,2,T3,False
2020-07-04,20200704,2020,186,4,6,sábado,27,7,2020-07,Julho,3,Q3,2,T3,True
2020-07-05,20200705,2020,187,5,7,domingo,27,7,2020-07,Julho,3,Q3,2,T3,True
2020-07-06,20200706,2020,188,6,1,segunda-feira,28,7,2020-07,Julho,3,Q3,2,T3,False
2020-07-07,20200707,2020,189,7,2,terça-feira,28,7,2020-07,Julho,3,Q3,2,T3,False
2020-07-08,20200708,2020,190,8,3,quarta-feira,28,7,2020-07,Julho,3,Q3,2,T3,False
2020-07-09,20200709,2020,191,9,4,quinta-feira,28,7,2020-07,Julho,3,Q3,2,T3,False
2020-07-10,20200710,2020,192,10,5,sexta-feira,28,7,2020-07,Julho,3,Q3,2,T3,False
2020-07-11,20200711,2020,193,11,6,sábado,28,7,2020-07,Julho,3,Q3,2,T3,True
2020-07-12,20200712,2020,194,12,7,domingo,28,7,2020-07,Julho,3,Q3,2,T3,True
2020-07-13,20200713,2020,195,13,1,segunda-feira,29,7,2020-07,Julho,3,Q3,2,T3,False
2020-07-14,20200714,2020,196,14,2,terça-feira,29,7,2020-07,Julho,3,Q3,2,T3,False
2020-07-15,20200715,2020,197,15,3,quarta-feira,29,7,2020-07,Julho,3,Q3,2,T3,False
2020-07-16,20200716,2020,198,16,4,quinta-feira,29,7,2020-07,Julho,3,Q3,2,T3,False
2020-07-17,20200717,2020,199,17,5,sexta-feira,29,7,2020-07,Julho,3,Q3,2,T3,False
2020-07-18,20200718,2020,200,18,6,sábado,29,7,2020-07,Julho,3,Q3,2,T3,True
2020-07-19,20200719,2020,201,19,7,domingo,29,7,2020-07,Julho,3,Q3,2,T3,True
2020-07-20,20200720,2020,202,20,1,segunda-feira,30,7,2020-07,Julho,3,Q3,2,T3,False
2020-07-21,20200721,2020,203,21,2,terça-feira,30,7,2020-07,Julho,3,Q3,2,T3,False
2020-07-22,20200722,2020,204,22,3,quarta-feira,30,7,2020-07,Julho,3,Q3,2,T3,False
2020-07-23,20200723,2020,205,23,4,quinta-feira,30,7,2020-07,Julho,3,Q3,2,T3,False
2020-07-24,20200724,2020,206,24,5,sexta-feira,30,7,2020-07,Julho,3,Q3,2,T3,False
2020-07-25,20200725,2020,207,25,6,sábado,30,7,2020-07,Julho,3,Q3,2,T3,True
2020-07-26,20200726,2020,208,26,7,domingo,30,7,2020-07,Julho,3,Q3,2,T3,True
2020-07-27,20200727,2020,209,27,1,segunda-feira,31,7,2020-07,Julho,3,Q3,2,T3,False
2020-07-28,20200728,2020,210,28,2,terça-feira,31,7,2020-07,Julho,3,Q3,2,T3,False
2020-07-29,20200729,2020,211,29,3,quarta-feira,31,7,2020-07,Julho,3,Q3,2,T3,False
2020-07-30,20200730,2020,212,30,4,quinta-feira,31,7,2020-07,Julho,3,Q3,2,T3,False
2020-07-31,20200731,2020,213,31,5,sexta-feira,31,7,2020-07,Julho,3,Q3,2,T3,False
2020-08-01,20200801,2020,214,1,6,sábado,31,8,2020-08,Agosto,3,Q3,2,T3,True
2020-08-02,20200802,2020,215,2,7,domingo,31,8,2020-08,Agosto,3,Q3,2,T3,True
2020-08-03,20200803,2020,216,3,1,segunda-feira,32,8,2020-08,Agosto,3,Q3,2,T3,False
2020-08-04,20200804,2020,217,4,2,terça-feira,32,8,2020-08,Agosto,3,Q3,2,T3,False
2020-08-05,20200805,2020,218,5,3,quarta-feira,32,8,2020-08,Agosto,3,Q3,2,T3,False
2020-08-06,20200806,2020,219,6,4,quinta-feira,32,8,2020-08,Agosto,3,Q3,2,T3,False
2020-08-07,20200807,2020,220,7,5,sexta-feira,32,8,2020-08,Agosto,3,Q3,2,T3,False
2020-08-08,20200808,2020,221,8,6,sábado,32,8,2020-08,Agosto,3,Q3,2,T3,True
2020-08-09,20200809,2020,222,9,7,domingo,32,8,2020-08,Agosto,3,Q3,2,T3,True
2020-08-10,20200810,2020,223,10,1,segunda-feira,33,8,2020-08,Agosto,3,Q3,2,T3,False
2020-08-11,20200811,2020,224,11,2,terça-feira,33,8,2020-08,Agosto,3,Q3,2,T3,False
2020-08-12,20200812,2020,225,12,3,quarta-feira,33,8,2020-08,Agosto,3,Q3,2,T3,False
2020-08-13,20200813,2020,226,13,4,quinta-feira,33,8,2020-08,Agosto,3,Q3,2,T3,False
2020-08-14,20200814,2020,227,14,5,sexta-feira,33,8,2020-08,Agosto,3,Q3,2,T3,False
2020-08-15,20200815,2020,228,15,6,sábado,33,8,2020-08,Agosto,3,Q3,2,T3,True
2020-08-16,20200816,2020,229,16,7,domingo,33,8,2020-08,Agosto,3,Q3,2,T3,True
2020-08-17,20200817,2020,230,17,1,segunda-feira,34,8,2020-08,Agosto,3,Q3,2,T3,False
2020-08-18,20200818,2020,231,18,2,terça-feira,34,8,2020-08,Agosto,3,Q3,2,T3,False
2020-08-19,20200819,2020,232,19,3,quarta-feira,34,8,2020-08,Agosto,3,Q3,2,T3,False
2020-08-20,20200820,2020,233,20,4,quinta-feira,34,8,2020-08,Agosto,3,Q3,2,T3,False
2020-08-21,20200821,2020,234,21,5,sexta-feira,34,8,2020-08,Agosto,3,Q3,2,T3,False
2020-08-22,20200822,2020,235,22,6,sábado,34,8,2020-08,Agosto,3,Q3,2,T3,True
2020-08-23,20200823,2020,236,23,7,domingo,34,8,2020-08,Agosto,3,Q3,2,T3,True
2020-08-24,20200824,2020,237,24,1,segunda-feira,35,8,2020-08,Agosto,3,Q3,2,T3,False
2020-08-25,20200825,2020,238,25,2,terça-feira,35,8,2020-08,Agosto,3,Q3,2,T3,False
2020-08-26,20200826,2020,239,26,3,quarta-feira,35,8,2020-08,Agosto,3,Q3,2,T3,False
2020-08-27,20200827,2020,240,27,4,quinta-feira,35,8,2020-08,Agosto,3,Q3,2,T3,False
2020-08-28,20200828,2020,241,28,5,sexta-feira,35,8,2020-08,Agosto,3,Q3,2,T3,False
2020-08-29,20200829,2020,242,29,6,sábado,35,8,2020-08,Agosto,3,Q3,2,T3,True
2020-08-30,20200830,2020,243,30,7,domingo,35,8,2020-08,Agosto,3,Q3,2,T3,True
2020-08-31,20200831,2020,244,31,1,segunda-feira,36,8,2020-08,Agosto,3,Q3,2,T3,False
2020-09-01,20200901,2020,245,1,2,terça-feira,36,9,2020-09,Setembro,3,Q3,2,T3,False
2020-09-02,20200902,2020,246,2,3,quarta-feira,36,9,2020-09,Setembro,3,Q3,2,T3,False
2020-09-03,20200903,2020,247,3,4,quinta-feira,36,9,2020-09,Setembro,3,Q3,2,T3,False
2020-09-04,20200904,2020,248,4,5,sexta-feira,36,9,2020-09,Setembro,3,Q3,2,T3,False
2020-09-05,20200905,2020,249,5,6,sábado,36,9,2020-09,Setembro,3,Q3,2,T3,True
2020-09-06,20200906,2020,250,6,7,domingo,36,9,2020-09,Setembro,3,Q3,2,T3,True
2020-09-07,20200907,2020,251,7,1,segunda-feira,37,9,2020-09,Setembro,3,Q3,2,T3,False
2020-09-08,20200908,2020,252,8,2,terça-feira,37,9,2020-09,Setembro,3,Q3,2,T3,False
2020-09-09,20200909,2020,253,9,3,quarta-feira,37,9,2020-09,Setembro,3,Q3,2,T3,False
2020-09-10,20200910,2020,254,10,4,quinta-feira,37,9,2020-09,Setembro,3,Q3,2,T3,False
2020-09-11,20200911,2020,255,11,5,sexta-feira,37,9,2020-09,Setembro,3,Q3,2,T3,False
2020-09-12,20200912,2020,256,12,6,sábado,37,9,2020-09,Setembro,3,Q3,2,T3,True
2020-09-13,20200913,2020,257,13,7,domingo,37,9,2020-09,Setembro,3,Q3,2,T3,True
2020-09-14,20200914,2020,258,14,1,segunda-feira,38,9,2020-09,Setembro,3,Q3,2,T3,False
2020-09-15,20200915,2020,259,15,2,terça-feira,38,9,2020-09,Setembro,3,Q3,2,T3,False
2020-09-16,20200916,2020,260,16,3,quarta-feira,38,9,2020-09,Setembro,3,Q3,2,T3,False
2020-09-17,20200917,2020,261,17,4,quinta-feira,38,9,2020-09,Setembro,3,Q3,2,T3,False
2020-09-18,20200918,2020,262,18,5,sexta-feira,38,9,2020-09,Setembro,3,Q3,2,T3,False
2020-09-19,20200919,2020,263,19,6,sábado,38,9,2020-09,Setembro,3,Q3,2,T3,True
2020-09-20,20200920,2020,264,20,7,domingo,38,9,2020-09,Setembro,3,Q3,2,T3,True
2020-09-21,20200921,2020,265,21,1,segunda-feira,39,9,2020-09,Setembro,3,Q3,2,T3,False
2020-09-22,20200922,2020,266,22,2,terça-feira,39,9,2020-09,Setembro,3,Q3,2,T3,False
2020-09-23,20200923,2020,267,23,3,quarta-feira,39,9,2020-09,Setembro,3,Q3,2,T3,False
2020-09-24,20200924,2020,268,24,4,quinta-feira,39,9,2020-09,Setembro,3,Q3,2,T3,False
2020-09-25,20200925,2020,269,25,5,sexta-feira,39,9,2020-09,Setembro,3,Q3,2,T3,False
2020-09-26,20200926,2020,270,26,6,sábado,39,9,2020-09,Setembro,3,Q3,2,T3,True
2020-09-27,20200927,2020,271,27,7,domingo,39,9,2020-09,Setembro,3,Q3,2,T3,True
2020-09-28,20200928,2020,272,28,1,segunda-feira,40,9,2020-09,Setembro,3,Q3,2,T3,False
2020-09-29,20200929,2020,273,29,2,terça-feira,40,9,2020-09,Setembro,3,Q3,2,T3,False
2020-09-30,20200930,2020,274,30,3,quarta-feira,40,9,2020-09,Setembro,3,Q3,2,T3,False
2020-10-01,20201001,2020,275,1,4,quinta-feira,40,10,2020-10,Outubro,4,Q4,2,T4,False
2020-10-02,20201002,2020,276,2,5,sexta-feira,40,10,2020-10,Outubro,4,Q4,2,T4,False
2020-10-03,20201003,2020,277,3,6,sábado,40,10,2020-10,Outubro,4,Q4,2,T4,True
2020-10-04,20201004,2020,278,4,7,domingo,40,10,2020-10,Outubro,4,Q4,2,T4,True
2020-10-05,20201005,2020,279,5,1,segunda-feira,41,10,2020-10,Outubro,4,Q4,2,T4,False
2020-10-06,20201006,2020,280,6,2,terça-feira,41,10,2020-10,Outubro,4,Q4,2,T4,False
2020-10-07,20201007,2020,281,7,3,quarta-feira,41,10,2020-10,Outubro,4,Q4,2,T4,False
2020-10-08,20201008,2020,282,8,4,quinta-feira,41,10,2020-10,Outubro,4,Q4,2,T4,False
2020-10-09,20201009,2020,283,9,5,sexta-feira,41,10,2020-10,Outubro,4,Q4,2,T4,False
2020-10-10,20201010,2020,284,10,6,sábado,41,10,2020-10,Outubro,4,Q4,2,T4,True
2020-10-11,20201011,2020,285,11,7,domingo,41,10,2020-10,Outubro,4,Q4,2,T4,True
2020-10-12,20201012,2020,286,12,1,segunda-feira,42,10,2020-10,Outubro,4,Q4,2,T4,False
2020-10-13,20201013,2020,287,13,2,terça-feira,42,10,2020-10,Outubro,4,Q4,2,T4,False
2020-10-14,20201014,2020,288,14,3,quarta-feira,42,10,2020-10,Outubro,4,Q4,2,T4,False
2020-10-15,20201015,2020,289,15,4,quinta-feira,42,10,2020-10,Outubro,4,Q4,2,T4,False
2020-10-16,20201016,2020,290,16,5,sexta-feira,42,10,2020-10,Outubro,4,Q4,2,T4,False
2020-10-17,20201017,2020,291,17,6,sábado,42,10,2020-10,Outubro,4,Q4,2,T4,True
2020-10-18,20201018,2020,292,18,7,domingo,42,10,2020-10,Outubro,4,Q4,2,T4,True
2020-10-19,20201019,2020,293,19,1,segunda-feira,43,10,2020-10,Outubro,4,Q4,2,T4,False
2020-10-20,20201020,2020,294,20,2,terça-feira,43,10,2020-10,Outubro,4,Q4,2,T4,False
2020-10-21,20201021,2020,295,21,3,quarta-feira,43,10,2020-10,Outubro,4,Q4,2,T4,False
2020-10-22,20201022,2020,296,22,4,quinta-feira,43,10,2020-10,Outubro,4,Q4,2,T4,False
2020-10-23,20201023,2020,297,23,5,sexta-feira,43,10,2020-10,Outubro,4,Q4,2,T4,False
2020-10-24,20201024,2020,298,24,6,sábado,43,10,2020-10,Outubro,4,Q4,2,T4,True
2020-10-25,20201025,2020,299,25,7,domingo,43,10,2020-10,Outubro,4,Q4,2,T4,True
2020-10-26,20201026,2020,300,26,1,segunda-feira,44,10,2020-10,Outubro,4,Q4,2,T4,False
2020-10-27,20201027,2020,301,27,2,terça-feira,44,10,2020-10,Outubro,4,Q4,2,T4,False
2020-10-28,20201028,2020,302,28,3,quarta-feira,44,10,2020-10,Outubro,4,Q4,2,T4,False
2020-10-29,20201029,2020,303,29,4,quinta-feira,44,10,2020-10,Outubro,4,Q4,2,T4,False
2020-10-30,20201030,2020,304,30,5,sexta-feira,44,10,2020-10,Outubro,4,Q4,2,T4,False
2020-10-31,20201031,2020,305,31,6,sábado,44,10,2020-10,Outubro,4,Q4,2,T4,True
2020-11-01,20201101,2020,306,1,7,domingo,44,11,2020-11,Novembro,4,Q4,2,T4,True
2020-11-02,20201102,2020,307,2,1,segunda-feira,45,11,2020-11,Novembro,4,Q4,2,T4,False
2020-11-03,20201103,2020,308,3,2,terça-feira,45,11,2020-11,Novembro,4,Q4,2,T4,False
2020-11-04,20201104,2020,309,4,3,quarta-feira,45,11,2020-11,Novembro,4,Q4,2,T4,False
2020-11-05,20201105,2020,310,5,4,quinta-feira,45,11,2020-11,Novembro,4,Q4,2,T4,False
2020-11-06,20201106,2020,311,6,5,sexta-feira,45,11,2020-11,Novembro,4,Q4,2,T4,False
2020-11-07,20201107,2020,312,7,6,sábado,45,11,2020-11,Novembro,4,Q4,2,T4,True
2020-11-08,20201108,2020,313,8,7,domingo,45,11,2020-11,Novembro,4,Q4,2,T4,True
2020-11-09,20201109,2020,314,9,1,segunda-feira,46,11,2020-11,Novembro,4,Q4,2,T4,False
2020-11-10,20201110,2020,315,10,2,terça-feira,46,11,2020-11,Novembro,4,Q4,2,T4,False
2020-11-11,20201111,2020,316,11,3,quarta-feira,46,11,2020-11,Novembro,4,Q4,2,T4,False
2020-11-12,20201112,2020,317,12,4,quinta-feira,46,11,2020-11,Novembro,4,Q4,2,T4,False
2020-11-13,20201113,2020,318,13,5,sexta-feira,46,11,2020-11,Novembro,4,Q4,2,T4,False
2020-11-14,20201114,2020,319,14,6,sábado,46,11,2020-11,Novembro,4,Q4,2,T4,True
2020-11-15,20201115,2020,320,15,7,domingo,46,11,2020-11,Novembro,4,Q4,2,T4,True
2020-11-16,20201116,2020,321,16,1,segunda-feira,47,11,2020-11,Novembro,4,Q4,2,T4,False
2020-11-17,20201117,2020,322,17,2,terça-feira,47,11,2020-11,Novembro,4,Q4,2,T4,False
2020-11-18,20201118,2020,323,18,3,quarta-feira,47,11,2020-11,Novembro,4,Q4,2,T4,False
2020-11-19,20201119,2020,324,19,4,quinta-feira,47,11,2020-11,Novembro,4,Q4,2,T4,False
2020-11-20,20201120,2020,325,20,5,sexta-feira,47,11,2020-11,Novembro,4,Q4,2,T4,False
2020-11-21,20201121,2020,326,21,6,sábado,47,11,2020-11,Novembro,4,Q4,2,T4,True
2020-11-22,20201122,2020,327,22,7,domingo,47,11,2020-11,Novembro,4,Q4,2,T4,True
2020-11-23,20201123,2020,328,23,1,segunda-feira,48,11,2020-11,Novembro,4,Q4,2,T4,False
2020-11-24,20201124,2020,329,24,2,terça-feira,48,11,2020-11,Novembro,4,Q4,2,T4,False
2020-11-25,20201125,2020,330,25,3,quarta-feira,48,11,2020-11,Novembro,4,Q4,2,T4,False
2020-11-26,20201126,2020,331,26,4,quinta-feira,48,11,2020-11,Novembro,4,Q4,2,T4,False
2020-11-27,20201127,2020,332,27,5,sexta-feira,48,11,2020-11,Novembro,4,Q4,2,T4,False
2020-11-28,20201128,2020,333,28,6,sábado,48,11,2020-11,Novembro,4,Q4,2,T4,True
2020-11-29,20201129,2020,334,29,7,domingo,48,11,2020-11,Novembro,4,Q4,2,T4,True
2020-11-30,20201130,2020,335,30,1,segunda-feira,49,11,2020-11,Novembro,4,Q4,2,T4,False
2020-12-01,20201201,2020,336,1,2,terça-feira,49,12,2020-12,Dezembro,4,Q4,2,T4,False
2020-12-02,20201202,2020,337,2,3,quarta-feira,49,12,2020-12,Dezembro,4,Q4,2,T4,False
2020-12-03,20201203,2020,338,3,4,quinta-feira,49,12,2020-12,Dezembro,4,Q4,2,T4,False
2020-12-04,20201204,2020,339,4,5,sexta-feira,49,12,2020-12,Dezembro,4,Q4,2,T4,False
2020-12-05,20201205,2020,340,5,6,sábado,49,12,2020-12,Dezembro,4,Q4,2,T4,True
2020-12-06,20201206,2020,341,6,7,domingo,49,12,2020-12,Dezembro,4,Q4,2,T4,True
2020-12-07,20201207,2020,342,7,1,segunda-feira,50,12,2020-12,Dezembro,4,Q4,2,T4,False
2020-12-08,20201208,2020,343,8,2,terça-feira,50,12,2020-12,Dezembro,4,Q4,2,T4,False
2020-12-09,20201209,2020,344,9,3,quarta-feira,50,12,2020-12,Dezembro,4,Q4,2,T4,False
2020-12-10,20201210,2020,345,10,4,quinta-feira,50,12,2020-12,Dezembro,4,Q4,2,T4,False
2020-12-11,20201211,2020,346,11,5,sexta-feira,50,12,2020-12,Dezembro,4,Q4,2,T4,False
2020-12-12,20201212,2020,347,12,6,sábado,50,12,2020-12,Dezembro,4,Q4,2,T4,True
2020-12-13,20201213,2020,348,13,7,domingo,50,12,2020-12,Dezembro,4,Q4,2,T4,True
2020-12-14,20201214,2020,349,14,1,segunda-feira,51,12,2020-12,Dezembro,4,Q4,2,T4,False
2020-12-15,20201215,2020,350,15,2,terça-feira,51,12,2020-12,Dezembro,4,Q4,2,T4,False
2020-12-16,20201216,2020,351,16,3,quarta-feira,51,12,2020-12,Dezembro,4,Q4,2,T4,False
2020-12-17,20201217,2020,352,17,4,quinta-feira,51,12,2020-12,Dezembro,4,Q4,2,T4,False
2020-12-18,20201218,2020,353,18,5,sexta-feira,51,12,2020-12,Dezembro,4,Q4,2,T4,False
2020-12-19,20201219,2020,354,19,6,sábado,51,12,2020-12,Dezembro,4,Q4,2,T4,True
2020-12-20,20201220,2020,355,20,7,domingo,51,12,2020-12,Dezembro,4,Q4,2,T4,True
2020-12-21,20201221,2020,356,21,1,segunda-feira,52,12,2020-12,Dezembro,4,Q4,2,T4,False
2020-12-22,20201222,2020,357,22,2,terça-feira,52,12,2020-12,Dezembro,4,Q4,2,T4,False
2020-12-23,20201223,2020,358,23,3,quarta-feira,52,12,2020-12,Dezembro,4,Q4,2,T4,False
2020-12-24,20201224,2020,359,24,4,quinta-feira,52,12,2020-12,Dezembro,4,Q4,2,T4,False
2020-12-25,20201225,2020,360,25,5,sexta-feira,52,12,2020-12,Dezembro,4,Q4,2,T4,False
2020-12-26,20201226,2020,361,26,6,sábado,52,12,2020-12,Dezembro,4,Q4,2,T4,True
2020-12-27,20201227,2020,362,27,7,domingo,52,12,2020-12,Dezembro,4,Q4,2,T4,True
2020-12-28,20201228,2020,363,28,1,segunda-feira,53,12,2020-12,Dezembro,4,Q4,2,T4,False
2020-12-29,20201229,2020,364,29,2,terça-feira,53,12,2020-12,Dezembro,4,Q4,2,T4,False
2020-12-30,20201230,2020,365,30,3,quarta-feira,53,12,2020-12,Dezembro,4,Q4,2,T4,False
2020-12-31,20201231,2020,366,31,4,quinta-feira,53,12,2020-12,Dezembro,4,Q4,2,T4,False
2021-01-01,20210101,2021,1,1,5,sexta-feira,53,1,2021-01,Janeiro,1,Q1,1,T1,False
2021-01-02,20210102,2021,2,2,6,sábado,53,1,2021-01,Janeiro,1,Q1,1,T1,True
2021-01-03,20210103,2021,3,3,7,domingo,53,1,2021-01,Janeiro,1,Q1,1,T1,True
2021-01-04,20210104,2021,4,4,1,segunda-feira,1,1,2021-01,Janeiro,1,Q1,1,T1,False
2021-01-05,20210105,2021,5,5,2,terça-feira,1,1,2021-01,Janeiro,1,Q1,1,T1,False
2021-01-06,20210106,2021,6,6,3,quarta-feira,1,1,2021-01,Janeiro,1,Q1,1,T1,False
2021-01-07,20210107,2021,7,7,4,quinta-feira,1,1,2021-01,Janeiro,1,Q1,1,T1,False
2021-01-08,20210108,2021,8,8,5,sexta-feira,1,1,2021-01,Janeiro,1,Q1,1,T1,False
2021-01-09,20210109,2021,9,9,6,sábado,1,1,2021-01,Janeiro,1,Q1,1,T1,True
2021-01-10,20210110,2021,10,10,7,domingo,1,1,2021-01,Janeiro,1,Q1,1,T1,True
2021-01-11,20210111,2021,11,11,1,segunda-feira,2,1,2021-01,Janeiro,1,Q1,1,T1,False
2021-01-12,20210112,2021,12,12,2,terça-feira,2,1,2021-01,Janeiro,1,Q1,1,T1,False
2021-01-13,20210113,2021,13,13,3,quarta-feira,2,1,2021-01,Janeiro,1,Q1,1,T1,False
2021-01-14,20210114,2021,14,14,4,quinta-feira,2,1,2021-01,Janeiro,1,Q1,1,T1,False
2021-01-15,20210115,2021,15,15,5,sexta-feira,2,1,2021-01,Janeiro,1,Q1,1,T1,False
2021-01-16,20210116,2021,16,16,6,sábado,2,1,2021-01,Janeiro,1,Q1,1,T1,True
2021-01-17,20210117,2021,17,17,7,domingo,2,1,2021-01,Janeiro,1,Q1,1,T1,True
2021-01-18,20210118,2021,18,18,1,segunda-feira,3,1,2021-01,Janeiro,1,Q1,1,T1,False
2021-01-19,20210119,2021,19,19,2,terça-feira,3,1,2021-01,Janeiro,1,Q1,1,T1,False
2021-01-20,20210120,2021,20,20,3,quarta-feira,3,1,2021-01,Janeiro,1,Q1,1,T1,False
2021-01-21,20210121,2021,21,21,4,quinta-feira,3,1,2021-01,Janeiro,1,Q1,1,T1,False
2021-01-22,20210122,2021,22,22,5,sexta-feira,3,1,2021-01,Janeiro,1,Q1,1,T1,False
2021-01-23,20210123,2021,23,23,6,sábado,3,1,2021-01,Janeiro,1,Q1,1,T1,True
2021-01-24,20210124,2021,24,24,7,domingo,3,1,2021-01,Janeiro,1,Q1,1,T1,True
2021-01-25,20210125,2021,25,25,1,segunda-feira,4,1,2021-01,Janeiro,1,Q1,1,T1,False
2021-01-26,20210126,2021,26,26,2,terça-feira,4,1,2021-01,Janeiro,1,Q1,1,T1,False
2021-01-27,20210127,2021,27,27,3,quarta-feira,4,1,2021-01,Janeiro,1,Q1,1,T1,False
2021-01-28,20210128,2021,28,28,4,quinta-feira,4,1,2021-01,Janeiro,1,Q1,1,T1,False
2021-01-29,20210129,2021,29,29,5,sexta-feira,4,1,2021-01,Janeiro,1,Q1,1,T1,False
2021-01-30,20210130,2021,30,30,6,sábado,4,1,2021-01,Janeiro,1,Q1,1,T1,True
2021-01-31,20210131,2021,31,31,7,domingo,4,1,2021-01,Janeiro,1,Q1,1,T1,True
2021-02-01,20210201,2021,32,1,1,segunda-feira,5,2,2021-02,Fevereiro,1,Q1,1,T1,False
2021-02-02,20210202,2021,33,2,2,terça-feira,5,2,2021-02,Fevereiro,1,Q1,1,T1,False
2021-02-03,20210203,2021,34,3,3,quarta-feira,5,2,2021-02,Fevereiro,1,Q1,1,T1,False
2021-02-04,20210204,2021,35,4,4,quinta-feira,5,2,2021-02,Fevereiro,1,Q1,1,T1,False
2021-02-05,20210205,2021,36,5,5,sexta-feira,5,2,2021-02,Fevereiro,1,Q1,1,T1,False
2021-02-06,20210206,2021,37,6,6,sábado,5,2,2021-02,Fevereiro,1,Q1,1,T1,True
2021-02-07,20210207,2021,38,7,7,domingo,5,2,2021-02,Fevereiro,1,Q1,1,T1,True
2021-02-08,20210208,2021,39,8,1,segunda-feira,6,2,2021-02,Fevereiro,1,Q1,1,T1,False
2021-02-09,20210209,2021,40,9,2,terça-feira,6,2,2021-02,Fevereiro,1,Q1,1,T1,False
2021-02-10,20210210,2021,41,10,3,quarta-feira,6,2,2021-02,Fevereiro,1,Q1,1,T1,False
2021-02-11,20210211,2021,42,11,4,quinta-feira,6,2,2021-02,Fevereiro,1,Q1,1,T1,False
2021-02-12,20210212,2021,43,12,5,sexta-feira,6,2,2021-02,Fevereiro,1,Q1,1,T1,False
2021-02-13,20210213,2021,44,13,6,sábado,6,2,2021-02,Fevereiro,1,Q1,1,T1,True
2021-02-14,20210214,2021,45,14,7,domingo,6,2,2021-02,Fevereiro,1,Q1,1,T1,True
2021-02-15,20210215,2021,46,15,1,segunda-feira,7,2,2021-02,Fevereiro,1,Q1,1,T1,False
2021-02-16,20210216,2021,47,16,2,terça-feira,7,2,2021-02,Fevereiro,1,Q1,1,T1,False
2021-02-17,20210217,2021,48,17,3,quarta-feira,7,2,2021-02,Fevereiro,1,Q1,1,T1,False
2021-02-18,20210218,2021,49,18,4,quinta-feira,7,2,2021-02,Fevereiro,1,Q1,1,T1,False
2021-02-19,20210219,2021,50,19,5,sexta-feira,7,2,2021-02,Fevereiro,1,Q1,1,T1,False
2021-02-20,20210220,2021,51,20,6,sábado,7,2,2021-02,Fevereiro,1,Q1,1,T1,True
2021-02-21,20210221,2021,52,21,7,domingo,7,2,2021-02,Fevereiro,1,Q1,1,T1,True
2021-02-22,20210222,2021,53,22,1,segunda-feira,8,2,2021-02,Fevereiro,1,Q1,1,T1,False
2021-02-23,20210223,2021,54,23,2,terça-feira,8,2,2021-02,Fevereiro,1,Q1,1,T1,False
2021-02-24,20210224,2021,55,24,3,quarta-feira,8,2,2021-02,Fevereiro,1,Q1,1,T1,False
2021-02-25,20210225,2021,56,25,4,quinta-feira,8,2,2021-02,Fevereiro,1,Q1,1,T1,False
2021-02-26,20210226,2021,57,26,5,sexta-feira,8,2,2021-02,Fevereiro,1,Q1,1,T1,False
2021-02-27,20210227,2021,58,27,6,sábado,8,2,2021-02,Fevereiro,1,Q1,1,T1,True
2021-02-28,20210228,2021,59,28,7,domingo,8,2,2021-02,Fevereiro,1,Q1,1,T1,True
2021-03-01,20210301,2021,60,1,1,segunda-feira,9,3,2021-03,Março,1,Q1,1,T1,False
2021-03-02,20210302,2021,61,2,2,terça-feira,9,3,2021-03,Março,1,Q1,1,T1,False
2021-03-03,20210303,2021,62,3,3,quarta-feira,9,3,2021-03,Março,1,Q1,1,T1,False
2021-03-04,20210304,2021,63,4,4,quinta-feira,9,3,2021-03,Março,1,Q1,1,T1,False
2021-03-05,20210305,2021,64,5,5,sexta-feira,9,3,2021-03,Março,1,Q1,1,T1,False
2021-03-06,20210306,2021,65,6,6,sábado,9,3,2021-03,Março,1,Q1,1,T1,True
2021-03-07,20210307,2021,66,7,7,domingo,9,3,2021-03,Março,1,Q1,1,T1,True
2021-03-08,20210308,2021,67,8,1,segunda-feira,10,3,2021-03,Março,1,Q1,1,T1,False
2021-03-09,20210309,2021,68,9,2,terça-feira,10,3,2021-03,Março,1,Q1,1,T1,False
2021-03-10,20210310,2021,69,10,3,quarta-feira,10,3,2021-03,Março,1,Q1,1,T1,False
2021-03-11,20210311,2021,70,11,4,quinta-feira,10,3,2021-03,Março,1,Q1,1,T1,False
2021-03-12,20210312,2021,71,12,5,sexta-feira,10,3,2021-03,Março,1,Q1,1,T1,False
2021-03-13,20210313,2021,72,13,6,sábado,10,3,2021-03,Março,1,Q1,1,T1,True
2021-03-14,20210314,2021,73,14,7,domingo,10,3,2021-03,Março,1,Q1,1,T1,True
2021-03-15,20210315,2021,74,15,1,segunda-feira,11,3,2021-03,Março,1,Q1,1,T1,False
2021-03-16,20210316,2021,75,16,2,terça-feira,11,3,2021-03,Março,1,Q1,1,T1,False
2021-03-17,20210317,2021,76,17,3,quarta-feira,11,3,2021-03,Março,1,Q1,1,T1,False
2021-03-18,20210318,2021,77,18,4,quinta-feira,11,3,2021-03,Março,1,Q1,1,T1,False
2021-03-19,20210319,2021,78,19,5,sexta-feira,11,3,2021-03,Março,1,Q1,1,T1,False
2021-03-20,20210320,2021,79,20,6,sábado,11,3,2021-03,Março,1,Q1,1,T1,True
2021-03-21,20210321,2021,80,21,7,domingo,11,3,2021-03,Março,1,Q1,1,T1,True
2021-03-22,20210322,2021,81,22,1,segunda-feira,12,3,2021-03,Março,1,Q1,1,T1,False
2021-03-23,20210323,2021,82,23,2,terça-feira,12,3,2021-03,Março,1,Q1,1,T1,False
2021-03-24,20210324,2021,83,24,3,quarta-feira,12,3,2021-03,Março,1,Q1,1,T1,False
2021-03-25,20210325,2021,84,25,4,quinta-feira,12,3,2021-03,Março,1,Q1,1,T1,False
2021-03-26,20210326,2021,85,26,5,sexta-feira,12,3,2021-03,Março,1,Q1,1,T1,False
2021-03-27,20210327,2021,86,27,6,sábado,12,3,2021-03,Março,1,Q1,1,T1,True
2021-03-28,20210328,2021,87,28,7,domingo,12,3,2021-03,Março,1,Q1,1,T1,True
2021-03-29,20210329,2021,88,29,1,segunda-feira,13,3,2021-03,Março,1,Q1,1,T1,False
2021-03-30,20210330,2021,89,30,2,terça-feira,13,3,2021-03,Março,1,Q1,1,T1,False
2021-03-31,20210331,2021,90,31,3,quarta-feira,13,3,2021-03,Março,1,Q1,1,T1,False
2021-04-01,20210401,2021,91,1,4,quinta-feira,13,4,2021-04,Abril,2,Q2,1,T2,False
2021-04-02,20210402,2021,92,2,5,sexta-feira,13,4,2021-04,Abril,2,Q2,1,T2,False
2021-04-03,20210403,2021,93,3,6,sábado,13,4,2021-04,Abril,2,Q2,1,T2,True
2021-04-04,20210404,2021,94,4,7,domingo,13,4,2021-04,Abril,2,Q2,1,T2,True
2021-04-05,20210405,2021,95,5,1,segunda-feira,14,4,2021-04,Abril,2,Q2,1,T2,False
2021-04-06,20210406,2021,96,6,2,terça-feira,14,4,2021-04,Abril,2,Q2,1,T2,False
2021-04-07,20210407,2021,97,7,3,quarta-feira,14,4,2021-04,Abril,2,Q2,1,T2,False
2021-04-08,20210408,2021,98,8,4,quinta-feira,14,4,2021-04,Abril,2,Q2,1,T2,False
2021-04-09,20210409,2021,99,9,5,sexta-feira,14,4,2021-04,Abril,2,Q2,1,T2,False
2021-04-10,20210410,2021,100,10,6,sábado,14,4,2021-04,Abril,2,Q2,1,T2,True
2021-04-11,20210411,2021,101,11,7,domingo,14,4,2021-04,Abril,2,Q2,1,T2,True
2021-04-12,20210412,2021,102,12,1,segunda-feira,15,4,2021-04,Abril,2,Q2,1,T2,False
2021-04-13,20210413,2021,103,13,2,terça-feira,15,4,2021-04,Abril,2,Q2,1,T2,False
2021-04-14,20210414,2021,104,14,3,quarta-feira,15,4,2021-04,Abril,2,Q2,1,T2,False
2021-04-15,20210415,2021,105,15,4,quinta-feira,15,4,2021-04,Abril,2,Q2,1,T2,False
2021-04-16,20210416,2021,106,16,5,sexta-feira,15,4,2021-04,Abril,2,Q2,1,T2,False
2021-04-17,20210417,2021,107,17,6,sábado,15,4,2021-04,Abril,2,Q2,1,T2,True
2021-04-18,20210418,2021,108,18,7,domingo,15,4,2021-04,Abril,2,Q2,1,T2,True
2021-04-19,20210419,2021,109,19,1,segunda-feira,16,4,2021-04,Abril,2,Q2,1,T2,False
2021-04-20,20210420,2021,110,20,2,terça-feira,16,4,2021-04,Abril,2,Q2,1,T2,False
2021-04-21,20210421,2021,111,21,3,quarta-feira,16,4,2021-04,Abril,2,Q2,1,T2,False
2021-04-22,20210422,2021,112,22,4,quinta-feira,16,4,2021-04,Abril,2,Q2,1,T2,False
2021-04-23,20210423,2021,113,23,5,sexta-feira,16,4,2021-04,Abril,2,Q2,1,T2,False
2021-04-24,20210424,2021,114,24,6,sábado,16,4,2021-04,Abril,2,Q2,1,T2,True
2021-04-25,20210425,2021,115,25,7,domingo,16,4,2021-04,Abril,2,Q2,1,T2,True
2021-04-26,20210426,2021,116,26,1,segunda-feira,17,4,2021-04,Abril,2,Q2,1,T2,False
2021-04-27,20210427,2021,117,27,2,terça-feira,17,4,2021-04,Abril,2,Q2,1,T2,False
2021-04-28,20210428,2021,118,28,3,quarta-feira,17,4,2021-04,Abril,2,Q2,1,T2,False
2021-04-29,20210429,2021,119,29,4,quinta-feira,17,4,2021-04,Abril,2,Q2,1,T2,False
2021-04-30,20210430,2021,120,30,5,sexta-feira,17,4,2021-04,Abril,2,Q2,1,T2,False
2021-05-01,20210501,2021,121,1,6,sábado,17,5,2021-05,Maio,2,Q2,1,T2,True
2021-05-02,20210502,2021,122,2,7,domingo,17,5,2021-05,Maio,2,Q2,1,T2,True
2021-05-03,20210503,2021,123,3,1,segunda-feira,18,5,2021-05,Maio,2,Q2,1,T2,False
2021-05-04,20210504,2021,124,4,2,terça-feira,18,5,2021-05,Maio,2,Q2,1,T2,False
2021-05-05,20210505,2021,125,5,3,quarta-feira,18,5,2021-05,Maio,2,Q2,1,T2,False
2021-05-06,20210506,2021,126,6,4,quinta-feira,18,5,2021-05,Maio,2,Q2,1,T2,False
2021-05-07,20210507,2021,127,7,5,sexta-feira,18,5,2021-05,Maio,2,Q2,1,T2,False
2021-05-08,20210508,2021,128,8,6,sábado,18,5,2021-05,Maio,2,Q2,1,T2,True
2021-05-09,20210509,2021,129,9,7,domingo,18,5,2021-05,Maio,2,Q2,1,T2,True
2021-05-10,20210510,2021,130,10,1,segunda-feira,19,5,2021-05,Maio,2,Q2,1,T2,False
2021-05-11,20210511,2021,131,11,2,terça-feira,19,5,2021-05,Maio,2,Q2,1,T2,False
2021-05-12,20210512,2021,132,12,3,quarta-feira,19,5,2021-05,Maio,2,Q2,1,T2,False
2021-05-13,20210513,2021,133,13,4,quinta-feira,19,5,2021-05,Maio,2,Q2,1,T2,False
2021-05-14,20210514,2021,134,14,5,sexta-feira,19,5,2021-05,Maio,2,Q2,1,T2,False
2021-05-15,20210515,2021,135,15,6,sábado,19,5,2021-05,Maio,2,Q2,1,T2,True
2021-05-16,20210516,2021,136,16,7,domingo,19,5,2021-05,Maio,2,Q2,1,T2,True
2021-05-17,20210517,2021,137,17,1,segunda-feira,20,5,2021-05,Maio,2,Q2,1,T2,False
2021-05-18,20210518,2021,138,18,2,terça-feira,20,5,2021-05,Maio,2,Q2,1,T2,False
2021-05-19,20210519,2021,139,19,3,quarta-feira,20,5,2021-05,Maio,2,Q2,1,T2,False
2021-05-20,20210520,2021,140,20,4,quinta-feira,20,5,2021-05,Maio,2,Q2,1,T2,False
2021-05-21,20210521,2021,141,21,5,sexta-feira,20,5,2021-05,Maio,2,Q2,1,T2,False
2021-05-22,20210522,2021,142,22,6,sábado,20,5,2021-05,Maio,2,Q2,1,T2,True
2021-05-23,20210523,2021,143,23,7,domingo,20,5,2021-05,Maio,2,Q2,1,T2,True
2021-05-24,20210524,2021,144,24,1,segunda-feira,21,5,2021-05,Maio,2,Q2,1,T2,False
2021-05-25,20210525,2021,145,25,2,terça-feira,21,5,2021-05,Maio,2,Q2,1,T2,False
2021-05-26,20210526,2021,146,26,3,quarta-feira,21,5,2021-05,Maio,2,Q2,1,T2,False
2021-05-27,20210527,2021,147,27,4,quinta-feira,21,5,2021-05,Maio,2,Q2,1,T2,False
2021-05-28,20210528,2021,148,28,5,sexta-feira,21,5,2021-05,Maio,2,Q2,1,T2,False
2021-05-29,20210529,2021,149,29,6,sábado,21,5,2021-05,Maio,2,Q2,1,T2,True
2021-05-30,20210530,2021,150,30,7,domingo,21,5,2021-05,Maio,2,Q2,1,T2,True
2021-05-31,20210531,2021,151,31,1,segunda-feira,22,5,2021-05,Maio,2,Q2,1,T2,False
2021-06-01,20210601,2021,152,1,2,terça-feira,22,6,2021-06,Junho,2,Q2,1,T2,False
2021-06-02,20210602,2021,153,2,3,quarta-feira,22,6,2021-06,Junho,2,Q2,1,T2,False
2021-06-03,20210603,2021,154,3,4,quinta-feira,22,6,2021-06,Junho,2,Q2,1,T2,False
2021-06-04,20210604,2021,155,4,5,sexta-feira,22,6,2021-06,Junho,2,Q2,1,T2,False
2021-06-05,20210605,2021,156,5,6,sábado,22,6,2021-06,Junho,2,Q2,1,T2,True
2021-06-06,20210606,2021,157,6,7,domingo,22,6,2021-06,Junho,2,Q2,1,T2,True
2021-06-07,20210607,2021,158,7,1,segunda-feira,23,6,2021-06,Junho,2,Q2,1,T2,False
2021-06-08,20210608,2021,159,8,2,terça-feira,23,6,2021-06,Junho,2,Q2,1,T2,False
2021-06-09,20210609,2021,160,9,3,quarta-feira,23,6,2021-06,Junho,2,Q2,1,T2,False
2021-06-10,20210610,2021,161,10,4,quinta-feira,23,6,2021-06,Junho,2,Q2,1,T2,False
2021-06-11,20210611,2021,162,11,5,sexta-feira,23,6,2021-06,Junho,2,Q2,1,T2,False
2021-06-12,20210612,2021,163,12,6,sábado,23,6,2021-06,Junho,2,Q2,1,T2,True
2021-06-13,20210613,2021,164,13,7,domingo,23,6,2021-06,Junho,2,Q2,1,T2,True
2021-06-14,20210614,2021,165,14,1,segunda-feira,24,6,2021-06,Junho,2,Q2,1,T2,False
2021-06-15,20210615,2021,166,15,2,terça-feira,24,6,2021-06,Junho,2,Q2,1,T2,False
2021-06-16,20210616,2021,167,16,3,quarta-feira,24,6,2021-06,Junho,2,Q2,1,T2,False
2021-06-17,20210617,2021,168,17,4,quinta-feira,24,6,2021-06,Junho,2,Q2,1,T2,False
2021-06-18,20210618,2021,169,18,5,sexta-feira,24,6,2021-06,Junho,2,Q2,1,T2,False
2021-06-19,20210619,2021,170,19,6,sábado,24,6,2021-06,Junho,2,Q2,1,T2,True
2021-06-20,20210620,2021,171,20,7,domingo,24,6,2021-06,Junho,2,Q2,1,T2,True
2021-06-21,20210621,2021,172,21,1,segunda-feira,25,6,2021-06,Junho,2,Q2,1,T2,False
2021-06-22,20210622,2021,173,22,2,terça-feira,25,6,2021-06,Junho,2,Q2,1,T2,False
2021-06-23,20210623,2021,174,23,3,quarta-feira,25,6,2021-06,Junho,2,Q2,1,T2,False
2021-06-24,20210624,2021,175,24,4,quinta-feira,25,6,2021-06,Junho,2,Q2,1,T2,False
2021-06-25,20210625,2021,176,25,5,sexta-feira,25,6,2021-06,Junho,2,Q2,1,T2,False
2021-06-26,20210626,2021,177,26,6,sábado,25,6,2021-06,Junho,2,Q2,1,T2,True
2021-06-27,20210627,2021,178,27,7,domingo,25,6,2021-06,Junho,2,Q2,1,T2,True
2021-06-28,20210628,2021,179,28,1,segunda-feira,26,6,2021-06,Junho,2,Q2,1,T2,False
2021-06-29,20210629,2021,180,29,2,terça-feira,26,6,2021-06,Junho,2,Q2,1,T2,False
2021-06-30,20210630,2021,181,30,3,quarta-feira,26,6,2021-06,Junho,2,Q2,1,T2,False
2021-07-01,20210701,2021,182,1,4,quinta-feira,26,7,2021-07,Julho,3,Q3,2,T3,False
2021-07-02,20210702,2021,183,2,5,sexta-feira,26,7,2021-07,Julho,3,Q3,2,T3,False
2021-07-03,20210703,2021,184,3,6,sábado,26,7,2021-07,Julho,3,Q3,2,T3,True
2021-07-04,20210704,2021,185,4,7,domingo,26,7,2021-07,Julho,3,Q3,2,T3,True
2021-07-05,20210705,2021,186,5,1,segunda-feira,27,7,2021-07,Julho,3,Q3,2,T3,False
2021-07-06,20210706,2021,187,6,2,terça-feira,27,7,2021-07,Julho,3,Q3,2,T3,False
2021-07-07,20210707,2021,188,7,3,quarta-feira,27,7,2021-07,Julho,3,Q3,2,T3,False
2021-07-08,20210708,2021,189,8,4,quinta-feira,27,7,2021-07,Julho,3,Q3,2,T3,False
2021-07-09,20210709,2021,190,9,5,sexta-feira,27,7,2021-07,Julho,3,Q3,2,T3,False
2021-07-10,20210710,2021,191,10,6,sábado,27,7,2021-07,Julho,3,Q3,2,T3,True
2021-07-11,20210711,2021,192,11,7,domingo,27,7,2021-07,Julho,3,Q3,2,T3,True
2021-07-12,20210712,2021,193,12,1,segunda-feira,28,7,2021-07,Julho,3,Q3,2,T3,False
2021-07-13,20210713,2021,194,13,2,terça-feira,28,7,2021-07,Julho,3,Q3,2,T3,False
2021-07-14,20210714,2021,195,14,3,quarta-feira,28,7,2021-07,Julho,3,Q3,2,T3,False
2021-07-15,20210715,2021,196,15,4,quinta-feira,28,7,2021-07,Julho,3,Q3,2,T3,False
2021-07-16,20210716,2021,197,16,5,sexta-feira,28,7,2021-07,Julho,3,Q3,2,T3,False
2021-07-17,20210717,2021,198,17,6,sábado,28,7,2021-07,Julho,3,Q3,2,T3,True
2021-07-18,20210718,2021,199,18,7,domingo,28,7,2021-07,Julho,3,Q3,2,T3,True
2021-07-19,20210719,2021,200,19,1,segunda-feira,29,7,2021-07,Julho,3,Q3,2,T3,False
2021-07-20,20210720,2021,201,20,2,terça-feira,29,7,2021-07,Julho,3,Q3,2,T3,False
2021-07-21,20210721,2021,202,21,3,quarta-feira,29,7,2021-07,Julho,3,Q3,2,T3,False
2021-07-22,20210722,2021,203,22,4,quinta-feira,29,7,2021-07,Julho,3,Q3,2,T3,False
2021-07-23,20210723,2021,204,23,5,sexta-feira,29,7,2021-07,Julho,3,Q3,2,T3,False
2021-07-24,20210724,2021,205,24,6,sábado,29,7,2021-07,Julho,3,Q3,2,T3,True
2021-07-25,20210725,2021,206,25,7,domingo,29,7,2021-07,Julho,3,Q3,2,T3,True
2021-07-26,20210726,2021,207,26,1,segunda-feira,30,7,2021-07,Julho,3,Q3,2,T3,False
2021-07-27,20210727,2021,208,27,2,terça-feira,30,7,2021-07,Julho,3,Q3,2,T3,False
2021-07-28,20210728,2021,209,28,3,quarta-feira,30,7,2021-07,Julho,3,Q3,2,T3,False
2021-07-29,20210729,2021,210,29,4,quinta-feira,30,7,2021-07,Julho,3,Q3,2,T3,False
2021-07-30,20210730,2021,211,30,5,sexta-feira,30,7,2021-07,Julho,3,Q3,2,T3,False
2021-07-31,20210731,2021,212,31,6,sábado,30,7,2021-07,Julho,3,Q3,2,T3,True
2021-08-01,20210801,2021,213,1,7,domingo,30,8,2021-08,Agosto,3,Q3,2,T3,True
2021-08-02,20210802,2021,214,2,1,segunda-feira,31,8,2021-08,Agosto,3,Q3,2,T3,False
2021-08-03,20210803,2021,215,3,2,terça-feira,31,8,2021-08,Agosto,3,Q3,2,T3,False
2021-08-04,20210804,2021,216,4,3,quarta-feira,31,8,2021-08,Agosto,3,Q3,2,T3,False
2021-08-05,20210805,2021,217,5,4,quinta-feira,31,8,2021-08,Agosto,3,Q3,2,T3,False
2021-08-06,20210806,2021,218,6,5,sexta-feira,31,8,2021-08,Agosto,3,Q3,2,T3,False
2021-08-07,20210807,2021,219,7,6,sábado,31,8,2021-08,Agosto,3,Q3,2,T3,True
2021-08-08,20210808,2021,220,8,7,domingo,31,8,2021-08,Agosto,3,Q3,2,T3,True
2021-08-09,20210809,2021,221,9,1,segunda-feira,32,8,2021-08,Agosto,3,Q3,2,T3,False
2021-08-10,20210810,2021,222,10,2,terça-feira,32,8,2021-08,Agosto,3,Q3,2,T3,False
2021-08-11,20210811,2021,223,11,3,quarta-feira,32,8,2021-08,Agosto,3,Q3,2,T3,False
2021-08-12,20210812,2021,224,12,4,quinta-feira,32,8,2021-08,Agosto,3,Q3,2,T3,False
2021-08-13,20210813,2021,225,13,5,sexta-feira,32,8,2021-08,Agosto,3,Q3,2,T3,False
2021-08-14,20210814,2021,226,14,6,sábado,32,8,2021-08,Agosto,3,Q3,2,T3,True
2021-08-15,20210815,2021,227,15,7,domingo,32,8,2021-08,Agosto,3,Q3,2,T3,True
2021-08-16,20210816,2021,228,16,1,segunda-feira,33,8,2021-08,Agosto,3,Q3,2,T3,False
2021-08-17,20210817,2021,229,17,2,terça-feira,33,8,2021-08,Agosto,3,Q3,2,T3,False
2021-08-18,20210818,2021,230,18,3,quarta-feira,33,8,2021-08,Agosto,3,Q3,2,T3,False
2021-08-19,20210819,2021,231,19,4,quinta-feira,33,8,2021-08,Agosto,3,Q3,2,T3,False
2021-08-20,20210820,2021,232,20,5,sexta-feira,33,8,2021-08,Agosto,3,Q3,2,T3,False
2021-08-21,20210821,2021,233,21,6,sábado,33,8,2021-08,Agosto,3,Q3,2,T3,True
2021-08-22,20210822,2021,234,22,7,domingo,33,8,2021-08,Agosto,3,Q3,2,T3,True
2021-08-23,20210823,2021,235,23,1,segunda-feira,34,8,2021-08,Agosto,3,Q3,2,T3,False
2021-08-24,20210824,2021,236,24,2,terça-feira,34,8,2021-08,Agosto,3,Q3,2,T3,False
2021-08-25,20210825,2021,237,25,3,quarta-feira,34,8,2021-08,Agosto,3,Q3,2,T3,False
2021-08-26,20210826,2021,238,26,4,quinta-feira,34,8,2021-08,Agosto,3,Q3,2,T3,False
2021-08-27,20210827,2021,239,27,5,sexta-feira,34,8,2021-08,Agosto,3,Q3,2,T3,False
2021-08-28,20210828,2021,240,28,6,sábado,34,8,2021-08,Agosto,3,Q3,2,T3,True
2021-08-29,20210829,2021,241,29,7,domingo,34,8,2021-08,Agosto,3,Q3,2,T3,True
2021-08-30,20210830,2021,242,30,1,segunda-feira,35,8,2021-08,Agosto,3,Q3,2,T3,False
2021-08-31,20210831,2021,243,31,2,terça-feira,35,8,2021-08,Agosto,3,Q3,2,T3,False
2021-09-01,20210901,2021,244,1,3,quarta-feira,35,9,2021-09,Setembro,3,Q3,2,T3,False
2021-09-02,20210902,2021,245,2,4,quinta-feira,35,9,2021-09,Setembro,3,Q3,2,T3,False
2021-09-03,20210903,2021,246,3,5,sexta-feira,35,9,2021-09,Setembro,3,Q3,2,T3,False
2021-09-04,20210904,2021,247,4,6,sábado,35,9,2021-09,Setembro,3,Q3,2,T3,True
2021-09-05,20210905,2021,248,5,7,domingo,35,9,2021-09,Setembro,3,Q3,2,T3,True
2021-09-06,20210906,2021,249,6,1,segunda-feira,36,9,2021-09,Setembro,3,Q3,2,T3,False
2021-09-07,20210907,2021,250,7,2,terça-feira,36,9,2021-09,Setembro,3,Q3,2,T3,False
2021-09-08,20210908,2021,251,8,3,quarta-feira,36,9,2021-09,Setembro,3,Q3,2,T3,False
2021-09-09,20210909,2021,252,9,4,quinta-feira,36,9,2021-09,Setembro,3,Q3,2,T3,False
2021-09-10,20210910,2021,253,10,5,sexta-feira,36,9,2021-09,Setembro,3,Q3,2,T3,False
2021-09-11,20210911,2021,254,11,6,sábado,36,9,2021-09,Setembro,3,Q3,2,T3,True
2021-09-12,20210912,2021,255,12,7,domingo,36,9,2021-09,Setembro,3,Q3,2,T3,True
2021-09-13,20210913,2021,256,13,1,segunda-feira,37,9,2021-09,Setembro,3,Q3,2,T3,False
2021-09-14,20210914,2021,257,14,2,terça-feira,37,9,2021-09,Setembro,3,Q3,2,T3,False
2021-09-15,20210915,2021,258,15,3,quarta-feira,37,9,2021-09,Setembro,3,Q3,2,T3,False
2021-09-16,20210916,2021,259,16,4,quinta-feira,37,9,2021-09,Setembro,3,Q3,2,T3,False
2021-09-17,20210917,2021,260,17,5,sexta-feira,37,9,2021-09,Setembro,3,Q3,2,T3,False
2021-09-18,20210918,2021,261,18,6,sábado,37,9,2021-09,Setembro,3,Q3,2,T3,True
2021-09-19,20210919,2021,262,19,7,domingo,37,9,2021-09,Setembro,3,Q3,2,T3,True
2021-09-20,20210920,2021,263,20,1,segunda-feira,38,9,2021-09,Setembro,3,Q3,2,T3,False
2021-09-21,20210921,2021,264,21,2,terça-feira,38,9,2021-09,Setembro,3,Q3,2,T3,False
2021-09-22,20210922,2021,265,22,3,quarta-feira,38,9,2021-09,Setembro,3,Q3,2,T3,False
2021-09-23,20210923,2021,266,23,4,quinta-feira,38,9,2021-09,Setembro,3,Q3,2,T3,False
2021-09-24,20210924,2021,267,24,5,sexta-feira,38,9,2021-09,Setembro,3,Q3,2,T3,False
2021-09-25,20210925,2021,268,25,6,sábado,38,9,2021-09,Setembro,3,Q3,2,T3,True
2021-09-26,20210926,2021,269,26,7,domingo,38,9,2021-09,Setembro,3,Q3,2,T3,True
2021-09-27,20210927,2021,270,27,1,segunda-feira,39,9,2021-09,Setembro,3,Q3,2,T3,False
2021-09-28,20210928,2021,271,28,2,terça-feira,39,9,2021-09,Setembro,3,Q3,2,T3,False
2021-09-29,20210929,2021,272,29,3,quarta-feira,39,9,2021-09,Setembro,3,Q3,2,T3,False
2021-09-30,20210930,2021,273,30,4,quinta-feira,39,9,2021-09,Setembro,3,Q3,2,T3,False
2021-10-01,20211001,2021,274,1,5,sexta-feira,39,10,2021-10,Outubro,4,Q4,2,T4,False
2021-10-02,20211002,2021,275,2,6,sábado,39,10,2021-10,Outubro,4,Q4,2,T4,True
2021-10-03,20211003,2021,276,3,7,domingo,39,10,2021-10,Outubro,4,Q4,2,T4,True
2021-10-04,20211004,2021,277,4,1,segunda-feira,40,10,2021-10,Outubro,4,Q4,2,T4,False
2021-10-05,20211005,2021,278,5,2,terça-feira,40,10,2021-10,Outubro,4,Q4,2,T4,False
2021-10-06,20211006,2021,279,6,3,quarta-feira,40,10,2021-10,Outubro,4,Q4,2,T4,False
2021-10-07,20211007,2021,280,7,4,quinta-feira,40,10,2021-10,Outubro,4,Q4,2,T4,False
2021-10-08,20211008,2021,281,8,5,sexta-feira,40,10,2021-10,Outubro,4,Q4,2,T4,False
2021-10-09,20211009,2021,282,9,6,sábado,40,10,2021-10,Outubro,4,Q4,2,T4,True
2021-10-10,20211010,2021,283,10,7,domingo,40,10,2021-10,Outubro,4,Q4,2,T4,True
2021-10-11,20211011,2021,284,11,1,segunda-feira,41,10,2021-10,Outubro,4,Q4,2,T4,False
2021-10-12,20211012,2021,285,12,2,terça-feira,41,10,2021-10,Outubro,4,Q4,2,T4,False
2021-10-13,20211013,2021,286,13,3,quarta-feira,41,10,2021-10,Outubro,4,Q4,2,T4,False
2021-10-14,20211014,2021,287,14,4,quinta-feira,41,10,2021-10,Outubro,4,Q4,2,T4,False
2021-10-15,20211015,2021,288,15,5,sexta-feira,41,10,2021-10,Outubro,4,Q4,2,T4,False
2021-10-16,20211016,2021,289,16,6,sábado,41,10,2021-10,Outubro,4,Q4,2,T4,True
2021-10-17,20211017,2021,290,17,7,domingo,41,10,2021-10,Outubro,4,Q4,2,T4,True
2021-10-18,20211018,2021,291,18,1,segunda-feira,42,10,2021-10,Outubro,4,Q4,2,T4,False
2021-10-19,20211019,2021,292,19,2,terça-feira,42,10,2021-10,Outubro,4,Q4,2,T4,False
2021-10-20,20211020,2021,293,20,3,quarta-feira,42,10,2021-10,Outubro,4,Q4,2,T4,False
2021-10-21,20211021,2021,294,21,4,quinta-feira,42,10,2021-10,Outubro,4,Q4,2,T4,False
2021-10-22,20211022,2021,295,22,5,sexta-feira,42,10,2021-10,Outubro,4,Q4,2,T4,False
2021-10-23,20211023,2021,296,23,6,sábado,42,10,2021-10,Outubro,4,Q4,2,T4,True
2021-10-24,20211024,2021,297,24,7,domingo,42,10,2021-10,Outubro,4,Q4,2,T4,True
2021-10-25,20211025,2021,298,25,1,segunda-feira,43,10,2021-10,Outubro,4,Q4,2,T4,False
2021-10-26,20211026,2021,299,26,2,terça-feira,43,10,2021-10,Outubro,4,Q4,2,T4,False
2021-10-27,20211027,2021,300,27,3,quarta-feira,43,10,2021-10,Outubro,4,Q4,2,T4,False
2021-10-28,20211028,2021,301,28,4,quinta-feira,43,10,2021-10,Outubro,4,Q4,2,T4,False
2021-10-29,20211029,2021,302,29,5,sexta-feira,43,10,2021-10,Outubro,4,Q4,2,T4,False
2021-10-30,20211030,2021,303,30,6,sábado,43,10,2021-10,Outubro,4,Q4,2,T4,True
2021-10-31,20211031,2021,304,31,7,domingo,43,10,2021-10,Outubro,4,Q4,2,T4,True
2021-11-01,20211101,2021,305,1,1,segunda-feira,44,11,2021-11,Novembro,4,Q4,2,T4,False
2021-11-02,20211102,2021,306,2,2,terça-feira,44,11,2021-11,Novembro,4,Q4,2,T4,False
2021-11-03,20211103,2021,307,3,3,quarta-feira,44,11,2021-11,Novembro,4,Q4,2,T4,False
2021-11-04,20211104,2021,308,4,4,quinta-feira,44,11,2021-11,Novembro,4,Q4,2,T4,False
2021-11-05,20211105,2021,309,5,5,sexta-feira,44,11,2021-11,Novembro,4,Q4,2,T4,False
2021-11-06,20211106,2021,310,6,6,sábado,44,11,2021-11,Novembro,4,Q4,2,T4,True
2021-11-07,20211107,2021,311,7,7,domingo,44,11,2021-11,Novembro,4,Q4,2,T4,True
2021-11-08,20211108,2021,312,8,1,segunda-feira,45,11,2021-11,Novembro,4,Q4,2,T4,False
2021-11-09,20211109,2021,313,9,2,terça-feira,45,11,2021-11,Novembro,4,Q4,2,T4,False
2021-11-10,20211110,2021,314,10,3,quarta-feira,45,11,2021-11,Novembro,4,Q4,2,T4,False
2021-11-11,20211111,2021,315,11,4,quinta-feira,45,11,2021-11,Novembro,4,Q4,2,T4,False
2021-11-12,20211112,2021,316,12,5,sexta-feira,45,11,2021-11,Novembro,4,Q4,2,T4,False
2021-11-13,20211113,2021,317,13,6,sábado,45,11,2021-11,Novembro,4,Q4,2,T4,True
2021-11-14,20211114,2021,318,14,7,domingo,45,11,2021-11,Novembro,4,Q4,2,T4,True
2021-11-15,20211115,2021,319,15,1,segunda-feira,46,11,2021-11,Novembro,4,Q4,2,T4,False
2021-11-16,20211116,2021,320,16,2,terça-feira,46,11,2021-11,Novembro,4,Q4,2,T4,False
2021-11-17,20211117,2021,321,17,3,quarta-feira,46,11,2021-11,Novembro,4,Q4,2,T4,False
2021-11-18,20211118,2021,322,18,4,quinta-feira,46,11,2021-11,Novembro,4,Q4,2,T4,False
2021-11-19,20211119,2021,323,19,5,sexta-feira,46,11,2021-11,Novembro,4,Q4,2,T4,False
2021-11-20,20211120,2021,324,20,6,sábado,46,11,2021-11,Novembro,4,Q4,2,T4,True
2021-11-21,20211121,2021,325,21,7,domingo,46,11,2021-11,Novembro,4,Q4,2,T4,True
2021-11-22,20211122,2021,326,22,1,segunda-feira,47,11,2021-11,Novembro,4,Q4,2,T4,False
2021-11-23,20211123,2021,327,23,2,terça-feira,47,11,2021-11,Novembro,4,Q4,2,T4,False
2021-11-24,20211124,2021,328,24,3,quarta-feira,47,11,2021-11,Novembro,4,Q4,2,T4,False
2021-11-25,20211125,2021,329,25,4,quinta-feira,47,11,2021-11,Novembro,4,Q4,2,T4,False
2021-11-26,20211126,2021,330,26,5,sexta-feira,47,11,2021-11,Novembro,4,Q4,2,T4,False
2021-11-27,20211127,2021,331,27,6,sábado,47,11,2021-11,Novembro,4,Q4,2,T4,True
2021-11-28,20211128,2021,332,28,7,domingo,47,11,2021-11,Novembro,4,Q4,2,T4,True
2021-11-29,20211129,2021,333,29,1,segunda-feira,48,11,2021-11,Novembro,4,Q4,2,T4,False
2021-11-30,20211130,2021,334,30,2,terça-feira,48,11,2021-11,Novembro,4,Q4,2,T4,False
2021-12-01,20211201,2021,335,1,3,quarta-feira,48,12,2021-12,Dezembro,4,Q4,2,T4,False
2021-12-02,20211202,2021,336,2,4,quinta-feira,48,12,2021-12,Dezembro,4,Q4,2,T4,False
2021-12-03,20211203,2021,337,3,5,sexta-feira,48,12,2021-12,Dezembro,4,Q4,2,T4,False
2021-12-04,20211204,2021,338,4,6,sábado,48,12,2021-12,Dezembro,4,Q4,2,T4,True
2021-12-05,20211205,2021,339,5,7,domingo,48,12,2021-12,Dezembro,4,Q4,2,T4,True
2021-12-06,20211206,2021,340,6,1,segunda-feira,49,12,2021-12,Dezembro,4,Q4,2,T4,False
2021-12-07,20211207,2021,341,7,2,terça-feira,49,12,2021-12,Dezembro,4,Q4,2,T4,False
2021-12-08,20211208,2021,342,8,3,quarta-feira,49,12,2021-12,Dezembro,4,Q4,2,T4,False
2021-12-09,20211209,2021,343,9,4,quinta-feira,49,12,2021-12,Dezembro,4,Q4,2,T4,False
2021-12-10,20211210,2021,344,10,5,sexta-feira,49,12,2021-12,Dezembro,4,Q4,2,T4,False
2021-12-11,20211211,2021,345,11,6,sábado,49,12,2021-12,Dezembro,4,Q4,2,T4,True
2021-12-12,20211212,2021,346,12,7,domingo,49,12,2021-12,Dezembro,4,Q4,2,T4,True
2021-12-13,20211213,2021,347,13,1,segunda-feira,50,12,2021-12,Dezembro,4,Q4,2,T4,False
2021-12-14,20211214,2021,348,14,2,terça-feira,50,12,2021-12,Dezembro,4,Q4,2,T4,False
2021-12-15,20211215,2021,349,15,3,quarta-feira,50,12,2021-12,Dezembro,4,Q4,2,T4,False
2021-12-16,20211216,2021,350,16,4,quinta-feira,50,12,2021-12,Dezembro,4,Q4,2,T4,False
2021-12-17,20211217,2021,351,17,5,sexta-feira,50,12,2021-12,Dezembro,4,Q4,2,T4,False
2021-12-18,20211218,2021,352,18,6,sábado,50,12,2021-12,Dezembro,4,Q4,2,T4,True
2021-12-19,20211219,2021,353,19,7,domingo,50,12,2021-12,Dezembro,4,Q4,2,T4,True
2021-12-20,20211220,2021,354,20,1,segunda-feira,51,12,2021-12,Dezembro,4,Q4,2,T4,False
2021-12-21,20211221,2021,355,21,2,terça-feira,51,12,2021-12,Dezembro,4,Q4,2,T4,False
2021-12-22,20211222,2021,356,22,3,quarta-feira,51,12,2021-12,Dezembro,4,Q4,2,T4,False
2021-12-23,20211223,2021,357,23,4,quinta-feira,51,12,2021-12,Dezembro,4,Q4,2,T4,False
2021-12-24,20211224,2021,358,24,5,sexta-feira,51,12,2021-12,Dezembro,4,Q4,2,T4,False
2021-12-25,20211225,2021,359,25,6,sábado,51,12,2021-12,Dezembro,4,Q4,2,T4,True
2021-12-26,20211226,2021,360,26,7,domingo,51,12,2021-12,Dezembro,4,Q4,2,T4,True
2021-12-27,20211227,2021,361,27,1,segunda-feira,52,12,2021-12,Dezembro,4,Q4,2,T4,False
2021-12-28,20211228,2021,362,28,2,terça-feira,52,12,2021-12,Dezembro,4,Q4,2,T4,False
2021-12-29,20211229,2021,363,29,3,quarta-feira,52,12,2021-12,Dezembro,4,Q4,2,T4,False
2021-12-30,20211230,2021,364,30,4,quinta-feira,52,12,2021-12,Dezembro,4,Q4,2,T4,False
2021-12-31,20211231,2021,365,31,5,sexta-feira,52,12,2021-12,Dezembro,4,Q4,2,T4,False
2022-01-01,20220101,2022,1,1,6,sábado,52,1,2022-01,Janeiro,1,Q1,1,T1,True
2022-01-02,20220102,2022,2,2,7,domingo,52,1,2022-01,Janeiro,1,Q1,1,T1,True
2022-01-03,20220103,2022,3,3,1,segunda-feira,1,1,2022-01,Janeiro,1,Q1,1,T1,False
2022-01-04,20220104,2022,4,4,2,terça-feira,1,1,2022-01,Janeiro,1,Q1,1,T1,False
2022-01-05,20220105,2022,5,5,3,quarta-feira,1,1,2022-01,Janeiro,1,Q1,1,T1,False
2022-01-06,20220106,2022,6,6,4,quinta-feira,1,1,2022-01,Janeiro,1,Q1,1,T1,False
2022-01-07,20220107,2022,7,7,5,sexta-feira,1,1,2022-01,Janeiro,1,Q1,1,T1,False
2022-01-08,20220108,2022,8,8,6,sábado,1,1,2022-01,Janeiro,1,Q1,1,T1,True
2022-01-09,20220109,2022,9,9,7,domingo,1,1,2022-01,Janeiro,1,Q1,1,T1,True
2022-01-10,20220110,2022,10,10,1,segunda-feira,2,1,2022-01,Janeiro,1,Q1,1,T1,False
2022-01-11,20220111,2022,11,11,2,terça-feira,2,1,2022-01,Janeiro,1,Q1,1,T1,False
2022-01-12,20220112,2022,12,12,3,quarta-feira,2,1,2022-01,Janeiro,1,Q1,1,T1,False
2022-01-13,20220113,2022,13,13,4,quinta-feira,2,1,2022-01,Janeiro,1,Q1,1,T1,False
2022-01-14,20220114,2022,14,14,5,sexta-feira,2,1,2022-01,Janeiro,1,Q1,1,T1,False
2022-01-15,20220115,2022,15,15,6,sábado,2,1,2022-01,Janeiro,1,Q1,1,T1,True
2022-01-16,20220116,2022,16,16,7,domingo,2,1,2022-01,Janeiro,1,Q1,1,T1,True
2022-01-17,20220117,2022,17,17,1,segunda-feira,3,1,2022-01,Janeiro,1,Q1,1,T1,False
2022-01-18,20220118,2022,18,18,2,terça-feira,3,1,2022-01,Janeiro,1,Q1,1,T1,False
2022-01-19,20220119,2022,19,19,3,quarta-feira,3,1,2022-01,Janeiro,1,Q1,1,T1,False
2022-01-20,20220120,2022,20,20,4,quinta-feira,3,1,2022-01,Janeiro,1,Q1,1,T1,False
2022-01-21,20220121,2022,21,21,5,sexta-feira,3,1,2022-01,Janeiro,1,Q1,1,T1,False
2022-01-22,20220122,2022,22,22,6,sábado,3,1,2022-01,Janeiro,1,Q1,1,T1,True
2022-01-23,20220123,2022,23,23,7,domingo,3,1,2022-01,Janeiro,1,Q1,1,T1,True
2022-01-24,20220124,2022,24,24,1,segunda-feira,4,1,2022-01,Janeiro,1,Q1,1,T1,False
2022-01-25,20220125,2022,25,25,2,terça-feira,4,1,2022-01,Janeiro,1,Q1,1,T1,False
2022-01-26,20220126,2022,26,26,3,quarta-feira,4,1,2022-01,Janeiro,1,Q1,1,T1,False
2022-01-27,20220127,2022,27,27,4,quinta-feira,4,1,2022-01,Janeiro,1,Q1,1,T1,False
2022-01-28,20220128,2022,28,28,5,sexta-feira,4,1,2022-01,Janeiro,1,Q1,1,T1,False
2022-01-29,20220129,2022,29,29,6,sábado,4,1,2022-01,Janeiro,1,Q1,1,T1,True
2022-01-30,20220130,2022,30,30,7,domingo,4,1,2022-01,Janeiro,1,Q1,1,T1,True
2022-01-31,20220131,2022,31,31,1,segunda-feira,5,1,2022-01,Janeiro,1,Q1,1,T1,False
2022-02-01,20220201,2022,32,1,2,terça-feira,5,2,2022-02,Fevereiro,1,Q1,1,T1,False
2022-02-02,20220202,2022,33,2,3,quarta-feira,5,2,2022-02,Fevereiro,1,Q1,1,T1,False
2022-02-03,20220203,2022,34,3,4,quinta-feira,5,2,2022-02,Fevereiro,1,Q1,1,T1,False
2022-02-04,20220204,2022,35,4,5,sexta-feira,5,2,2022-02,Fevereiro,1,Q1,1,T1,False
2022-02-05,20220205,2022,36,5,6,sábado,5,2,2022-02,Fevereiro,1,Q1,1,T1,True
2022-02-06,20220206,2022,37,6,7,domingo,5,2,2022-02,Fevereiro,1,Q1,1,T1,True
2022-02-07,20220207,2022,38,7,1,segunda-feira,6,2,2022-02,Fevereiro,1,Q1,1,T1,False
2022-02-08,20220208,2022,39,8,2,terça-feira,6,2,2022-02,Fevereiro,1,Q1,1,T1,False
2022-02-09,20220209,2022,40,9,3,quarta-feira,6,2,2022-02,Fevereiro,1,Q1,1,T1,False
2022-02-10,20220210,2022,41,10,4,quinta-feira,6,2,2022-02,Fevereiro,1,Q1,1,T1,False
2022-02-11,20220211,2022,42,11,5,sexta-feira,6,2,2022-02,Fevereiro,1,Q1,1,T1,False
2022-02-12,20220212,2022,43,12,6,sábado,6,2,2022-02,Fevereiro,1,Q1,1,T1,True
2022-02-13,20220213,2022,44,13,7,domingo,6,2,2022-02,Fevereiro,1,Q1,1,T1,True
2022-02-14,20220214,2022,45,14,1,segunda-feira,7,2,2022-02,Fevereiro,1,Q1,1,T1,False
2022-02-15,20220215,2022,46,15,2,terça-feira,7,2,2022-02,Fevereiro,1,Q1,1,T1,False
2022-02-16,20220216,2022,47,16,3,quarta-feira,7,2,2022-02,Fevereiro,1,Q1,1,T1,False
2022-02-17,20220217,2022,48,17,4,quinta-feira,7,2,2022-02,Fevereiro,1,Q1,1,T1,False
2022-02-18,20220218,2022,49,18,5,sexta-feira,7,2,2022-02,Fevereiro,1,Q1,1,T1,False
2022-02-19,20220219,2022,50,19,6,sábado,7,2,2022-02,Fevereiro,1,Q1,1,T1,True
2022-02-20,20220220,2022,51,20,7,domingo,7,2,2022-02,Fevereiro,1,Q1,1,T1,True
2022-02-21,20220221,2022,52,21,1,segunda-feira,8,2,2022-02,Fevereiro,1,Q1,1,T1,False
2022-02-22,20220222,2022,53,22,2,terça-feira,8,2,2022-02,Fevereiro,1,Q1,1,T1,False
2022-02-23,20220223,2022,54,23,3,quarta-feira,8,2,2022-02,Fevereiro,1,Q1,1,T1,False
2022-02-24,20220224,2022,55,24,4,quinta-feira,8,2,2022-02,Fevereiro,1,Q1,1,T1,False
2022-02-25,20220225,2022,56,25,5,sexta-feira,8,2,2022-02,Fevereiro,1,Q1,1,T1,False
2022-02-26,20220226,2022,57,26,6,sábado,8,2,2022-02,Fevereiro,1,Q1,1,T1,True
2022-02-27,20220227,2022,58,27,7,domingo,8,2,2022-02,Fevereiro,1,Q1,1,T1,True
2022-02-28,20220228,2022,59,28,1,segunda-feira,9,2,2022-02,Fevereiro,1,Q1,1,T1,False
2022-03-01,20220301,2022,60,1,2,terça-feira,9,3,2022-03,Março,1,Q1,1,T1,False
2022-03-02,20220302,2022,61,2,3,quarta-feira,9,3,2022-03,Março,1,Q1,1,T1,False
2022-03-03,20220303,2022,62,3,4,quinta-feira,9,3,2022-03,Março,1,Q1,1,T1,False
2022-03-04,20220304,2022,63,4,5,sexta-feira,9,3,2022-03,Março,1,Q1,1,T1,False
2022-03-05,20220305,2022,64,5,6,sábado,9,3,2022-03,Março,1,Q1,1,T1,True
2022-03-06,20220306,2022,65,6,7,domingo,9,3,2022-03,Março,1,Q1,1,T1,True
2022-03-07,20220307,2022,66,7,1,segunda-feira,10,3,2022-03,Março,1,Q1,1,T1,False
2022-03-08,20220308,2022,67,8,2,terça-feira,10,3,2022-03,Março,1,Q1,1,T1,False
2022-03-09,20220309,2022,68,9,3,quarta-feira,10,3,2022-03,Março,1,Q1,1,T1,False
2022-03-10,20220310,2022,69,10,4,quinta-feira,10,3,2022-03,Março,1,Q1,1,T1,False
2022-03-11,20220311,2022,70,11,5,sexta-feira,10,3,2022-03,Março,1,Q1,1,T1,False
2022-03-12,20220312,2022,71,12,6,sábado,10,3,2022-03,Março,1,Q1,1,T1,True
2022-03-13,20220313,2022,72,13,7,domingo,10,3,2022-03,Março,1,Q1,1,T1,True
2022-03-14,20220314,2022,73,14,1,segunda-feira,11,3,2022-03,Março,1,Q1,1,T1,False
2022-03-15,20220315,2022,74,15,2,terça-feira,11,3,2022-03,Março,1,Q1,1,T1,False
2022-03-16,20220316,2022,75,16,3,quarta-feira,11,3,2022-03,Março,1,Q1,1,T1,False
2022-03-17,20220317,2022,76,17,4,quinta-feira,11,3,2022-03,Março,1,Q1,1,T1,False
2022-03-18,20220318,2022,77,18,5,sexta-feira,11,3,2022-03,Março,1,Q1,1,T1,False
2022-03-19,20220319,2022,78,19,6,sábado,11,3,2022-03,Março,1,Q1,1,T1,True
2022-03-20,20220320,2022,79,20,7,domingo,11,3,2022-03,Março,1,Q1,1,T1,True
2022-03-21,20220321,2022,80,21,1,segunda-feira,12,3,2022-03,Março,1,Q1,1,T1,False
2022-03-22,20220322,2022,81,22,2,terça-feira,12,3,2022-03,Março,1,Q1,1,T1,False
2022-03-23,20220323,2022,82,23,3,quarta-feira,12,3,2022-03,Março,1,Q1,1,T1,False
2022-03-24,20220324,2022,83,24,4,quinta-feira,12,3,2022-03,Março,1,Q1,1,T1,False
2022-03-25,20220325,2022,84,25,5,sexta-feira,12,3,2022-03,Março,1,Q1,1,T1,False
2022-03-26,20220326,2022,85,26,6,sábado,12,3,2022-03,Março,1,Q1,1,T1,True
2022-03-27,20220327,2022,86,27,7,domingo,12,3,2022-03,Março,1,Q1,1,T1,True
2022-03-28,20220328,2022,87,28,1,segunda-feira,13,3,2022-03,Março,1,Q1,1,T1,False
2022-03-29,20220329,2022,88,29,2,terça-feira,13,3,2022-03,Março,1,Q1,1,T1,False
2022-03-30,20220330,2022,89,30,3,quarta-feira,13,3,2022-03,Março,1,Q1,1,T1,False
2022-03-31,20220331,2022,90,31,4,quinta-feira,13,3,2022-03,Março,1,Q1,1,T1,False
2022-04-01,20220401,2022,91,1,5,sexta-feira,13,4,2022-04,Abril,2,Q2,1,T2,False
2022-04-02,20220402,2022,92,2,6,sábado,13,4,2022-04,Abril,2,Q2,1,T2,True
2022-04-03,20220403,2022,93,3,7,domingo,13,4,2022-04,Abril,2,Q2,1,T2,True
2022-04-04,20220404,2022,94,4,1,segunda-feira,14,4,2022-04,Abril,2,Q2,1,T2,False
2022-04-05,20220405,2022,95,5,2,terça-feira,14,4,2022-04,Abril,2,Q2,1,T2,False
2022-04-06,20220406,2022,96,6,3,quarta-feira,14,4,2022-04,Abril,2,Q2,1,T2,False
2022-04-07,20220407,2022,97,7,4,quinta-feira,14,4,2022-04,Abril,2,Q2,1,T2,False
2022-04-08,20220408,2022,98,8,5,sexta-feira,14,4,2022-04,Abril,2,Q2,1,T2,False
2022-04-09,20220409,2022,99,9,6,sábado,14,4,2022-04,Abril,2,Q2,1,T2,True
2022-04-10,20220410,2022,100,10,7,domingo,14,4,2022-04,Abril,2,Q2,1,T2,True
2022-04-11,20220411,2022,101,11,1,segunda-feira,15,4,2022-04,Abril,2,Q2,1,T2,False
2022-04-12,20220412,2022,102,12,2,terça-feira,15,4,2022-04,Abril,2,Q2,1,T2,False
2022-04-13,20220413,2022,103,13,3,quarta-feira,15,4,2022-04,Abril,2,Q2,1,T2,False
2022-04-14,20220414,2022,104,14,4,quinta-feira,15,4,2022-04,Abril,2,Q2,1,T2,False
2022-04-15,20220415,2022,105,15,5,sexta-feira,15,4,2022-04,Abril,2,Q2,1,T2,False
2022-04-16,20220416,2022,106,16,6,sábado,15,4,2022-04,Abril,2,Q2,1,T2,True
2022-04-17,20220417,2022,107,17,7,domingo,15,4,2022-04,Abril,2,Q2,1,T2,True
2022-04-18,20220418,2022,108,18,1,segunda-feira,16,4,2022-04,Abril,2,Q2,1,T2,False
2022-04-19,20220419,2022,109,19,2,terça-feira,16,4,2022-04,Abril,2,Q2,1,T2,False
2022-04-20,20220420,2022,110,20,3,quarta-feira,16,4,2022-04,Abril,2,Q2,1,T2,False
2022-04-21,20220421,2022,111,21,4,quinta-feira,16,4,2022-04,Abril,2,Q2,1,T2,False
2022-04-22,20220422,2022,112,22,5,sexta-feira,16,4,2022-04,Abril,2,Q2,1,T2,False
2022-04-23,20220423,2022,113,23,6,sábado,16,4,2022-04,Abril,2,Q2,1,T2,True
2022-04-24,20220424,2022,114,24,7,domingo,16,4,2022-04,Abril,2,Q2,1,T2,True
2022-04-25,20220425,2022,115,25,1,segunda-feira,17,4,2022-04,Abril,2,Q2,1,T2,False
2022-04-26,20220426,2022,116,26,2,terça-feira,17,4,2022-04,Abril,2,Q2,1,T2,False
2022-04-27,20220427,2022,117,27,3,quarta-feira,17,4,2022-04,Abril,2,Q2,1,T2,False
2022-04-28,20220428,2022,118,28,4,quinta-feira,17,4,2022-04,Abril,2,Q2,1,T2,False
2022-04-29,20220429,2022,119,29,5,sexta-feira,17,4,2022-04,Abril,2,Q2,1,T2,False
2022-04-30,20220430,2022,120,30,6,sábado,17,4,2022-04,Abril,2,Q2,1,T2,True
2022-05-01,20220501,2022,121,1,7,domingo,17,5,2022-05,Maio,2,Q2,1,T2,True
2022-05-02,20220502,2022,122,2,1,segunda-feira,18,5,2022-05,Maio,2,Q2,1,T2,False
2022-05-03,20220503,2022,123,3,2,terça-feira,18,5,2022-05,Maio,2,Q2,1,T2,False
2022-05-04,20220504,2022,124,4,3,quarta-feira,18,5,2022-05,Maio,2,Q2,1,T2,False
2022-05-05,20220505,2022,125,5,4,quinta-feira,18,5,2022-05,Maio,2,Q2,1,T2,False
2022-05-06,20220506,2022,126,6,5,sexta-feira,18,5,2022-05,Maio,2,Q2,1,T2,False
2022-05-07,20220507,2022,127,7,6,sábado,18,5,2022-05,Maio,2,Q2,1,T2,True
2022-05-08,20220508,2022,128,8,7,domingo,18,5,2022-05,Maio,2,Q2,1,T2,True
2022-05-09,20220509,2022,129,9,1,segunda-feira,19,5,2022-05,Maio,2,Q2,1,T2,False
2022-05-10,20220510,2022,130,10,2,terça-feira,19,5,2022-05,Maio,2,Q2,1,T2,False
2022-05-11,20220511,2022,131,11,3,quarta-feira,19,5,2022-05,Maio,2,Q2,1,T2,False
2022-05-12,20220512,2022,132,12,4,quinta-feira,19,5,2022-05,Maio,2,Q2,1,T2,False
2022-05-13,20220513,2022,133,13,5,sexta-feira,19,5,2022-05,Maio,2,Q2,1,T2,False
2022-05-14,20220514,2022,134,14,6,sábado,19,5,2022-05,Maio,2,Q2,1,T2,True
2022-05-15,20220515,2022,135,15,7,domingo,19,5,2022-05,Maio,2,Q2,1,T2,True
2022-05-16,20220516,2022,136,16,1,segunda-feira,20,5,2022-05,Maio,2,Q2,1,T2,False
2022-05-17,20220517,2022,137,17,2,terça-feira,20,5,2022-05,Maio,2,Q2,1,T2,False
2022-05-18,20220518,2022,138,18,3,quarta-feira,20,5,2022-05,Maio,2,Q2,1,T2,False
2022-05-19,20220519,2022,139,19,4,quinta-feira,20,5,2022-05,Maio,2,Q2,1,T2,False
2022-05-20,20220520,2022,140,20,5,sexta-feira,20,5,2022-05,Maio,2,Q2,1,T2,False
2022-05-21,20220521,2022,141,21,6,sábado,20,5,2022-05,Maio,2,Q2,1,T2,True
2022-05-22,20220522,2022,142,22,7,domingo,20,5,2022-05,Maio,2,Q2,1,T2,True
2022-05-23,20220523,2022,143,23,1,segunda-feira,21,5,2022-05,Maio,2,Q2,1,T2,False
2022-05-24,20220524,2022,144,24,2,terça-feira,21,5,2022-05,Maio,2,Q2,1,T2,False
2022-05-25,20220525,2022,145,25,3,quarta-feira,21,5,2022-05,Maio,2,Q2,1,T2,False
2022-05-26,20220526,2022,146,26,4,quinta-feira,21,5,2022-05,Maio,2,Q2,1,T2,False
2022-05-27,20220527,2022,147,27,5,sexta-feira,21,5,2022-05,Maio,2,Q2,1,T2,False
2022-05-28,20220528,2022,148,28,6,sábado,21,5,2022-05,Maio,2,Q2,1,T2,True
2022-05-29,20220529,2022,149,29,7,domingo,21,5,2022-05,Maio,2,Q2,1,T2,True
2022-05-30,20220530,2022,150,30,1,segunda-feira,22,5,2022-05,Maio,2,Q2,1,T2,False
2022-05-31,20220531,2022,151,31,2,terça-feira,22,5,2022-05,Maio,2,Q2,1,T2,False
2022-06-01,20220601,2022,152,1,3,quarta-feira,22,6,2022-06,Junho,2,Q2,1,T2,False
2022-06-02,20220602,2022,153,2,4,quinta-feira,22,6,2022-06,Junho,2,Q2,1,T2,False
2022-06-03,20220603,2022,154,3,5,sexta-feira,22,6,2022-06,Junho,2,Q2,1,T2,False
2022-06-04,20220604,2022,155,4,6,sábado,22,6,2022-06,Junho,2,Q2,1,T2,True
2022-06-05,20220605,2022,156,5,7,domingo,22,6,2022-06,Junho,2,Q2,1,T2,True
2022-06-06,20220606,2022,157,6,1,segunda-feira,23,6,2022-06,Junho,2,Q2,1,T2,False
2022-06-07,20220607,2022,158,7,2,terça-feira,23,6,2022-06,Junho,2,Q2,1,T2,False
2022-06-08,20220608,2022,159,8,3,quarta-feira,23,6,2022-06,Junho,2,Q2,1,T2,False
2022-06-09,20220609,2022,160,9,4,quinta-feira,23,6,2022-06,Junho,2,Q2,1,T2,False
2022-06-10,20220610,2022,161,10,5,sexta-feira,23,6,2022-06,Junho,2,Q2,1,T2,False
2022-06-11,20220611,2022,162,11,6,sábado,23,6,2022-06,Junho,2,Q2,1,T2,True
2022-06-12,20220612,2022,163,12,7,domingo,23,6,2022-06,Junho,2,Q2,1,T2,True
2022-06-13,20220613,2022,164,13,1,segunda-feira,24,6,2022-06,Junho,2,Q2,1,T2,False
2022-06-14,20220614,2022,165,14,2,terça-feira,24,6,2022-06,Junho,2,Q2,1,T2,False
2022-06-15,20220615,2022,166,15,3,quarta-feira,24,6,2022-06,Junho,2,Q2,1,T2,False
2022-06-16,20220616,2022,167,16,4,quinta-feira,24,6,2022-06,Junho,2,Q2,1,T2,False
2022-06-17,20220617,2022,168,17,5,sexta-feira,24,6,2022-06,Junho,2,Q2,1,T2,False
2022-06-18,20220618,2022,169,18,6,sábado,24,6,2022-06,Junho,2,Q2,1,T2,True
2022-06-19,20220619,2022,170,19,7,domingo,24,6,2022-06,Junho,2,Q2,1,T2,True
2022-06-20,20220620,2022,171,20,1,segunda-feira,25,6,2022-06,Junho,2,Q2,1,T2,False
2022-06-21,20220621,2022,172,21,2,terça-feira,25,6,2022-06,Junho,2,Q2,1,T2,False
2022-06-22,20220622,2022,173,22,3,quarta-feira,25,6,2022-06,Junho,2,Q2,1,T2,False
2022-06-23,20220623,2022,174,23,4,quinta-feira,25,6,2022-06,Junho,2,Q2,1,T2,False
2022-06-24,20220624,2022,175,24,5,sexta-feira,25,6,2022-06,Junho,2,Q2,1,T2,False
2022-06-25,20220625,2022,176,25,6,sábado,25,6,2022-06,Junho,2,Q2,1,T2,True
2022-06-26,20220626,2022,177,26,7,domingo,25,6,2022-06,Junho,2,Q2,1,T2,True
2022-06-27,20220627,2022,178,27,1,segunda-feira,26,6,2022-06,Junho,2,Q2,1,T2,False
2022-06-28,20220628,2022,179,28,2,terça-feira,26,6,2022-06,Junho,2,Q2,1,T2,False
2022-06-29,20220629,2022,180,29,3,quarta-feira,26,6,2022-06,Junho,2,Q2,1,T2,False
2022-06-30,20220630,2022,181,30,4,quinta-feira,26,6,2022-06,Junho,2,Q2,1,T2,False
2022-07-01,20220701,2022,182,1,5,sexta-feira,26,7,2022-07,Julho,3,Q3,2,T3,False
2022-07-02,20220702,2022,183,2,6,sábado,26,7,2022-07,Julho,3,Q3,2,T3,True
2022-07-03,20220703,2022,184,3,7,domingo,26,7,2022-07,Julho,3,Q3,2,T3,True
2022-07-04,20220704,2022,185,4,1,segunda-feira,27,7,2022-07,Julho,3,Q3,2,T3,False
2022-07-05,20220705,2022,186,5,2,terça-feira,27,7,2022-07,Julho,3,Q3,2,T3,False
2022-07-06,20220706,2022,187,6,3,quarta-feira,27,7,2022-07,Julho,3,Q3,2,T3,False
2022-07-07,20220707,2022,188,7,4,quinta-feira,27,7,2022-07,Julho,3,Q3,2,T3,False
2022-07-08,20220708,2022,189,8,5,sexta-feira,27,7,2022-07,Julho,3,Q3,2,T3,False
2022-07-09,20220709,2022,190,9,6,sábado,27,7,2022-07,Julho,3,Q3,2,T3,True
2022-07-10,20220710,2022,191,10,7,domingo,27,7,2022-07,Julho,3,Q3,2,T3,True
2022-07-11,20220711,2022,192,11,1,segunda-feira,28,7,2022-07,Julho,3,Q3,2,T3,False
2022-07-12,20220712,2022,193,12,2,terça-feira,28,7,2022-07,Julho,3,Q3,2,T3,False
2022-07-13,20220713,2022,194,13,3,quarta-feira,28,7,2022-07,Julho,3,Q3,2,T3,False
2022-07-14,20220714,2022,195,14,4,quinta-feira,28,7,2022-07,Julho,3,Q3,2,T3,False
2022-07-15,20220715,2022,196,15,5,sexta-feira,28,7,2022-07,Julho,3,Q3,2,T3,False
2022-07-16,20220716,2022,197,16,6,sábado,28,7,2022-07,Julho,3,Q3,2,T3,True
2022-07-17,20220717,2022,198,17,7,domingo,28,7,2022-07,Julho,3,Q3,2,T3,True
2022-07-18,20220718,2022,199,18,1,segunda-feira,29,7,2022-07,Julho,3,Q3,2,T3,False
2022-07-19,20220719,2022,200,19,2,terça-feira,29,7,2022-07,Julho,3,Q3,2,T3,False
2022-07-20,20220720,2022,201,20,3,quarta-feira,29,7,2022-07,Julho,3,Q3,2,T3,False
2022-07-21,20220721,2022,202,21,4,quinta-feira,29,7,2022-07,Julho,3,Q3,2,T3,False
2022-07-22,20220722,2022,203,22,5,sexta-feira,29,7,2022-07,Julho,3,Q3,2,T3,False
2022-07-23,20220723,2022,204,23,6,sábado,29,7,2022-07,Julho,3,Q3,2,T3,True
2022-07-24,20220724,2022,205,24,7,domingo,29,7,2022-07,Julho,3,Q3,2,T3,True
2022-07-25,20220725,2022,206,25,1,segunda-feira,30,7,2022-07,Julho,3,Q3,2,T3,False
2022-07-26,20220726,2022,207,26,2,terça-feira,30,7,2022-07,Julho,3,Q3,2,T3,False
2022-07-27,20220727,2022,208,27,3,quarta-feira,30,7,2022-07,Julho,3,Q3,2,T3,False
2022-07-28,20220728,2022,209,28,4,quinta-feira,30,7,2022-07,Julho,3,Q3,2,T3,False
2022-07-29,20220729,2022,210,29,5,sexta-feira,30,7,2022-07,Julho,3,Q3,2,T3,False
2022-07-30,20220730,2022,211,30,6,sábado,30,7,2022-07,Julho,3,Q3,2,T3,True
2022-07-31,20220731,2022,212,31,7,domingo,30,7,2022-07,Julho,3,Q3,2,T3,True
2022-08-01,20220801,2022,213,1,1,segunda-feira,31,8,2022-08,Agosto,3,Q3,2,T3,False
2022-08-02,20220802,2022,214,2,2,terça-feira,31,8,2022-08,Agosto,3,Q3,2,T3,False
2022-08-03,20220803,2022,215,3,3,quarta-feira,31,8,2022-08,Agosto,3,Q3,2,T3,False
2022-08-04,20220804,2022,216,4,4,quinta-feira,31,8,2022-08,Agosto,3,Q3,2,T3,False
2022-08-05,20220805,2022,217,5,5,sexta-feira,31,8,2022-08,Agosto,3,Q3,2,T3,False
2022-08-06,20220806,2022,218,6,6,sábado,31,8,2022-08,Agosto,3,Q3,2,T3,True
2022-08-07,20220807,2022,219,7,7,domingo,31,8,2022-08,Agosto,3,Q3,2,T3,True
2022-08-08,20220808,2022,220,8,1,segunda-feira,32,8,2022-08,Agosto,3,Q3,2,T3,False
2022-08-09,20220809,2022,221,9,2,terça-feira,32,8,2022-08,Agosto,3,Q3,2,T3,False
2022-08-10,20220810,2022,222,10,3,quarta-feira,32,8,2022-08,Agosto,3,Q3,2,T3,False
2022-08-11,20220811,2022,223,11,4,quinta-feira,32,8,2022-08,Agosto,3,Q3,2,T3,False
2022-08-12,20220812,2022,224,12,5,sexta-feira,32,8,2022-08,Agosto,3,Q3,2,T3,False
2022-08-13,20220813,2022,225,13,6,sábado,32,8,2022-08,Agosto,3,Q3,2,T3,True
2022-08-14,20220814,2022,226,14,7,domingo,32,8,2022-08,Agosto,3,Q3,2,T3,True
2022-08-15,20220815,2022,227,15,1,segunda-feira,33,8,2022-08,Agosto,3,Q3,2,T3,False
2022-08-16,20220816,2022,228,16,2,terça-feira,33,8,2022-08,Agosto,3,Q3,2,T3,False
2022-08-17,20220817,2022,229,17,3,quarta-feira,33,8,2022-08,Agosto,3,Q3,2,T3,False
2022-08-18,20220818,2022,230,18,4,quinta-feira,33,8,2022-08,Agosto,3,Q3,2,T3,False
2022-08-19,20220819,2022,231,19,5,sexta-feira,33,8,2022-08,Agosto,3,Q3,2,T3,False
2022-08-20,20220820,2022,232,20,6,sábado,33,8,2022-08,Agosto,3,Q3,2,T3,True
2022-08-21,20220821,2022,233,21,7,domingo,33,8,2022-08,Agosto,3,Q3,2,T3,True
2022-08-22,20220822,2022,234,22,1,segunda-feira,34,8,2022-08,Agosto,3,Q3,2,T3,False
2022-08-23,20220823,2022,235,23,2,terça-feira,34,8,2022-08,Agosto,3,Q3,2,T3,False
2022-08-24,20220824,2022,236,24,3,quarta-feira,34,8,2022-08,Agosto,3,Q3,2,T3,False
2022-08-25,20220825,2022,237,25,4,quinta-feira,34,8,2022-08,Agosto,3,Q3,2,T3,False
2022-08-26,20220826,2022,238,26,5,sexta-feira,34,8,2022-08,Agosto,3,Q3,2,T3,False
2022-08-27,20220827,2022,239,27,6,sábado,34,8,2022-08,Agosto,3,Q3,2,T3,True
2022-08-28,20220828,2022,240,28,7,domingo,34,8,2022-08,Agosto,3,Q3,2,T3,True
2022-08-29,20220829,2022,241,29,1,segunda-feira,35,8,2022-08,Agosto,3,Q3,2,T3,False
2022-08-30,20220830,2022,242,30,2,terça-feira,35,8,2022-08,Agosto,3,Q3,2,T3,False
2022-08-31,20220831,2022,243,31,3,quarta-feira,35,8,2022-08,Agosto,3,Q3,2,T3,False
2022-09-01,20220901,2022,244,1,4,quinta-feira,35,9,2022-09,Setembro,3,Q3,2,T3,False
2022-09-02,20220902,2022,245,2,5,sexta-feira,35,9,2022-09,Setembro,3,Q3,2,T3,False
2022-09-03,20220903,2022,246,3,6,sábado,35,9,2022-09,Setembro,3,Q3,2,T3,True
2022-09-04,20220904,2022,247,4,7,domingo,35,9,2022-09,Setembro,3,Q3,2,T3,True
2022-09-05,20220905,2022,248,5,1,segunda-feira,36,9,2022-09,Setembro,3,Q3,2,T3,False
2022-09-06,20220906,2022,249,6,2,terça-feira,36,9,2022-09,Setembro,3,Q3,2,T3,False
2022-09-07,20220907,2022,250,7,3,quarta-feira,36,9,2022-09,Setembro,3,Q3,2,T3,False
2022-09-08,20220908,2022,251,8,4,quinta-feira,36,9,2022-09,Setembro,3,Q3,2,T3,False
2022-09-09,20220909,2022,252,9,5,sexta-feira,36,9,2022-09,Setembro,3,Q3,2,T3,False
2022-09-10,20220910,2022,253,10,6,sábado,36,9,2022-09,Setembro,3,Q3,2,T3,True
2022-09-11,20220911,2022,254,11,7,domingo,36,9,2022-09,Setembro,3,Q3,2,T3,True
2022-09-12,20220912,2022,255,12,1,segunda-feira,37,9,2022-09,Setembro,3,Q3,2,T3,False
2022-09-13,20220913,2022,256,13,2,terça-feira,37,9,2022-09,Setembro,3,Q3,2,T3,False
2022-09-14,20220914,2022,257,14,3,quarta-feira,37,9,2022-09,Setembro,3,Q3,2,T3,False
2022-09-15,20220915,2022,258,15,4,quinta-feira,37,9,2022-09,Setembro,3,Q3,2,T3,False
2022-09-16,20220916,2022,259,16,5,sexta-feira,37,9,2022-09,Setembro,3,Q3,2,T3,False
2022-09-17,20220917,2022,260,17,6,sábado,37,9,2022-09,Setembro,3,Q3,2,T3,True
2022-09-18,20220918,2022,261,18,7,domingo,37,9,2022-09,Setembro,3,Q3,2,T3,True
2022-09-19,20220919,2022,262,19,1,segunda-feira,38,9,2022-09,Setembro,3,Q3,2,T3,False
2022-09-20,20220920,2022,263,20,2,terça-feira,38,9,2022-09,Setembro,3,Q3,2,T3,False
2022-09-21,20220921,2022,264,21,3,quarta-feira,38,9,2022-09,Setembro,3,Q3,2,T3,False
2022-09-22,20220922,2022,265,22,4,quinta-feira,38,9,2022-09,Setembro,3,Q3,2,T3,False
2022-09-23,20220923,2022,266,23,5,sexta-feira,38,9,2022-09,Setembro,3,Q3,2,T3,False
2022-09-24,20220924,2022,267,24,6,sábado,38,9,2022-09,Setembro,3,Q3,2,T3,True
2022-09-25,20220925,2022,268,25,7,domingo,38,9,2022-09,Setembro,3,Q3,2,T3,True
2022-09-26,20220926,2022,269,26,1,segunda-feira,39,9,2022-09,Setembro,3,Q3,2,T3,False
2022-09-27,20220927,2022,270,27,2,terça-feira,39,9,2022-09,Setembro,3,Q3,2,T3,False
2022-09-28,20220928,2022,271,28,3,quarta-feira,39,9,2022-09,Setembro,3,Q3,2,T3,False
2022-09-29,20220929,2022,272,29,4,quinta-feira,39,9,2022-09,Setembro,3,Q3,2,T3,False
2022-09-30,20220930,2022,273,30,5,sexta-feira,39,9,2022-09,Setembro,3,Q3,2,T3,False
2022-10-01,20221001,2022,274,1,6,sábado,39,10,2022-10,Outubro,4,Q4,2,T4,True
2022-10-02,20221002,2022,275,2,7,domingo,39,10,2022-10,Outubro,4,Q4,2,T4,True
2022-10-03,20221003,2022,276,3,1,segunda-feira,40,10,2022-10,Outubro,4,Q4,2,T4,False
2022-10-04,20221004,2022,277,4,2,terça-feira,40,10,2022-10,Outubro,4,Q4,2,T4,False
2022-10-05,20221005,2022,278,5,3,quarta-feira,40,10,2022-10,Outubro,4,Q4,2,T4,False
2022-10-06,20221006,2022,279,6,4,quinta-feira,40,10,2022-10,Outubro,4,Q4,2,T4,False
2022-10-07,20221007,2022,280,7,5,sexta-feira,40,10,2022-10,Outubro,4,Q4,2,T4,False
2022-10-08,20221008,2022,281,8,6,sábado,40,10,2022-10,Outubro,4,Q4,2,T4,True
2022-10-09,20221009,2022,282,9,7,domingo,40,10,2022-10,Outubro,4,Q4,2,T4,True
2022-10-10,20221010,2022,283,10,1,segunda-feira,41,10,2022-10,Outubro,4,Q4,2,T4,False
2022-10-11,20221011,2022,284,11,2,terça-feira,41,10,2022-10,Outubro,4,Q4,2,T4,False
2022-10-12,20221012,2022,285,12,3,quarta-feira,41,10,2022-10,Outubro,4,Q4,2,T4,False
2022-10-13,20221013,2022,286,13,4,quinta-feira,41,10,2022-10,Outubro,4,Q4,2,T4,False
2022-10-14,20221014,2022,287,14,5,sexta-feira,41,10,2022-10,Outubro,4,Q4,2,T4,False
2022-10-15,20221015,2022,288,15,6,sábado,41,10,2022-10,Outubro,4,Q4,2,T4,True
2022-10-16,20221016,2022,289,16,7,domingo,41,10,2022-10,Outubro,4,Q4,2,T4,True
2022-10-17,20221017,2022,290,17,1,segunda-feira,42,10,2022-10,Outubro,4,Q4,2,T4,False
2022-10-18,20221018,2022,291,18,2,terça-feira,42,10,2022-10,Outubro,4,Q4,2,T4,False
2022-10-19,20221019,2022,292,19,3,quarta-feira,42,10,2022-10,Outubro,4,Q4,2,T4,False
2022-10-20,20221020,2022,293,20,4,quinta-feira,42,10,2022-10,Outubro,4,Q4,2,T4,False
2022-10-21,20221021,2022,294,21,5,sexta-feira,42,10,2022-10,Outubro,4,Q4,2,T4,False
2022-10-22,20221022,2022,295,22,6,sábado,42,10,2022-10,Outubro,4,Q4,2,T4,True
2022-10-23,20221023,2022,296,23,7,domingo,42,10,2022-10,Outubro,4,Q4,2,T4,True
2022-10-24,20221024,2022,297,24,1,segunda-feira,43,10,2022-10,Outubro,4,Q4,2,T4,False
2022-10-25,20221025,2022,298,25,2,terça-feira,43,10,2022-10,Outubro,4,Q4,2,T4,False
2022-10-26,20221026,2022,299,26,3,quarta-feira,43,10,2022-10,Outubro,4,Q4,2,T4,False
2022-10-27,20221027,2022,300,27,4,quinta-feira,43,10,2022-10,Outubro,4,Q4,2,T4,False
2022-10-28,20221028,2022,301,28,5,sexta-feira,43,10,2022-10,Outubro,4,Q4,2,T4,False
2022-10-29,20221029,2022,302,29,6,sábado,43,10,2022-10,Outubro,4,Q4,2,T4,True
2022-10-30,20221030,2022,303,30,7,domingo,43,10,2022-10,Outubro,4,Q4,2,T4,True
2022-10-31,20221031,2022,304,31,1,segunda-feira,44,10,2022-10,Outubro,4,Q4,2,T4,False
2022-11-01,20221101,2022,305,1,2,terça-feira,44,11,2022-11,Novembro,4,Q4,2,T4,False
2022-11-02,20221102,2022,306,2,3,quarta-feira,44,11,2022-11,Novembro,4,Q4,2,T4,False
2022-11-03,20221103,2022,307,3,4,quinta-feira,44,11,2022-11,Novembro,4,Q4,2,T4,False
2022-11-04,20221104,2022,308,4,5,sexta-feira,44,11,2022-11,Novembro,4,Q4,2,T4,False
2022-11-05,20221105,2022,309,5,6,sábado,44,11,2022-11,Novembro,4,Q4,2,T4,True
2022-11-06,20221106,2022,310,6,7,domingo,44,11,2022-11,Novembro,4,Q4,2,T4,True
2022-11-07,20221107,2022,311,7,1,segunda-feira,45,11,2022-11,Novembro,4,Q4,2,T4,False
2022-11-08,20221108,2022,312,8,2,terça-feira,45,11,2022-11,Novembro,4,Q4,2,T4,False
2022-11-09,20221109,2022,313,9,3,quarta-feira,45,11,2022-11,Novembro,4,Q4,2,T4,False
2022-11-10,20221110,2022,314,10,4,quinta-feira,45,11,2022-11,Novembro,4,Q4,2,T4,False
2022-11-11,20221111,2022,315,11,5,sexta-feira,45,11,2022-11,Novembro,4,Q4,2,T4,False
2022-11-12,20221112,2022,316,12,6,sábado,45,11,2022-11,Novembro,4,Q4,2,T4,True
2022-11-13,20221113,2022,317,13,7,domingo,45,11,2022-11,Novembro,4,Q4,2,T4,True
2022-11-14,20221114,2022,318,14,1,segunda-feira,46,11,2022-11,Novembro,4,Q4,2,T4,False
2022-11-15,20221115,2022,319,15,2,terça-feira,46,11,2022-11,Novembro,4,Q4,2,T4,False
2022-11-16,20221116,2022,320,16,3,quarta-feira,46,11,2022-11,Novembro,4,Q4,2,T4,False
2022-11-17,20221117,2022,321,17,4,quinta-feira,46,11,2022-11,Novembro,4,Q4,2,T4,False
2022-11-18,20221118,2022,322,18,5,sexta-feira,46,11,2022-11,Novembro,4,Q4,2,T4,False
2022-11-19,20221119,2022,323,19,6,sábado,46,11,2022-11,Novembro,4,Q4,2,T4,True
2022-11-20,20221120,2022,324,20,7,domingo,46,11,2022-11,Novembro,4,Q4,2,T4,True
2022-11-21,20221121,2022,325,21,1,segunda-feira,47,11,2022-11,Novembro,4,Q4,2,T4,False
2022-11-22,20221122,2022,326,22,2,terça-feira,47,11,2022-11,Novembro,4,Q4,2,T4,False
2022-11-23,20221123,2022,327,23,3,quarta-feira,47,11,2022-11,Novembro,4,Q4,2,T4,False
2022-11-24,20221124,2022,328,24,4,quinta-feira,47,11,2022-11,Novembro,4,Q4,2,T4,False
2022-11-25,20221125,2022,329,25,5,sexta-feira,47,11,2022-11,Novembro,4,Q4,2,T4,False
2022-11-26,20221126,2022,330,26,6,sábado,47,11,2022-11,Novembro,4,Q4,2,T4,True
2022-11-27,20221127,2022,331,27,7,domingo,47,11,2022-11,Novembro,4,Q4,2,T4,True
2022-11-28,20221128,2022,332,28,1,segunda-feira,48,11,2022-11,Novembro,4,Q4,2,T4,False
2022-11-29,20221129,2022,333,29,2,terça-feira,48,11,2022-11,Novembro,4,Q4,2,T4,False
2022-11-30,20221130,2022,334,30,3,quarta-feira,48,11,2022-11,Novembro,4,Q4,2,T4,False
2022-12-01,20221201,2022,335,1,4,quinta-feira,48,12,2022-12,Dezembro,4,Q4,2,T4,False
2022-12-02,20221202,2022,336,2,5,sexta-feira,48,12,2022-12,Dezembro,4,Q4,2,T4,False
2022-12-03,20221203,2022,337,3,6,sábado,48,12,2022-12,Dezembro,4,Q4,2,T4,True
2022-12-04,20221204,2022,338,4,7,domingo,48,12,2022-12,Dezembro,4,Q4,2,T4,True
2022-12-05,20221205,2022,339,5,1,segunda-feira,49,12,2022-12,Dezembro,4,Q4,2,T4,False
2022-12-06,20221206,2022,340,6,2,terça-feira,49,12,2022-12,Dezembro,4,Q4,2,T4,False
2022-12-07,20221207,2022,341,7,3,quarta-feira,49,12,2022-12,Dezembro,4,Q4,2,T4,False
2022-12-08,20221208,2022,342,8,4,quinta-feira,49,12,2022-12,Dezembro,4,Q4,2,T4,False
2022-12-09,20221209,2022,343,9,5,sexta-feira,49,12,2022-12,Dezembro,4,Q4,2,T4,False
2022-12-10,20221210,2022,344,10,6,sábado,49,12,2022-12,Dezembro,4,Q4,2,T4,True
2022-12-11,20221211,2022,345,11,7,domingo,49,12,2022-12,Dezembro,4,Q4,2,T4,True
2022-12-12,20221212,2022,346,12,1,segunda-feira,50,12,2022-12,Dezembro,4,Q4,2,T4,False
2022-12-13,20221213,2022,347,13,2,terça-feira,50,12,2022-12,Dezembro,4,Q4,2,T4,False
2022-12-14,20221214,2022,348,14,3,quarta-feira,50,12,2022-12,Dezembro,4,Q4,2,T4,False
2022-12-15,20221215,2022,349,15,4,quinta-feira,50,12,2022-12,Dezembro,4,Q4,2,T4,False
2022-12-16,20221216,2022,350,16,5,sexta-feira,50,12,2022-12,Dezembro,4,Q4,2,T4,False
2022-12-17,20221217,2022,351,17,6,sábado,50,12,2022-12,Dezembro,4,Q4,2,T4,True
2022-12-18,20221218,2022,352,18,7,domingo,50,12,2022-12,Dezembro,4,Q4,2,T4,True
2022-12-19,20221219,2022,353,19,1,segunda-feira,51,12,2022-12,Dezembro,4,Q4,2,T4,False
2022-12-20,20221220,2022,354,20,2,terça-feira,51,12,2022-12,Dezembro,4,Q4,2,T4,False
2022-12-21,20221221,2022,355,21,3,quarta-feira,51,12,2022-12,Dezembro,4,Q4,2,T4,False
2022-12-22,20221222,2022,356,22,4,quinta-feira,51,12,2022-12,Dezembro,4,Q4,2,T4,False
2022-12-23,20221223,2022,357,23,5,sexta-feira,51,12,2022-12,Dezembro,4,Q4,2,T4,False
2022-12-24,20221224,2022,358,24,6,sábado,51,12,2022-12,Dezembro,4,Q4,2,T4,True
2022-12-25,20221225,2022,359,25,7,domingo,51,12,2022-12,Dezembro,4,Q4,2,T4,True
2022-12-26,20221226,2022,360,26,1,segunda-feira,52,12,2022-12,Dezembro,4,Q4,2,T4,False
2022-12-27,20221227,2022,361,27,2,terça-feira,52,12,2022-12,Dezembro,4,Q4,2,T4,False
2022-12-28,20221228,2022,362,28,3,quarta-feira,52,12,2022-12,Dezembro,4,Q4,2,T4,False
2022-12-29,20221229,2022,363,29,4,quinta-feira,52,12,2022-12,Dezembro,4,Q4,2,T4,False
2022-12-30,20221230,2022,364,30,5,sexta-feira,52,12,2022-12,Dezembro,4,Q4,2,T4,False
2022-12-31,20221231,2022,365,31,6,sábado,52,12,2022-12,Dezembro,4,Q4,2,T4,True
2023-01-01,20230101,2023,1,1,7,domingo,52,1,2023-01,Janeiro,1,Q1,1,T1,True
2023-01-02,20230102,2023,2,2,1,segunda-feira,1,1,2023-01,Janeiro,1,Q1,1,T1,False
2023-01-03,20230103,2023,3,3,2,terça-feira,1,1,2023-01,Janeiro,1,Q1,1,T1,False
2023-01-04,20230104,2023,4,4,3,quarta-feira,1,1,2023-01,Janeiro,1,Q1,1,T1,False
2023-01-05,20230105,2023,5,5,4,quinta-feira,1,1,2023-01,Janeiro,1,Q1,1,T1,False
2023-01-06,20230106,2023,6,6,5,sexta-feira,1,1,2023-01,Janeiro,1,Q1,1,T1,False
2023-01-07,20230107,2023,7,7,6,sábado,1,1,2023-01,Janeiro,1,Q1,1,T1,True
2023-01-08,20230108,2023,8,8,7,domingo,1,1,2023-01,Janeiro,1,Q1,1,T1,True
2023-01-09,20230109,2023,9,9,1,segunda-feira,2,1,2023-01,Janeiro,1,Q1,1,T1,False
2023-01-10,20230110,2023,10,10,2,terça-feira,2,1,2023-01,Janeiro,1,Q1,1,T1,False
2023-01-11,20230111,2023,11,11,3,quarta-feira,2,1,2023-01,Janeiro,1,Q1,1,T1,False
2023-01-12,20230112,2023,12,12,4,quinta-feira,2,1,2023-01,Janeiro,1,Q1,1,T1,False
2023-01-13,20230113,2023,13,13,5,sexta-feira,2,1,2023-01,Janeiro,1,Q1,1,T1,False
2023-01-14,20230114,2023,14,14,6,sábado,2,1,2023-01,Janeiro,1,Q1,1,T1,True
2023-01-15,20230115,2023,15,15,7,domingo,2,1,2023-01,Janeiro,1,Q1,1,T1,True
2023-01-16,20230116,2023,16,16,1,segunda-feira,3,1,2023-01,Janeiro,1,Q1,1,T1,False
2023-01-17,20230117,2023,17,17,2,terça-feira,3,1,2023-01,Janeiro,1,Q1,1,T1,False
2023-01-18,20230118,2023,18,18,3,quarta-feira,3,1,2023-01,Janeiro,1,Q1,1,T1,False
2023-01-19,20230119,2023,19,19,4,quinta-feira,3,1,2023-01,Janeiro,1,Q1,1,T1,False
2023-01-20,20230120,2023,20,20,5,sexta-feira,3,1,2023-01,Janeiro,1,Q1,1,T1,False
2023-01-21,20230121,2023,21,21,6,sábado,3,1,2023-01,Janeiro,1,Q1,1,T1,True
2023-01-22,20230122,2023,22,22,7,domingo,3,1,2023-01,Janeiro,1,Q1,1,T1,True
2023-01-23,20230123,2023,23,23,1,segunda-feira,4,1,2023-01,Janeiro,1,Q1,1,T1,False
2023-01-24,20230124,2023,24,24,2,terça-feira,4,1,2023-01,Janeiro,1,Q1,1,T1,False
2023-01-25,20230125,2023,25,25,3,quarta-feira,4,1,2023-01,Janeiro,1,Q1,1,T1,False
2023-01-26,20230126,2023,26,26,4,quinta-feira,4,1,2023-01,Janeiro,1,Q1,1,T1,False
2023-01-27,20230127,2023,27,27,5,sexta-feira,4,1,2023-01,Janeiro,1,Q1,1,T1,False
2023-01-28,20230128,2023,28,28,6,sábado,4,1,2023-01,Janeiro,1,Q1,1,T1,True
2023-01-29,20230129,2023,29,29,7,domingo,4,1,2023-01,Janeiro,1,Q1,1,T1,True
2023-01-30,20230130,2023,30,30,1,segunda-feira,5,1,2023-01,Janeiro,1,Q1,1,T1,False
2023-01-31,20230131,2023,31,31,2,terça-feira,5,1,2023-01,Janeiro,1,Q1,1,T1,False
2023-02-01,20230201,2023,32,1,3,quarta-feira,5,2,2023-02,Fevereiro,1,Q1,1,T1,False
2023-02-02,20230202,2023,33,2,4,quinta-feira,5,2,2023-02,Fevereiro,1,Q1,1,T1,False
2023-02-03,20230203,2023,34,3,5,sexta-feira,5,2,2023-02,Fevereiro,1,Q1,1,T1,False
2023-02-04,20230204,2023,35,4,6,sábado,5,2,2023-02,Fevereiro,1,Q1,1,T1,True
2023-02-05,20230205,2023,36,5,7,domingo,5,2,2023-02,Fevereiro,1,Q1,1,T1,True
2023-02-06,20230206,2023,37,6,1,segunda-feira,6,2,2023-02,Fevereiro,1,Q1,1,T1,False
2023-02-07,20230207,2023,38,7,2,terça-feira,6,2,2023-02,Fevereiro,1,Q1,1,T1,False
2023-02-08,20230208,2023,39,8,3,quarta-feira,6,2,2023-02,Fevereiro,1,Q1,1,T1,False
2023-02-09,20230209,2023,40,9,4,quinta-feira,6,2,2023-02,Fevereiro,1,Q1,1,T1,False
2023-02-10,20230210,2023,41,10,5,sexta-feira,6,2,2023-02,Fevereiro,1,Q1,1,T1,False
2023-02-11,20230211,2023,42,11,6,sábado,6,2,2023-02,Fevereiro,1,Q1,1,T1,True
2023-02-12,20230212,2023,43,12,7,domingo,6,2,2023-02,Fevereiro,1,Q1,1,T1,True
2023-02-13,20230213,2023,44,13,1,segunda-feira,7,2,2023-02,Fevereiro,1,Q1,1,T1,False
2023-02-14,20230214,2023,45,14,2,terça-feira,7,2,2023-02,Fevereiro,1,Q1,1,T1,False
2023-02-15,20230215,2023,46,15,3,quarta-feira,7,2,2023-02,Fevereiro,1,Q1,1,T1,False
2023-02-16,20230216,2023,47,16,4,quinta-feira,7,2,2023-02,Fevereiro,1,Q1,1,T1,False
2023-02-17,20230217,2023,48,17,5,sexta-feira,7,2,2023-02,Fevereiro,1,Q1,1,T1,False
2023-02-18,20230218,2023,49,18,6,sábado,7,2,2023-02,Fevereiro,1,Q1,1,T1,True
2023-02-19,20230219,2023,50,19,7,domingo,7,2,2023-02,Fevereiro,1,Q1,1,T1,True
2023-02-20,20230220,2023,51,20,1,segunda-feira,8,2,2023-02,Fevereiro,1,Q1,1,T1,False
2023-02-21,20230221,2023,52,21,2,terça-feira,8,2,2023-02,Fevereiro,1,Q1,1,T1,False
2023-02-22,20230222,2023,53,22,3,quarta-feira,8,2,2023-02,Fevereiro,1,Q1,1,T1,False
2023-02-23,20230223,2023,54,23,4,quinta-feira,8,2,2023-02,Fevereiro,1,Q1,1,T1,False
2023-02-24,20230224,2023,55,24,5,sexta-feira,8,2,2023-02,Fevereiro,1,Q1,1,T1,False
2023-02-25,20230225,2023,56,25,6,sábado,8,2,2023-02,Fevereiro,1,Q1,1,T1,True
2023-02-26,20230226,2023,57,26,7,domingo,8,2,2023-02,Fevereiro,1,Q1,1,T1,True
2023-02-27,20230227,2023,58,27,1,segunda-feira,9,2,2023-02,Fevereiro,1,Q1,1,T1,False
2023-02-28,20230228,2023,59,28,2,terça-feira,9,2,2023-02,Fevereiro,1,Q1,1,T1,False
2023-03-01,20230301,2023,60,1,3,quarta-feira,9,3,2023-03,Março,1,Q1,1,T1,False
2023-03-02,20230302,2023,61,2,4,quinta-feira,9,3,2023-03,Março,1,Q1,1,T1,False
2023-03-03,20230303,2023,62,3,5,sexta-feira,9,3,2023-03,Março,1,Q1,1,T1,False
2023-03-04,20230304,2023,63,4,6,sábado,9,3,2023-03,Março,1,Q1,1,T1,True
2023-03-05,20230305,2023,64,5,7,domingo,9,3,2023-03,Março,1,Q1,1,T1,True
2023-03-06,20230306,2023,65,6,1,segunda-feira,10,3,2023-03,Março,1,Q1,1,T1,False
2023-03-07,20230307,2023,66,7,2,terça-feira,10,3,2023-03,Março,1,Q1,1,T1,False
2023-03-08,20230308,2023,67,8,3,quarta-feira,10,3,2023-03,Março,1,Q1,1,T1,False
2023-03-09,20230309,2023,68,9,4,quinta-feira,10,3,2023-03,Março,1,Q1,1,T1,False
2023-03-10,20230310,2023,69,10,5,sexta-feira,10,3,2023-03,Março,1,Q1,1,T1,False
2023-03-11,20230311,2023,70,11,6,sábado,10,3,2023-03,Março,1,Q1,1,T1,True
2023-03-12,20230312,2023,71,12,7,domingo,10,3,2023-03,Março,1,Q1,1,T1,True
2023-03-13,20230313,2023,72,13,1,segunda-feira,11,3,2023-03,Março,1,Q1,1,T1,False
2023-03-14,20230314,2023,73,14,2,terça-feira,11,3,2023-03,Março,1,Q1,1,T1,False
2023-03-15,20230315,2023,74,15,3,quarta-feira,11,3,2023-03,Março,1,Q1,1,T1,False
2023-03-16,20230316,2023,75,16,4,quinta-feira,11,3,2023-03,Março,1,Q1,1,T1,False
2023-03-17,20230317,2023,76,17,5,sexta-feira,11,3,2023-03,Março,1,Q1,1,T1,False
2023-03-18,20230318,2023,77,18,6,sábado,11,3,2023-03,Março,1,Q1,1,T1,True
2023-03-19,20230319,2023,78,19,7,domingo,11,3,2023-03,Março,1,Q1,1,T1,True
2023-03-20,20230320,2023,79,20,1,segunda-feira,12,3,2023-03,Março,1,Q1,1,T1,False
2023-03-21,20230321,2023,80,21,2,terça-feira,12,3,2023-03,Março,1,Q1,1,T1,False
2023-03-22,20230322,2023,81,22,3,quarta-feira,12,3,2023-03,Março,1,Q1,1,T1,False
2023-03-23,20230323,2023,82,23,4,quinta-feira,12,3,2023-03,Março,1,Q1,1,T1,False
2023-03-24,20230324,2023,83,24,5,sexta-feira,12,3,2023-03,Março,1,Q1,1,T1,False
2023-03-25,20230325,2023,84,25,6,sábado,12,3,2023-03,Março,1,Q1,1,T1,True
2023-03-26,20230326,2023,85,26,7,domingo,12,3,2023-03,Março,1,Q1,1,T1,True
2023-03-27,20230327,2023,86,27,1,segunda-feira,13,3,2023-03,Março,1,Q1,1,T1,False
2023-03-28,20230328,2023,87,28,2,terça-feira,13,3,2023-03,Março,1,Q1,1,T1,False
2023-03-29,20230329,2023,88,29,3,quarta-feira,13,3,2023-03,Março,1,Q1,1,T1,False
2023-03-30,20230330,2023,89,30,4,quinta-feira,13,3,2023-03,Março,1,Q1,1,T1,False
2023-03-31,20230331,2023,90,31,5,sexta-feira,13,3,2023-03,Março,1,Q1,1,T1,False
2023-04-01,20230401,2023,91,1,6,sábado,13,4,2023-04,Abril,2,Q2,1,T2,True
2023-04-02,20230402,2023,92,2,7,domingo,13,4,2023-04,Abril,2,Q2,1,T2,True
2023-04-03,20230403,2023,93,3,1,segunda-feira,14,4,2023-04,Abril,2,Q2,1,T2,False
2023-04-04,20230404,2023,94,4,2,terça-feira,14,4,2023-04,Abril,2,Q2,1,T2,False
2023-04-05,20230405,2023,95,5,3,quarta-feira,14,4,2023-04,Abril,2,Q2,1,T2,False
2023-04-06,20230406,2023,96,6,4,quinta-feira,14,4,2023-04,Abril,2,Q2,1,T2,False
2023-04-07,20230407,2023,97,7,5,sexta-feira,14,4,2023-04,Abril,2,Q2,1,T2,False
2023-04-08,20230408,2023,98,8,6,sábado,14,4,2023-04,Abril,2,Q2,1,T2,True
2023-04-09,20230409,2023,99,9,7,domingo,14,4,2023-04,Abril,2,Q2,1,T2,True
2023-04-10,20230410,2023,100,10,1,segunda-feira,15,4,2023-04,Abril,2,Q2,1,T2,False
2023-04-11,20230411,2023,101,11,2,terça-feira,15,4,2023-04,Abril,2,Q2,1,T2,False
2023-04-12,20230412,2023,102,12,3,quarta-feira,15,4,2023-04,Abril,2,Q2,1,T2,False
2023-04-13,20230413,2023,103,13,4,quinta-feira,15,4,2023-04,Abril,2,Q2,1,T2,False
2023-04-14,20230414,2023,104,14,5,sexta-feira,15,4,2023-04,Abril,2,Q2,1,T2,False
2023-04-15,20230415,2023,105,15,6,sábado,15,4,2023-04,Abril,2,Q2,1,T2,True
2023-04-16,20230416,2023,106,16,7,domingo,15,4,2023-04,Abril,2,Q2,1,T2,True
2023-04-17,20230417,2023,107,17,1,segunda-feira,16,4,2023-04,Abril,2,Q2,1,T2,False
2023-04-18,20230418,2023,108,18,2,terça-feira,16,4,2023-04,Abril,2,Q2,1,T2,False
2023-04-19,20230419,2023,109,19,3,quarta-feira,16,4,2023-04,Abril,2,Q2,1,T2,False
2023-04-20,20230420,2023,110,20,4,quinta-feira,16,4,2023-04,Abril,2,Q2,1,T2,False
2023-04-21,20230421,2023,111,21,5,sexta-feira,16,4,2023-04,Abril,2,Q2,1,T2,False
2023-04-22,20230422,2023,112,22,6,sábado,16,4,2023-04,Abril,2,Q2,1,T2,True
2023-04-23,20230423,2023,113,23,7,domingo,16,4,2023-04,Abril,2,Q2,1,T2,True
2023-04-24,20230424,2023,114,24,1,segunda-feira,17,4,2023-04,Abril,2,Q2,1,T2,False
2023-04-25,20230425,2023,115,25,2,terça-feira,17,4,2023-04,Abril,2,Q2,1,T2,False
2023-04-26,20230426,2023,116,26,3,quarta-feira,17,4,2023-04,Abril,2,Q2,1,T2,False
2023-04-27,20230427,2023,117,27,4,quinta-feira,17,4,2023-04,Abril,2,Q2,1,T2,False
2023-04-28,20230428,2023,118,28,5,sexta-feira,17,4,2023-04,Abril,2,Q2,1,T2,False
2023-04-29,20230429,2023,119,29,6,sábado,17,4,2023-04,Abril,2,Q2,1,T2,True
2023-04-30,20230430,2023,120,30,7,domingo,17,4,2023-04,Abril,2,Q2,1,T2,True
2023-05-01,20230501,2023,121,1,1,segunda-feira,18,5,2023-05,Maio,2,Q2,1,T2,False
2023-05-02,20230502,2023,122,2,2,terça-feira,18,5,2023-05,Maio,2,Q2,1,T2,False
2023-05-03,20230503,2023,123,3,3,quarta-feira,18,5,2023-05,Maio,2,Q2,1,T2,False
2023-05-04,20230504,2023,124,4,4,quinta-feira,18,5,2023-05,Maio,2,Q2,1,T2,False
2023-05-05,20230505,2023,125,5,5,sexta-feira,18,5,2023-05,Maio,2,Q2,1,T2,False
2023-05-06,20230506,2023,126,6,6,sábado,18,5,2023-05,Maio,2,Q2,1,T2,True
2023-05-07,20230507,2023,127,7,7,domingo,18,5,2023-05,Maio,2,Q2,1,T2,True
2023-05-08,20230508,2023,128,8,1,segunda-feira,19,5,2023-05,Maio,2,Q2,1,T2,False
2023-05-09,20230509,2023,129,9,2,terça-feira,19,5,2023-05,Maio,2,Q2,1,T2,False
2023-05-10,20230510,2023,130,10,3,quarta-feira,19,5,2023-05,Maio,2,Q2,1,T2,False
2023-05-11,20230511,2023,131,11,4,quinta-feira,19,5,2023-05,Maio,2,Q2,1,T2,False
2023-05-12,20230512,2023,132,12,5,sexta-feira,19,5,2023-05,Maio,2,Q2,1,T2,False
2023-05-13,20230513,2023,133,13,6,sábado,19,5,2023-05,Maio,2,Q2,1,T2,True
2023-05-14,20230514,2023,134,14,7,domingo,19,5,2023-05,Maio,2,Q2,1,T2,True
2023-05-15,20230515,2023,135,15,1,segunda-feira,20,5,2023-05,Maio,2,Q2,1,T2,False
2023-05-16,20230516,2023,136,16,2,terça-feira,20,5,2023-05,Maio,2,Q2,1,T2,False
2023-05-17,20230517,2023,137,17,3,quarta-feira,20,5,2023-05,Maio,2,Q2,1,T2,False
2023-05-18,20230518,2023,138,18,4,quinta-feira,20,5,2023-05,Maio,2,Q2,1,T2,False
2023-05-19,20230519,2023,139,19,5,sexta-feira,20,5,2023-05,Maio,2,Q2,1,T2,False
2023-05-20,20230520,2023,140,20,6,sábado,20,5,2023-05,Maio,2,Q2,1,T2,True
2023-05-21,20230521,2023,141,21,7,domingo,20,5,2023-05,Maio,2,Q2,1,T2,True
2023-05-22,20230522,2023,142,22,1,segunda-feira,21,5,2023-05,Maio,2,Q2,1,T2,False
2023-05-23,20230523,2023,143,23,2,terça-feira,21,5,2023-05,Maio,2,Q2,1,T2,False
2023-05-24,20230524,2023,144,24,3,quarta-feira,21,5,2023-05,Maio,2,Q2,1,T2,False
2023-05-25,20230525,2023,145,25,4,quinta-feira,21,5,2023-05,Maio,2,Q2,1,T2,False
2023-05-26,20230526,2023,146,26,5,sexta-feira,21,5,2023-05,Maio,2,Q2,1,T2,False
2023-05-27,20230527,2023,147,27,6,sábado,21,5,2023-05,Maio,2,Q2,1,T2,True
2023-05-28,20230528,2023,148,28,7,domingo,21,5,2023-05,Maio,2,Q2,1,T2,True
2023-05-29,20230529,2023,149,29,1,segunda-feira,22,5,2023-05,Maio,2,Q2,1,T2,False
2023-05-30,20230530,2023,150,30,2,terça-feira,22,5,2023-05,Maio,2,Q2,1,T2,False
2023-05-31,20230531,2023,151,31,3,quarta-feira,22,5,2023-05,Maio,2,Q2,1,T2,False
2023-06-01,20230601,2023,152,1,4,quinta-feira,22,6,2023-06,Junho,2,Q2,1,T2,False
2023-06-02,20230602,2023,153,2,5,sexta-feira,22,6,2023-06,Junho,2,Q2,1,T2,False
2023-06-03,20230603,2023,154,3,6,sábado,22,6,2023-06,Junho,2,Q2,1,T2,True
2023-06-04,20230604,2023,155,4,7,domingo,22,6,2023-06,Junho,2,Q2,1,T2,True
2023-06-05,20230605,2023,156,5,1,segunda-feira,23,6,2023-06,Junho,2,Q2,1,T2,False
2023-06-06,20230606,2023,157,6,2,terça-feira,23,6,2023-06,Junho,2,Q2,1,T2,False
2023-06-07,20230607,2023,158,7,3,quarta-feira,23,6,2023-06,Junho,2,Q2,1,T2,False
2023-06-08,20230608,2023,159,8,4,quinta-feira,23,6,2023-06,Junho,2,Q2,1,T2,False
2023-06-09,20230609,2023,160,9,5,sexta-feira,23,6,2023-06,Junho,2,Q2,1,T2,False
2023-06-10,20230610,2023,161,10,6,sábado,23,6,2023-06,Junho,2,Q2,1,T2,True
2023-06-11,20230611,2023,162,11,7,domingo,23,6,2023-06,Junho,2,Q2,1,T2,True
2023-06-12,20230612,2023,163,12,1,segunda-feira,24,6,2023-06,Junho,2,Q2,1,T2,False
2023-06-13,20230613,2023,164,13,2,terça-feira,24,6,2023-06,Junho,2,Q2,1,T2,False
2023-06-14,20230614,2023,165,14,3,quarta-feira,24,6,2023-06,Junho,2,Q2,1,T2,False
2023-06-15,20230615,2023,166,15,4,quinta-feira,24,6,2023-06,Junho,2,Q2,1,T2,False
2023-06-16,20230616,2023,167,16,5,sexta-feira,24,6,2023-06,Junho,2,Q2,1,T2,False
2023-06-17,20230617,2023,168,17,6,sábado,24,6,2023-06,Junho,2,Q2,1,T2,True
2023-06-18,20230618,2023,169,18,7,domingo,24,6,2023-06,Junho,2,Q2,1,T2,True
2023-06-19,20230619,2023,170,19,1,segunda-feira,25,6,2023-06,Junho,2,Q2,1,T2,False
2023-06-20,20230620,2023,171,20,2,terça-feira,25,6,2023-06,Junho,2,Q2,1,T2,False
2023-06-21,20230621,2023,172,21,3,quarta-feira,25,6,2023-06,Junho,2,Q2,1,T2,False
2023-06-22,20230622,2023,173,22,4,quinta-feira,25,6,2023-06,Junho,2,Q2,1,T2,False
2023-06-23,20230623,2023,174,23,5,sexta-feira,25,6,2023-06,Junho,2,Q2,1,T2,False
2023-06-24,20230624,2023,175,24,6,sábado,25,6,2023-06,Junho,2,Q2,1,T2,True
2023-06-25,20230625,2023,176,25,7,domingo,25,6,2023-06,Junho,2,Q2,1,T2,True
2023-06-26,20230626,2023,177,26,1,segunda-feira,26,6,2023-06,Junho,2,Q2,1,T2,False
2023-06-27,20230627,2023,178,27,2,terça-feira,26,6,2023-06,Junho,2,Q2,1,T2,False
2023-06-28,20230628,2023,179,28,3,quarta-feira,26,6,2023-06,Junho,2,Q2,1,T2,False
2023-06-29,20230629,2023,180,29,4,quinta-feira,26,6,2023-06,Junho,2,Q2,1,T2,False
2023-06-30,20230630,2023,181,30,5,sexta-feira,26,6,2023-06,Junho,2,Q2,1,T2,False
2023-07-01,20230701,2023,182,1,6,sábado,26,7,2023-07,Julho,3,Q3,2,T3,True
2023-07-02,20230702,2023,183,2,7,domingo,26,7,2023-07,Julho,3,Q3,2,T3,True
2023-07-03,20230703,2023,184,3,1,segunda-feira,27,7,2023-07,Julho,3,Q3,2,T3,False
2023-07-04,20230704,2023,185,4,2,terça-feira,27,7,2023-07,Julho,3,Q3,2,T3,False
2023-07-05,20230705,2023,186,5,3,quarta-feira,27,7,2023-07,Julho,3,Q3,2,T3,False
2023-07-06,20230706,2023,187,6,4,quinta-feira,27,7,2023-07,Julho,3,Q3,2,T3,False
2023-07-07,20230707,2023,188,7,5,sexta-feira,27,7,2023-07,Julho,3,Q3,2,T3,False
2023-07-08,20230708,2023,189,8,6,sábado,27,7,2023-07,Julho,3,Q3,2,T3,True
2023-07-09,20230709,2023,190,9,7,domingo,27,7,2023-07,Julho,3,Q3,2,T3,True
2023-07-10,20230710,2023,191,10,1,segunda-feira,28,7,2023-07,Julho,3,Q3,2,T3,False
2023-07-11,20230711,2023,192,11,2,terça-feira,28,7,2023-07,Julho,3,Q3,2,T3,False
2023-07-12,20230712,2023,193,12,3,quarta-feira,28,7,2023-07,Julho,3,Q3,2,T3,False
2023-07-13,20230713,2023,194,13,4,quinta-feira,28,7,2023-07,Julho,3,Q3,2,T3,False
2023-07-14,20230714,2023,195,14,5,sexta-feira,28,7,2023-07,Julho,3,Q3,2,T3,False
2023-07-15,20230715,2023,196,15,6,sábado,28,7,2023-07,Julho,3,Q3,2,T3,True
2023-07-16,20230716,2023,197,16,7,domingo,28,7,2023-07,Julho,3,Q3,2,T3,True
2023-07-17,20230717,2023,198,17,1,segunda-feira,29,7,2023-07,Julho,3,Q3,2,T3,False
2023-07-18,20230718,2023,199,18,2,terça-feira,29,7,2023-07,Julho,3,Q3,2,T3,False
2023-07-19,20230719,2023,200,19,3,quarta-feira,29,7,2023-07,Julho,3,Q3,2,T3,False
2023-07-20,20230720,2023,201,20,4,quinta-feira,29,7,2023-07,Julho,3,Q3,2,T3,False
2023-07-21,20230721,2023,202,21,5,sexta-feira,29,7,2023-07,Julho,3,Q3,2,T3,False
2023-07-22,20230722,2023,203,22,6,sábado,29,7,2023-07,Julho,3,Q3,2,T3,True
2023-07-23,20230723,2023,204,23,7,domingo,29,7,2023-07,Julho,3,Q3,2,T3,True
2023-07-24,20230724,2023,205,24,1,segunda-feira,30,7,2023-07,Julho,3,Q3,2,T3,False
2023-07-25,20230725,2023,206,25,2,terça-feira,30,7,2023-07,Julho,3,Q3,2,T3,False
2023-07-26,20230726,2023,207,26,3,quarta-feira,30,7,2023-07,Julho,3,Q3,2,T3,False
2023-07-27,20230727,2023,208,27,4,quinta-feira,30,7,2023-07,Julho,3,Q3,2,T3,False
2023-07-28,20230728,2023,209,28,5,sexta-feira,30,7,2023-07,Julho,3,Q3,2,T3,False
2023-07-29,20230729,2023,210,29,6,sábado,30,7,2023-07,Julho,3,Q3,2,T3,True
2023-07-30,20230730,2023,211,30,7,domingo,30,7,2023-07,Julho,3,Q3,2,T3,True
2023-07-31,20230731,2023,212,31,1,segunda-feira,31,7,2023-07,Julho,3,Q3,2,T3,False
2023-08-01,20230801,2023,213,1,2,terça-feira,31,8,2023-08,Agosto,3,Q3,2,T3,False
2023-08-02,20230802,2023,214,2,3,quarta-feira,31,8,2023-08,Agosto,3,Q3,2,T3,False
2023-08-03,20230803,2023,215,3,4,quinta-feira,31,8,2023-08,Agosto,3,Q3,2,T3,False
2023-08-04,20230804,2023,216,4,5,sexta-feira,31,8,2023-08,Agosto,3,Q3,2,T3,False
2023-08-05,20230805,2023,217,5,6,sábado,31,8,2023-08,Agosto,3,Q3,2,T3,True
2023-08-06,20230806,2023,218,6,7,domingo,31,8,2023-08,Agosto,3,Q3,2,T3,True
2023-08-07,20230807,2023,219,7,1,segunda-feira,32,8,2023-08,Agosto,3,Q3,2,T3,False
2023-08-08,20230808,2023,220,8,2,terça-feira,32,8,2023-08,Agosto,3,Q3,2,T3,False
2023-08-09,20230809,2023,221,9,3,quarta-feira,32,8,2023-08,Agosto,3,Q3,2,T3,False
2023-08-10,20230810,2023,222,10,4,quinta-feira,32,8,2023-08,Agosto,3,Q3,2,T3,False
2023-08-11,20230811,2023,223,11,5,sexta-feira,32,8,2023-08,Agosto,3,Q3,2,T3,False
2023-08-12,20230812,2023,224,12,6,sábado,32,8,2023-08,Agosto,3,Q3,2,T3,True
2023-08-13,20230813,2023,225,13,7,domingo,32,8,2023-08,Agosto,3,Q3,2,T3,True
2023-08-14,20230814,2023,226,14,1,segunda-feira,33,8,2023-08,Agosto,3,Q3,2,T3,False
2023-08-15,20230815,2023,227,15,2,terça-feira,33,8,2023-08,Agosto,3,Q3,2,T3,False
2023-08-16,20230816,2023,228,16,3,quarta-feira,33,8,2023-08,Agosto,3,Q3,2,T3,False
2023-08-17,20230817,2023,229,17,4,quinta-feira,33,8,2023-08,Agosto,3,Q3,2,T3,False
2023-08-18,20230818,2023,230,18,5,sexta-feira,33,8,2023-08,Agosto,3,Q3,2,T3,False
2023-08-19,20230819,2023,231,19,6,sábado,33,8,2023-08,Agosto,3,Q3,2,T3,True
2023-08-20,20230820,2023,232,20,7,domingo,33,8,2023-08,Agosto,3,Q3,2,T3,True
2023-08-21,20230821,2023,233,21,1,segunda-feira,34,8,2023-08,Agosto,3,Q3,2,T3,False
2023-08-22,20230822,2023,234,22,2,terça-feira,34,8,2023-08,Agosto,3,Q3,2,T3,False
2023-08-23,20230823,2023,235,23,3,quarta-feira,34,8,2023-08,Agosto,3,Q3,2,T3,False
2023-08-24,20230824,2023,236,24,4,quinta-feira,34,8,2023-08,Agosto,3,Q3,2,T3,False
2023-08-25,20230825,2023,237,25,5,sexta-feira,34,8,2023-08,Agosto,3,Q3,2,T3,False
2023-08-26,20230826,2023,238,26,6,sábado,34,8,2023-08,Agosto,3,Q3,2,T3,True
2023-08-27,20230827,2023,239,27,7,domingo,34,8,2023-08,Agosto,3,Q3,2,T3,True
2023-08-28,20230828,2023,240,28,1,segunda-feira,35,8,2023-08,Agosto,3,Q3,2,T3,False
2023-08-29,20230829,2023,241,29,2,terça-feira,35,8,2023-08,Agosto,3,Q3,2,T3,False
2023-08-30,20230830,2023,242,30,3,quarta-feira,35,8,2023-08,Agosto,3,Q3,2,T3,False
2023-08-31,20230831,2023,243,31,4,quinta-feira,35,8,2023-08,Agosto,3,Q3,2,T3,False
2023-09-01,20230901,2023,244,1,5,sexta-feira,35,9,2023-09,Setembro,3,Q3,2,T3,False
2023-09-02,20230902,2023,245,2,6,sábado,35,9,2023-09,Setembro,3,Q3,2,T3,True
2023-09-03,20230903,2023,246,3,7,domingo,35,9,2023-09,Setembro,3,Q3,2,T3,True
2023-09-04,20230904,2023,247,4,1,segunda-feira,36,9,2023-09,Setembro,3,Q3,2,T3,False
2023-09-05,20230905,2023,248,5,2,terça-feira,36,9,2023-09,Setembro,3,Q3,2,T3,False
2023-09-06,20230906,2023,249,6,3,quarta-feira,36,9,2023-09,Setembro,3,Q3,2,T3,False
2023-09-07,20230907,2023,250,7,4,quinta-feira,36,9,2023-09,Setembro,3,Q3,2,T3,False
2023-09-08,20230908,2023,251,8,5,sexta-feira,36,9,2023-09,Setembro,3,Q3,2,T3,False
2023-09-09,20230909,2023,252,9,6,sábado,36,9,2023-09,Setembro,3,Q3,2,T3,True
2023-09-10,20230910,2023,253,10,7,domingo,36,9,2023-09,Setembro,3,Q3,2,T3,True
2023-09-11,20230911,2023,254,11,1,segunda-feira,37,9,2023-09,Setembro,3,Q3,2,T3,False
2023-09-12,20230912,2023,255,12,2,terça-feira,37,9,2023-09,Setembro,3,Q3,2,T3,False
2023-09-13,20230913,2023,256,13,3,quarta-feira,37,9,2023-09,Setembro,3,Q3,2,T3,False
2023-09-14,20230914,2023,257,14,4,quinta-feira,37,9,2023-09,Setembro,3,Q3,2,T3,False
2023-09-15,20230915,2023,258,15,5,sexta-feira,37,9,2023-09,Setembro,3,Q3,2,T3,False
2023-09-16,20230916,2023,259,16,6,sábado,37,9,2023-09,Setembro,3,Q3,2,T3,True
2023-09-17,20230917,2023,260,17,7,domingo,37,9,2023-09,Setembro,3,Q3,2,T3,True
2023-09-18,20230918,2023,261,18,1,segunda-feira,38,9,2023-09,Setembro,3,Q3,2,T3,False
2023-09-19,20230919,2023,262,19,2,terça-feira,38,9,2023-09,Setembro,3,Q3,2,T3,False
2023-09-20,20230920,2023,263,20,3,quarta-feira,38,9,2023-09,Setembro,3,Q3,2,T3,False
2023-09-21,20230921,2023,264,21,4,quinta-feira,38,9,2023-09,Setembro,3,Q3,2,T3,False
2023-09-22,20230922,2023,265,22,5,sexta-feira,38,9,2023-09,Setembro,3,Q3,2,T3,False
2023-09-23,20230923,2023,266,23,6,sábado,38,9,2023-09,Setembro,3,Q3,2,T3,True
2023-09-24,20230924,2023,267,24,7,domingo,38,9,2023-09,Setembro,3,Q3,2,T3,True
2023-09-25,20230925,2023,268,25,1,segunda-feira,39,9,2023-09,Setembro,3,Q3,2,T3,False
2023-09-26,20230926,2023,269,26,2,terça-feira,39,9,2023-09,Setembro,3,Q3,2,T3,False
2023-09-27,20230927,2023,270,27,3,quarta-feira,39,9,2023-09,Setembro,3,Q3,2,T3,False
2023-09-28,20230928,2023,271,28,4,quinta-feira,39,9,2023-09,Setembro,3,Q3,2,T3,False
2023-09-29,20230929,2023,272,29,5,sexta-feira,39,9,2023-09,Setembro,3,Q3,2,T3,False
2023-09-30,20230930,2023,273,30,6,sábado,39,9,2023-09,Setembro,3,Q3,2,T3,True
2023-10-01,20231001,2023,274,1,7,domingo,39,10,2023-10,Outubro,4,Q4,2,T4,True
2023-10-02,20231002,2023,275,2,1,segunda-feira,40,10,2023-10,Outubro,4,Q4,2,T4,False
2023-10-03,20231003,2023,276,3,2,terça-feira,40,10,2023-10,Outubro,4,Q4,2,T4,False
2023-10-04,20231004,2023,277,4,3,quarta-feira,40,10,2023-10,Outubro,4,Q4,2,T4,False
2023-10-05,20231005,2023,278,5,4,quinta-feira,40,10,2023-10,Outubro,4,Q4,2,T4,False
2023-10-06,20231006,2023,279,6,5,sexta-feira,40,10,2023-10,Outubro,4,Q4,2,T4,False
2023-10-07,20231007,2023,280,7,6,sábado,40,10,2023-10,Outubro,4,Q4,2,T4,True
2023-10-08,20231008,2023,281,8,7,domingo,40,10,2023-10,Outubro,4,Q4,2,T4,True
2023-10-09,20231009,2023,282,9,1,segunda-feira,41,10,2023-10,Outubro,4,Q4,2,T4,False
2023-10-10,20231010,2023,283,10,2,terça-feira,41,10,2023-10,Outubro,4,Q4,2,T4,False
2023-10-11,20231011,2023,284,11,3,quarta-feira,41,10,2023-10,Outubro,4,Q4,2,T4,False
2023-10-12,20231012,2023,285,12,4,quinta-feira,41,10,2023-10,Outubro,4,Q4,2,T4,False
2023-10-13,20231013,2023,286,13,5,sexta-feira,41,10,2023-10,Outubro,4,Q4,2,T4,False
2023-10-14,20231014,2023,287,14,6,sábado,41,10,2023-10,Outubro,4,Q4,2,T4,True
2023-10-15,20231015,2023,288,15,7,domingo,41,10,2023-10,Outubro,4,Q4,2,T4,True
2023-10-16,20231016,2023,289,16,1,segunda-feira,42,10,2023-10,Outubro,4,Q4,2,T4,False
2023-10-17,20231017,2023,290,17,2,terça-feira,42,10,2023-10,Outubro,4,Q4,2,T4,False
2023-10-18,20231018,2023,291,18,3,quarta-feira,42,10,2023-10,Outubro,4,Q4,2,T4,False
2023-10-19,20231019,2023,292,19,4,quinta-feira,42,10,2023-10,Outubro,4,Q4,2,T4,False
2023-10-20,20231020,2023,293,20,5,sexta-feira,42,10,2023-10,Outubro,4,Q4,2,T4,False
2023-10-21,20231021,2023,294,21,6,sábado,42,10,2023-10,Outubro,4,Q4,2,T4,True
2023-10-22,20231022,2023,295,22,7,domingo,42,10,2023-10,Outubro,4,Q4,2,T4,True
2023-10-23,20231023,2023,296,23,1,segunda-feira,43,10,2023-10,Outubro,4,Q4,2,T4,False
2023-10-24,20231024,2023,297,24,2,terça-feira,43,10,2023-10,Outubro,4,Q4,2,T4,False
2023-10-25,20231025,2023,298,25,3,quarta-feira,43,10,2023-10,Outubro,4,Q4,2,T4,False
2023-10-26,20231026,2023,299,26,4,quinta-feira,43,10,2023-10,Outubro,4,Q4,2,T4,False
2023-10-27,20231027,2023,300,27,5,sexta-feira,43,10,2023-10,Outubro,4,Q4,2,T4,False
2023-10-28,20231028,2023,301,28,6,sábado,43,10,2023-10,Outubro,4,Q4,2,T4,True
2023-10-29,20231029,2023,302,29,7,domingo,43,10,2023-10,Outubro,4,Q4,2,T4,True
2023-10-30,20231030,2023,303,30,1,segunda-feira,44,10,2023-10,Outubro,4,Q4,2,T4,False
2023-10-31,20231031,2023,304,31,2,terça-feira,44,10,2023-10,Outubro,4,Q4,2,T4,False
2023-11-01,20231101,2023,305,1,3,quarta-feira,44,11,2023-11,Novembro,4,Q4,2,T4,False
2023-11-02,20231102,2023,306,2,4,quinta-feira,44,11,2023-11,Novembro,4,Q4,2,T4,False
2023-11-03,20231103,2023,307,3,5,sexta-feira,44,11,2023-11,Novembro,4,Q4,2,T4,False
2023-11-04,20231104,2023,308,4,6,sábado,44,11,2023-11,Novembro,4,Q4,2,T4,True
2023-11-05,20231105,2023,309,5,7,domingo,44,11,2023-11,Novembro,4,Q4,2,T4,True
2023-11-06,20231106,2023,310,6,1,segunda-feira,45,11,2023-11,Novembro,4,Q4,2,T4,False
2023-11-07,20231107,2023,311,7,2,terça-feira,45,11,2023-11,Novembro,4,Q4,2,T4,False
2023-11-08,20231108,2023,312,8,3,quarta-feira,45,11,2023-11,Novembro,4,Q4,2,T4,False
2023-11-09,20231109,2023,313,9,4,quinta-feira,45,11,2023-11,Novembro,4,Q4,2,T4,False
2023-11-10,20231110,2023,314,10,5,sexta-feira,45,11,2023-11,Novembro,4,Q4,2,T4,False
2023-11-11,20231111,2023,315,11,6,sábado,45,11,2023-11,Novembro,4,Q4,2,T4,True
2023-11-12,20231112,2023,316,12,7,domingo,45,11,2023-11,Novembro,4,Q4,2,T4,True
2023-11-13,20231113,2023,317,13,1,segunda-feira,46,11,2023-11,Novembro,4,Q4,2,T4,False
2023-11-14,20231114,2023,318,14,2,terça-feira,46,11,2023-11,Novembro,4,Q4,2,T4,False
2023-11-15,20231115,2023,319,15,3,quarta-feira,46,11,2023-11,Novembro,4,Q4,2,T4,False
2023-11-16,20231116,2023,320,16,4,quinta-feira,46,11,2023-11,Novembro,4,Q4,2,T4,False
2023-11-17,20231117,2023,321,17,5,sexta-feira,46,11,2023-11,Novembro,4,Q4,2,T4,False
2023-11-18,20231118,2023,322,18,6,sábado,46,11,2023-11,Novembro,4,Q4,2,T4,True
2023-11-19,20231119,2023,323,19,7,domingo,46,11,2023-11,Novembro,4,Q4,2,T4,True
2023-11-20,20231120,2023,324,20,1,segunda-feira,47,11,2023-11,Novembro,4,Q4,2,T4,False
2023-11-21,20231121,2023,325,21,2,terça-feira,47,11,2023-11,Novembro,4,Q4,2,T4,False
2023-11-22,20231122,2023,326,22,3,quarta-feira,47,11,2023-11,Novembro,4,Q4,2,T4,False
2023-11-23,20231123,2023,327,23,4,quinta-feira,47,11,2023-11,Novembro,4,Q4,2,T4,False
2023-11-24,20231124,2023,328,24,5,sexta-feira,47,11,2023-11,Novembro,4,Q4,2,T4,False
2023-11-25,20231125,2023,329,25,6,sábado,47,11,2023-11,Novembro,4,Q4,2,T4,True
2023-11-26,20231126,2023,330,26,7,domingo,47,11,2023-11,Novembro,4,Q4,2,T4,True
2023-11-27,20231127,2023,331,27,1,segunda-feira,48,11,2023-11,Novembro,4,Q4,2,T4,False
2023-11-28,20231128,2023,332,28,2,terça-feira,48,11,2023-11,Novembro,4,Q4,2,T4,False
2023-11-29,20231129,2023,333,29,3,quarta-feira,48,11,2023-11,Novembro,4,Q4,2,T4,False
2023-11-30,20231130,2023,334,30,4,quinta-feira,48,11,2023-11,Novembro,4,Q4,2,T4,False
2023-12-01,20231201,2023,335,1,5,sexta-feira,48,12,2023-12,Dezembro,4,Q4,2,T4,False
2023-12-02,20231202,2023,336,2,6,sábado,48,12,2023-12,Dezembro,4,Q4,2,T4,True
2023-12-03,20231203,2023,337,3,7,domingo,48,12,2023-12,Dezembro,4,Q4,2,T4,True
2023-12-04,20231204,2023,338,4,1,segunda-feira,49,12,2023-12,Dezembro,4,Q4,2,T4,False
2023-12-05,20231205,2023,339,5,2,terça-feira,49,12,2023-12,Dezembro,4,Q4,2,T4,False
2023-12-06,20231206,2023,340,6,3,quarta-feira,49,12,2023-12,Dezembro,4,Q4,2,T4,False
2023-12-07,20231207,2023,341,7,4,quinta-feira,49,12,2023-12,Dezembro,4,Q4,2,T4,False
2023-12-08,20231208,2023,342,8,5,sexta-feira,49,12,2023-12,Dezembro,4,Q4,2,T4,False
2023-12-09,20231209,2023,343,9,6,sábado,49,12,2023-12,Dezembro,4,Q4,2,T4,True
2023-12-10,20231210,2023,344,10,7,domingo,49,12,2023-12,Dezembro,4,Q4,2,T4,True
2023-12-11,20231211,2023,345,11,1,segunda-feira,50,12,2023-12,Dezembro,4,Q4,2,T4,False
2023-12-12,20231212,2023,346,12,2,terça-feira,50,12,2023-12,Dezembro,4,Q4,2,T4,False
2023-12-13,20231213,2023,347,13,3,quarta-feira,50,12,2023-12,Dezembro,4,Q4,2,T4,False
2023-12-14,20231214,2023,348,14,4,quinta-feira,50,12,2023-12,Dezembro,4,Q4,2,T4,False
2023-12-15,20231215,2023,349,15,5,sexta-feira,50,12,2023-12,Dezembro,4,Q4,2,T4,False
2023-12-16,20231216,2023,350,16,6,sábado,50,12,2023-12,Dezembro,4,Q4,2,T4,True
2023-12-17,20231217,2023,351,17,7,domingo,50,12,2023-12,Dezembro,4,Q4,2,T4,True
2023-12-18,20231218,2023,352,18,1,segunda-feira,51,12,2023-12,Dezembro,4,Q4,2,T4,False
2023-12-19,20231219,2023,353,19,2,terça-feira,51,12,2023-12,Dezembro,4,Q4,2,T4,False
2023-12-20,20231220,2023,354,20,3,quarta-feira,51,12,2023-12,Dezembro,4,Q4,2,T4,False
2023-12-21,20231221,2023,355,21,4,quinta-feira,51,12,2023-12,Dezembro,4,Q4,2,T4,False
2023-12-22,20231222,2023,356,22,5,sexta-feira,51,12,2023-12,Dezembro,4,Q4,2,T4,False
2023-12-23,20231223,2023,357,23,6,sábado,51,12,2023-12,Dezembro,4,Q4,2,T4,True
2023-12-24,20231224,2023,358,24,7,domingo,51,12,2023-12,Dezembro,4,Q4,2,T4,True
2023-12-25,20231225,2023,359,25,1,segunda-feira,52,12,2023-12,Dezembro,4,Q4,2,T4,False
2023-12-26,20231226,2023,360,26,2,terça-feira,52,12,2023-12,Dezembro,4,Q4,2,T4,False
2023-12-27,20231227,2023,361,27,3,quarta-feira,52,12,2023-12,Dezembro,4,Q4,2,T4,False
2023-12-28,20231228,2023,362,28,4,quinta-feira,52,12,2023-12,Dezembro,4,Q4,2,T4,False
2023-12-29,20231229,2023,363,29,5,sexta-feira,52,12,2023-12,Dezembro,4,Q4,2,T4,False
2023-12-30,20231230,2023,364,30,6,sábado,52,12,2023-12,Dezembro,4,Q4,2,T4,True
2023-12-31,20231231,2023,365,31,7,domingo,52,12,2023-12,Dezembro,4,Q4,2,T4,True
2024-01-01,20240101,2024,1,1,1,segunda-feira,1,1,2024-01,Janeiro,1,Q1,1,T1,False
2024-01-02,20240102,2024,2,2,2,terça-feira,1,1,2024-01,Janeiro,1,Q1,1,T1,False
2024-01-03,20240103,2024,3,3,3,quarta-feira,1,1,2024-01,Janeiro,1,Q1,1,T1,False
2024-01-04,20240104,2024,4,4,4,quinta-feira,1,1,2024-01,Janeiro,1,Q1,1,T1,False
2024-01-05,20240105,2024,5,5,5,sexta-feira,1,1,2024-01,Janeiro,1,Q1,1,T1,False
2024-01-06,20240106,2024,6,6,6,sábado,1,1,2024-01,Janeiro,1,Q1,1,T1,True
2024-01-07,20240107,2024,7,7,7,domingo,1,1,2024-01,Janeiro,1,Q1,1,T1,True
2024-01-08,20240108,2024,8,8,1,segunda-feira,2,1,2024-01,Janeiro,1,Q1,1,T1,False
2024-01-09,20240109,2024,9,9,2,terça-feira,2,1,2024-01,Janeiro,1,Q1,1,T1,False
2024-01-10,20240110,2024,10,10,3,quarta-feira,2,1,2024-01,Janeiro,1,Q1,1,T1,False
2024-01-11,20240111,2024,11,11,4,quinta-feira,2,1,2024-01,Janeiro,1,Q1,1,T1,False
2024-01-12,20240112,2024,12,12,5,sexta-feira,2,1,2024-01,Janeiro,1,Q1,1,T1,False
2024-01-13,20240113,2024,13,13,6,sábado,2,1,2024-01,Janeiro,1,Q1,1,T1,True
2024-01-14,20240114,2024,14,14,7,domingo,2,1,2024-01,Janeiro,1,Q1,1,T1,True
2024-01-15,20240115,2024,15,15,1,segunda-feira,3,1,2024-01,Janeiro,1,Q1,1,T1,False
2024-01-16,20240116,2024,16,16,2,terça-feira,3,1,2024-01,Janeiro,1,Q1,1,T1,False
2024-01-17,20240117,2024,17,17,3,quarta-feira,3,1,2024-01,Janeiro,1,Q1,1,T1,False
2024-01-18,20240118,2024,18,18,4,quinta-feira,3,1,2024-01,Janeiro,1,Q1,1,T1,False
2024-01-19,20240119,2024,19,19,5,sexta-feira,3,1,2024-01,Janeiro,1,Q1,1,T1,False
2024-01-20,20240120,2024,20,20,6,sábado,3,1,2024-01,Janeiro,1,Q1,1,T1,True
2024-01-21,20240121,2024,21,21,7,domingo,3,1,2024-01,Janeiro,1,Q1,1,T1,True
2024-01-22,20240122,2024,22,22,1,segunda-feira,4,1,2024-01,Janeiro,1,Q1,1,T1,False
2024-01-23,20240123,2024,23,23,2,terça-feira,4,1,2024-01,Janeiro,1,Q1,1,T1,False
2024-01-24,20240124,2024,24,24,3,quarta-feira,4,1,2024-01,Janeiro,1,Q1,1,T1,False
2024-01-25,20240125,2024,25,25,4,quinta-feira,4,1,2024-01,Janeiro,1,Q1,1,T1,False
2024-01-26,20240126,2024,26,26,5,sexta-feira,4,1,2024-01,Janeiro,1,Q1,1,T1,False
2024-01-27,20240127,2024,27,27,6,sábado,4,1,2024-01,Janeiro,1,Q1,1,T1,True
2024-01-28,20240128,2024,28,28,7,domingo,4,1,2024-01,Janeiro,1,Q1,1,T1,True
2024-01-29,20240129,2024,29,29,1,segunda-feira,5,1,2024-01,Janeiro,1,Q1,1,T1,False
2024-01-30,20240130,2024,30,30,2,terça-feira,5,1,2024-01,Janeiro,1,Q1,1,T1,False
2024-01-31,20240131,2024,31,31,3,quarta-feira,5,1,2024-01,Janeiro,1,Q1,1,T1,False
2024-02-01,20240201,2024,32,1,4,quinta-feira,5,2,2024-02,Fevereiro,1,Q1,1,T1,False
2024-02-02,20240202,2024,33,2,5,sexta-feira,5,2,2024-02,Fevereiro,1,Q1,1,T1,False
2024-02-03,20240203,2024,34,3,6,sábado,5,2,2024-02,Fevereiro,1,Q1,1,T1,True
2024-02-04,20240204,2024,35,4,7,domingo,5,2,2024-02,Fevereiro,1,Q1,1,T1,True
2024-02-05,20240205,2024,36,5,1,segunda-feira,6,2,2024-02,Fevereiro,1,Q1,1,T1,False
2024-02-06,20240206,2024,37,6,2,terça-feira,6,2,2024-02,Fevereiro,1,Q1,1,T1,False
2024-02-07,20240207,2024,38,7,3,quarta-feira,6,2,2024-02,Fevereiro,1,Q1,1,T1,False
2024-02-08,20240208,2024,39,8,4,quinta-feira,6,2,2024-02,Fevereiro,1,Q1,1,T1,False
2024-02-09,20240209,2024,40,9,5,sexta-feira,6,2,2024-02,Fevereiro,1,Q1,1,T1,False
2024-02-10,20240210,2024,41,10,6,sábado,6,2,2024-02,Fevereiro,1,Q1,1,T1,True
2024-02-11,20240211,2024,42,11,7,domingo,6,2,2024-02,Fevereiro,1,Q1,1,T1,True
2024-02-12,20240212,2024,43,12,1,segunda-feira,7,2,2024-02,Fevereiro,1,Q1,1,T1,False
2024-02-13,20240213,2024,44,13,2,terça-feira,7,2,2024-02,Fevereiro,1,Q1,1,T1,False
2024-02-14,20240214,2024,45,14,3,quarta-feira,7,2,2024-02,Fevereiro,1,Q1,1,T1,False
2024-02-15,20240215,2024,46,15,4,quinta-feira,7,2,2024-02,Fevereiro,1,Q1,1,T1,False
2024-02-16,20240216,2024,47,16,5,sexta-feira,7,2,2024-02,Fevereiro,1,Q1,1,T1,False
2024-02-17,20240217,2024,48,17,6,sábado,7,2,2024-02,Fevereiro,1,Q1,1,T1,True
2024-02-18,20240218,2024,49,18,7,domingo,7,2,2024-02,Fevereiro,1,Q1,1,T1,True
2024-02-19,20240219,2024,50,19,1,segunda-feira,8,2,2024-02,Fevereiro,1,Q1,1,T1,False
2024-02-20,20240220,2024,51,20,2,terça-feira,8,2,2024-02,Fevereiro,1,Q1,1,T1,False
2024-02-21,20240221,2024,52,21,3,quarta-feira,8,2,2024-02,Fevereiro,1,Q1,1,T1,False
2024-02-22,20240222,2024,53,22,4,quinta-feira,8,2,2024-02,Fevereiro,1,Q1,1,T1,False
2024-02-23,20240223,2024,54,23,5,sexta-feira,8,2,2024-02,Fevereiro,1,Q1,1,T1,False
2024-02-24,20240224,2024,55,24,6,sábado,8,2,2024-02,Fevereiro,1,Q1,1,T1,True
2024-02-25,20240225,2024,56,25,7,domingo,8,2,2024-02,Fevereiro,1,Q1,1,T1,True
2024-02-26,20240226,2024,57,26,1,segunda-feira,9,2,2024-02,Fevereiro,1,Q1,1,T1,False
2024-02-27,20240227,2024,58,27,2,terça-feira,9,2,2024-02,Fevereiro,1,Q1,1,T1,False
2024-02-28,20240228,2024,59,28,3,quarta-feira,9,2,2024-02,Fevereiro,1,Q1,1,T1,False
2024-02-29,20240229,2024,60,29,4,quinta-feira,9,2,2024-02,Fevereiro,1,Q1,1,T1,False
2024-03-01,20240301,2024,61,1,5,sexta-feira,9,3,2024-03,Março,1,Q1,1,T1,False
2024-03-02,20240302,2024,62,2,6,sábado,9,3,2024-03,Março,1,Q1,1,T1,True
2024-03-03,20240303,2024,63,3,7,domingo,9,3,2024-03,Março,1,Q1,1,T1,True
2024-03-04,20240304,2024,64,4,1,segunda-feira,10,3,2024-03,Março,1,Q1,1,T1,False
2024-03-05,20240305,2024,65,5,2,terça-feira,10,3,2024-03,Março,1,Q1,1,T1,False
2024-03-06,20240306,2024,66,6,3,quarta-feira,10,3,2024-03,Março,1,Q1,1,T1,False
2024-03-07,20240307,2024,67,7,4,quinta-feira,10,3,2024-03,Março,1,Q1,1,T1,False
2024-03-08,20240308,2024,68,8,5,sexta-feira,10,3,2024-03,Março,1,Q1,1,T1,False
2024-03-09,20240309,2024,69,9,6,sábado,10,3,2024-03,Março,1,Q1,1,T1,True
2024-03-10,20240310,2024,70,10,7,domingo,10,3,2024-03,Março,1,Q1,1,T1,True
2024-03-11,20240311,2024,71,11,1,segunda-feira,11,3,2024-03,Março,1,Q1,1,T1,False
2024-03-12,20240312,2024,72,12,2,terça-feira,11,3,2024-03,Março,1,Q1,1,T1,False
2024-03-13,20240313,2024,73,13,3,quarta-feira,11,3,2024-03,Março,1,Q1,1,T1,False
2024-03-14,20240314,2024,74,14,4,quinta-feira,11,3,2024-03,Março,1,Q1,1,T1,False
2024-03-15,20240315,2024,75,15,5,sexta-feira,11,3,2024-03,Março,1,Q1,1,T1,False
2024-03-16,20240316,2024,76,16,6,sábado,11,3,2024-03,Março,1,Q1,1,T1,True
2024-03-17,20240317,2024,77,17,7,domingo,11,3,2024-03,Março,1,Q1,1,T1,True
2024-03-18,20240318,2024,78,18,1,segunda-feira,12,3,2024-03,Março,1,Q1,1,T1,False
2024-03-19,20240319,2024,79,19,2,terça-feira,12,3,2024-03,Março,1,Q1,1,T1,False
2024-03-20,20240320,2024,80,20,3,quarta-feira,12,3,2024-03,Março,1,Q1,1,T1,False
2024-03-21,20240321,2024,81,21,4,quinta-feira,12,3,2024-03,Março,1,Q1,1,T1,False
2024-03-22,20240322,2024,82,22,5,sexta-feira,12,3,2024-03,Março,1,Q1,1,T1,False
2024-03-23,20240323,2024,83,23,6,sábado,12,3,2024-03,Março,1,Q1,1,T1,True
2024-03-24,20240324,2024,84,24,7,domingo,12,3,2024-03,Março,1,Q1,1,T1,True
2024-03-25,20240325,2024,85,25,1,segunda-feira,13,3,2024-03,Março,1,Q1,1,T1,False
2024-03-26,20240326,2024,86,26,2,terça-feira,13,3,2024-03,Março,1,Q1,1,T1,False
2024-03-27,20240327,2024,87,27,3,quarta-feira,13,3,2024-03,Março,1,Q1,1,T1,False
2024-03-28,20240328,2024,88,28,4,quinta-feira,13,3,2024-03,Março,1,Q1,1,T1,False
2024-03-29,20240329,2024,89,29,5,sexta-feira,13,3,2024-03,Março,1,Q1,1,T1,False
2024-03-30,20240330,2024,90,30,6,sábado,13,3,2024-03,Março,1,Q1,1,T1,True
2024-03-31,20240331,2024,91,31,7,domingo,13,3,2024-03,Março,1,Q1,1,T1,True
2024-04-01,20240401,2024,92,1,1,segunda-feira,14,4,2024-04,Abril,2,Q2,1,T2,False
2024-04-02,20240402,2024,93,2,2,terça-feira,14,4,2024-04,Abril,2,Q2,1,T2,False
2024-04-03,20240403,2024,94,3,3,quarta-feira,14,4,2024-04,Abril,2,Q2,1,T2,False
2024-04-04,20240404,2024,95,4,4,quinta-feira,14,4,2024-04,Abril,2,Q2,1,T2,False
2024-04-05,20240405,2024,96,5,5,sexta-feira,14,4,2024-04,Abril,2,Q2,1,T2,False
2024-04-06,20240406,2024,97,6,6,sábado,14,4,2024-04,Abril,2,Q2,1,T2,True
2024-04-07,20240407,2024,98,7,7,domingo,14,4,2024-04,Abril,2,Q2,1,T2,True
2024-04-08,20240408,2024,99,8,1,segunda-feira,15,4,2024-04,Abril,2,Q2,1,T2,False
2024-04-09,20240409,2024,100,9,2,terça-feira,15,4,2024-04,Abril,2,Q2,1,T2,False
2024-04-10,20240410,2024,101,10,3,quarta-feira,15,4,2024-04,Abril,2,Q2,1,T2,False
2024-04-11,20240411,2024,102,11,4,quinta-feira,15,4,2024-04,Abril,2,Q2,1,T2,False
2024-04-12,20240412,2024,103,12,5,sexta-feira,15,4,2024-04,Abril,2,Q2,1,T2,False
2024-04-13,20240413,2024,104,13,6,sábado,15,4,2024-04,Abril,2,Q2,1,T2,True
2024-04-14,20240414,2024,105,14,7,domingo,15,4,2024-04,Abril,2,Q2,1,T2,True
2024-04-15,20240415,2024,106,15,1,segunda-feira,16,4,2024-04,Abril,2,Q2,1,T2,False
2024-04-16,20240416,2024,107,16,2,terça-feira,16,4,2024-04,Abril,2,Q2,1,T2,False
2024-04-17,20240417,2024,108,17,3,quarta-feira,16,4,2024-04,Abril,2,Q2,1,T2,False
2024-04-18,20240418,2024,109,18,4,quinta-feira,16,4,2024-04,Abril,2,Q2,1,T2,False
2024-04-19,20240419,2024,110,19,5,sexta-feira,16,4,2024-04,Abril,2,Q2,1,T2,False
2024-04-20,20240420,2024,111,20,6,sábado,16,4,2024-04,Abril,2,Q2,1,T2,True
2024-04-21,20240421,2024,112,21,7,domingo,16,4,2024-04,Abril,2,Q2,1,T2,True
2024-04-22,20240422,2024,113,22,1,segunda-feira,17,4,2024-04,Abril,2,Q2,1,T2,False
2024-04-23,20240423,2024,114,23,2,terça-feira,17,4,2024-04,Abril,2,Q2,1,T2,False
2024-04-24,20240424,2024,115,24,3,quarta-feira,17,4,2024-04,Abril,2,Q2,1,T2,False
2024-04-25,20240425,2024,116,25,4,quinta-feira,17,4,2024-04,Abril,2,Q2,1,T2,False
2024-04-26,20240426,2024,117,26,5,sexta-feira,17,4,2024-04,Abril,2,Q2,1,T2,False
2024-04-27,20240427,2024,118,27,6,sábado,17,4,2024-04,Abril,2,Q2,1,T2,True
2024-04-28,20240428,2024,119,28,7,domingo,17,4,2024-04,Abril,2,Q2,1,T2,True
2024-04-29,20240429,2024,120,29,1,segunda-feira,18,4,2024-04,Abril,2,Q2,1,T2,False
2024-04-30,20240430,2024,121,30,2,terça-feira,18,4,2024-04,Abril,2,Q2,1,T2,False
2024-05-01,20240501,2024,122,1,3,quarta-feira,18,5,2024-05,Maio,2,Q2,1,T2,False
2024-05-02,20240502,2024,123,2,4,quinta-feira,18,5,2024-05,Maio,2,Q2,1,T2,False
2024-05-03,20240503,2024,124,3,5,sexta-feira,18,5,2024-05,Maio,2,Q2,1,T2,False
2024-05-04,20240504,2024,125,4,6,sábado,18,5,2024-05,Maio,2,Q2,1,T2,True
2024-05-05,20240505,2024,126,5,7,domingo,18,5,2024-05,Maio,2,Q2,1,T2,True
2024-05-06,20240506,2024,127,6,1,segunda-feira,19,5,2024-05,Maio,2,Q2,1,T2,False
2024-05-07,20240507,2024,128,7,2,terça-feira,19,5,2024-05,Maio,2,Q2,1,T2,False
2024-05-08,20240508,2024,129,8,3,quarta-feira,19,5,2024-05,Maio,2,Q2,1,T2,False
2024-05-09,20240509,2024,130,9,4,quinta-feira,19,5,2024-05,Maio,2,Q2,1,T2,False
2024-05-10,20240510,2024,131,10,5,sexta-feira,19,5,2024-05,Maio,2,Q2,1,T2,False
2024-05-11,20240511,2024,132,11,6,sábado,19,5,2024-05,Maio,2,Q2,1,T2,True
2024-05-12,20240512,2024,133,12,7,domingo,19,5,2024-05,Maio,2,Q2,1,T2,True
2024-05-13,20240513,2024,134,13,1,segunda-feira,20,5,2024-05,Maio,2,Q2,1,T2,False
2024-05-14,20240514,2024,135,14,2,terça-feira,20,5,2024-05,Maio,2,Q2,1,T2,False
2024-05-15,20240515,2024,136,15,3,quarta-feira,20,5,2024-05,Maio,2,Q2,1,T2,False
2024-05-16,20240516,2024,137,16,4,quinta-feira,20,5,2024-05,Maio,2,Q2,1,T2,False
2024-05-17,20240517,2024,138,17,5,sexta-feira,20,5,2024-05,Maio,2,Q2,1,T2,False
2024-05-18,20240518,2024,139,18,6,sábado,20,5,2024-05,Maio,2,Q2,1,T2,True
2024-05-19,20240519,2024,140,19,7,domingo,20,5,2024-05,Maio,2,Q2,1,T2,True
2024-05-20,20240520,2024,141,20,1,segunda-feira,21,5,2024-05,Maio,2,Q2,1,T2,False
2024-05-21,20240521,2024,142,21,2,terça-feira,21,5,2024-05,Maio,2,Q2,1,T2,False
2024-05-22,20240522,2024,143,22,3,quarta-feira,21,5,2024-05,Maio,2,Q2,1,T2,False
2024-05-23,20240523,2024,144,23,4,quinta-feira,21,5,2024-05,Maio,2,Q2,1,T2,False
2024-05-24,20240524,2024,145,24,5,sexta-feira,21,5,2024-05,Maio,2,Q2,1,T2,False
2024-05-25,20240525,2024,146,25,6,sábado,21,5,2024-05,Maio,2,Q2,1,T2,True
2024-05-26,20240526,2024,147,26,7,domingo,21,5,2024-05,Maio,2,Q2,1,T2,True
2024-05-27,20240527,2024,148,27,1,segunda-feira,22,5,2024-05,Maio,2,Q2,1,T2,False
2024-05-28,20240528,2024,149,28,2,terça-feira,22,5,2024-05,Maio,2,Q2,1,T2,False
2024-05-29,20240529,2024,150,29,3,quarta-feira,22,5,2024-05,Maio,2,Q2,1,T2,False
2024-05-30,20240530,2024,151,30,4,quinta-feira,22,5,2024-05,Maio,2,Q2,1,T2,False
2024-05-31,20240531,2024,152,31,5,sexta-feira,22,5,2024-05,Maio,2,Q2,1,T2,False
2024-06-01,20240601,2024,153,1,6,sábado,22,6,2024-06,Junho,2,Q2,1,T2,True
2024-06-02,20240602,2024,154,2,7,domingo,22,6,2024-06,Junho,2,Q2,1,T2,True
2024-06-03,20240603,2024,155,3,1,segunda-feira,23,6,2024-06,Junho,2,Q2,1,T2,False
2024-06-04,20240604,2024,156,4,2,terça-feira,23,6,2024-06,Junho,2,Q2,1,T2,False
2024-06-05,20240605,2024,157,5,3,quarta-feira,23,6,2024-06,Junho,2,Q2,1,T2,False
2024-06-06,20240606,2024,158,6,4,quinta-feira,23,6,2024-06,Junho,2,Q2,1,T2,False
2024-06-07,20240607,2024,159,7,5,sexta-feira,23,6,2024-06,Junho,2,Q2,1,T2,False
2024-06-08,20240608,2024,160,8,6,sábado,23,6,2024-06,Junho,2,Q2,1,T2,True
2024-06-09,20240609,2024,161,9,7,domingo,23,6,2024-06,Junho,2,Q2,1,T2,True
2024-06-10,20240610,2024,162,10,1,segunda-feira,24,6,2024-06,Junho,2,Q2,1,T2,False
2024-06-11,20240611,2024,163,11,2,terça-feira,24,6,2024-06,Junho,2,Q2,1,T2,False
2024-06-12,20240612,2024,164,12,3,quarta-feira,24,6,2024-06,Junho,2,Q2,1,T2,False
2024-06-13,20240613,2024,165,13,4,quinta-feira,24,6,2024-06,Junho,2,Q2,1,T2,False
2024-06-14,20240614,2024,166,14,5,sexta-feira,24,6,2024-06,Junho,2,Q2,1,T2,False
2024-06-15,20240615,2024,167,15,6,sábado,24,6,2024-06,Junho,2,Q2,1,T2,True
2024-06-16,20240616,2024,168,16,7,domingo,24,6,2024-06,Junho,2,Q2,1,T2,True
2024-06-17,20240617,2024,169,17,1,segunda-feira,25,6,2024-06,Junho,2,Q2,1,T2,False
2024-06-18,20240618,2024,170,18,2,terça-feira,25,6,2024-06,Junho,2,Q2,1,T2,False
2024-06-19,20240619,2024,171,19,3,quarta-feira,25,6,2024-06,Junho,2,Q2,1,T2,False
2024-06-20,20240620,2024,172,20,4,quinta-feira,25,6,2024-06,Junho,2,Q2,1,T2,False
2024-06-21,20240621,2024,173,21,5,sexta-feira,25,6,2024-06,Junho,2,Q2,1,T2,False
2024-06-22,20240622,2024,174,22,6,sábado,25,6,2024-06,Junho,2,Q2,1,T2,True
2024-06-23,20240623,2024,175,23,7,domingo,25,6,2024-06,Junho,2,Q2,1,T2,True
2024-06-24,20240624,2024,176,24,1,segunda-feira,26,6,2024-06,Junho,2,Q2,1,T2,False
2024-06-25,20240625,2024,177,25,2,terça-feira,26,6,2024-06,Junho,2,Q2,1,T2,False
2024-06-26,20240626,2024,178,26,3,quarta-feira,26,6,2024-06,Junho,2,Q2,1,T2,False
2024-06-27,20240627,2024,179,27,4,quinta-feira,26,6,2024-06,Junho,2,Q2,1,T2,False
2024-06-28,20240628,2024,180,28,5,sexta-feira,26,6,2024-06,Junho,2,Q2,1,T2,False
2024-06-29,20240629,2024,181,29,6,sábado,26,6,2024-06,Junho,2,Q2,1,T2,True
2024-06-30,20240630,2024,182,30,7,domingo,26,6,2024-06,Junho,2,Q2,1,T2,True
2024-07-01,20240701,2024,183,1,1,segunda-feira,27,7,2024-07,Julho,3,Q3,2,T3,False
2024-07-02,20240702,2024,184,2,2,terça-feira,27,7,2024-07,Julho,3,Q3,2,T3,False
2024-07-03,20240703,2024,185,3,3,quarta-feira,27,7,2024-07,Julho,3,Q3,2,T3,False
2024-07-04,20240704,2024,186,4,4,quinta-feira,27,7,2024-07,Julho,3,Q3,2,T3,False
2024-07-05,20240705,2024,187,5,5,sexta-feira,27,7,2024-07,Julho,3,Q3,2,T3,False
2024-07-06,20240706,2024,188,6,6,sábado,27,7,2024-07,Julho,3,Q3,2,T3,True
2024-07-07,20240707,2024,189,7,7,domingo,27,7,2024-07,Julho,3,Q3,2,T3,True
2024-07-08,20240708,2024,190,8,1,segunda-feira,28,7,2024-07,Julho,3,Q3,2,T3,False
2024-07-09,20240709,2024,191,9,2,terça-feira,28,7,2024-07,Julho,3,Q3,2,T3,False
2024-07-10,20240710,2024,192,10,3,quarta-feira,28,7,2024-07,Julho,3,Q3,2,T3,False
2024-07-11,20240711,2024,193,11,4,quinta-feira,28,7,2024-07,Julho,3,Q3,2,T3,False
2024-07-12,20240712,2024,194,12,5,sexta-feira,28,7,2024-07,Julho,3,Q3,2,T3,False
2024-07-13,20240713,2024,195,13,6,sábado,28,7,2024-07,Julho,3,Q3,2,T3,True
2024-07-14,20240714,2024,196,14,7,domingo,28,7,2024-07,Julho,3,Q3,2,T3,True
2024-07-15,20240715,2024,197,15,1,segunda-feira,29,7,2024-07,Julho,3,Q3,2,T3,False
2024-07-16,20240716,2024,198,16,2,terça-feira,29,7,2024-07,Julho,3,Q3,2,T3,False
2024-07-17,20240717,2024,199,17,3,quarta-feira,29,7,2024-07,Julho,3,Q3,2,T3,False
2024-07-18,20240718,2024,200,18,4,quinta-feira,29,7,2024-07,Julho,3,Q3,2,T3,False
2024-07-19,20240719,2024,201,19,5,sexta-feira,29,7,2024-07,Julho,3,Q3,2,T3,False
2024-07-20,20240720,2024,202,20,6,sábado,29,7,2024-07,Julho,3,Q3,2,T3,True
2024-07-21,20240721,2024,203,21,7,domingo,29,7,2024-07,Julho,3,Q3,2,T3,True
2024-07-22,20240722,2024,204,22,1,segunda-feira,30,7,2024-07,Julho,3,Q3,2,T3,False
2024-07-23,20240723,2024,205,23,2,terça-feira,30,7,2024-07,Julho,3,Q3,2,T3,False
2024-07-24,20240724,2024,206,24,3,quarta-feira,30,7,2024-07,Julho,3,Q3,2,T3,False
2024-07-25,20240725,2024,207,25,4,quinta-feira,30,7,2024-07,Julho,3,Q3,2,T3,False
2024-07-26,20240726,2024,208,26,5,sexta-feira,30,7,2024-07,Julho,3,Q3,2,T3,False
2024-07-27,20240727,2024,209,27,6,sábado,30,7,2024-07,Julho,3,Q3,2,T3,True
2024-07-28,20240728,2024,210,28,7,domingo,30,7,2024-07,Julho,3,Q3,2,T3,True
2024-07-29,20240729,2024,211,29,1,segunda-feira,31,7,2024-07,Julho,3,Q3,2,T3,False
2024-07-30,20240730,2024,212,30,2,terça-feira,31,7,2024-07,Julho,3,Q3,2,T3,False
2024-07-31,20240731,2024,213,31,3,quarta-feira,31,7,2024-07,Julho,3,Q3,2,T3,False
2024-08-01,20240801,2024,214,1,4,quinta-feira,31,8,2024-08,Agosto,3,Q3,2,T3,False
2024-08-02,20240802,2024,215,2,5,sexta-feira,31,8,2024-08,Agosto,3,Q3,2,T3,False
2024-08-03,20240803,2024,216,3,6,sábado,31,8,2024-08,Agosto,3,Q3,2,T3,True
2024-08-04,20240804,2024,217,4,7,domingo,31,8,2024-08,Agosto,3,Q3,2,T3,True
2024-08-05,20240805,2024,218,5,1,segunda-feira,32,8,2024-08,Agosto,3,Q3,2,T3,False
2024-08-06,20240806,2024,219,6,2,terça-feira,32,8,2024-08,Agosto,3,Q3,2,T3,False
2024-08-07,20240807,2024,220,7,3,quarta-feira,32,8,2024-08,Agosto,3,Q3,2,T3,False
2024-08-08,20240808,2024,221,8,4,quinta-feira,32,8,2024-08,Agosto,3,Q3,2,T3,False
2024-08-09,20240809,2024,222,9,5,sexta-feira,32,8,2024-08,Agosto,3,Q3,2,T3,False
2024-08-10,20240810,2024,223,10,6,sábado,32,8,2024-08,Agosto,3,Q3,2,T3,True
2024-08-11,20240811,2024,224,11,7,domingo,32,8,2024-08,Agosto,3,Q3,2,T3,True
2024-08-12,20240812,2024,225,12,1,segunda-feira,33,8,2024-08,Agosto,3,Q3,2,T3,False
2024-08-13,20240813,2024,226,13,2,terça-feira,33,8,2024-08,Agosto,3,Q3,2,T3,False
2024-08-14,20240814,2024,227,14,3,quarta-feira,33,8,2024-08,Agosto,3,Q3,2,T3,False
2024-08-15,20240815,2024,228,15,4,quinta-feira,33,8,2024-08,Agosto,3,Q3,2,T3,False
2024-08-16,20240816,2024,229,16,5,sexta-feira,33,8,2024-08,Agosto,3,Q3,2,T3,False
2024-08-17,20240817,2024,230,17,6,sábado,33,8,2024-08,Agosto,3,Q3,2,T3,True
2024-08-18,20240818,2024,231,18,7,domingo,33,8,2024-08,Agosto,3,Q3,2,T3,True
2024-08-19,20240819,2024,232,19,1,segunda-feira,34,8,2024-08,Agosto,3,Q3,2,T3,False
2024-08-20,20240820,2024,233,20,2,terça-feira,34,8,2024-08,Agosto,3,Q3,2,T3,False
2024-08-21,20240821,2024,234,21,3,quarta-feira,34,8,2024-08,Agosto,3,Q3,2,T3,False
2024-08-22,20240822,2024,235,22,4,quinta-feira,34,8,2024-08,Agosto,3,Q3,2,T3,False
2024-08-23,20240823,2024,236,23,5,sexta-feira,34,8,2024-08,Agosto,3,Q3,2,T3,False
2024-08-24,20240824,2024,237,24,6,sábado,34,8,2024-08,Agosto,3,Q3,2,T3,True
2024-08-25,20240825,2024,238,25,7,domingo,34,8,2024-08,Agosto,3,Q3,2,T3,True
2024-08-26,20240826,2024,239,26,1,segunda-feira,35,8,2024-08,Agosto,3,Q3,2,T3,False
2024-08-27,20240827,2024,240,27,2,terça-feira,35,8,2024-08,Agosto,3,Q3,2,T3,False
2024-08-28,20240828,2024,241,28,3,quarta-feira,35,8,2024-08,Agosto,3,Q3,2,T3,False
2024-08-29,20240829,2024,242,29,4,quinta-feira,35,8,2024-08,Agosto,3,Q3,2,T3,False
2024-08-30,20240830,2024,243,30,5,sexta-feira,35,8,2024-08,Agosto,3,Q3,2,T3,False
2024-08-31,20240831,2024,244,31,6,sábado,35,8,2024-08,Agosto,3,Q3,2,T3,True
2024-09-01,20240901,2024,245,1,7,domingo,35,9,2024-09,Setembro,3,Q3,2,T3,True
2024-09-02,20240902,2024,246,2,1,segunda-feira,36,9,2024-09,Setembro,3,Q3,2,T3,False
2024-09-03,20240903,2024,247,3,2,terça-feira,36,9,2024-09,Setembro,3,Q3,2,T3,False
2024-09-04,20240904,2024,248,4,3,quarta-feira,36,9,2024-09,Setembro,3,Q3,2,T3,False
2024-09-05,20240905,2024,249,5,4,quinta-feira,36,9,2024-09,Setembro,3,Q3,2,T3,False
2024-09-06,20240906,2024,250,6,5,sexta-feira,36,9,2024-09,Setembro,3,Q3,2,T3,False
2024-09-07,20240907,2024,251,7,6,sábado,36,9,2024-09,Setembro,3,Q3,2,T3,True
2024-09-08,20240908,2024,252,8,7,domingo,36,9,2024-09,Setembro,3,Q3,2,T3,True
2024-09-09,20240909,2024,253,9,1,segunda-feira,37,9,2024-09,Setembro,3,Q3,2,T3,False
2024-09-10,20240910,2024,254,10,2,terça-feira,37,9,2024-09,Setembro,3,Q3,2,T3,False
2024-09-11,20240911,2024,255,11,3,quarta-feira,37,9,2024-09,Setembro,3,Q3,2,T3,False
2024-09-12,20240912,2024,256,12,4,quinta-feira,37,9,2024-09,Setembro,3,Q3,2,T3,False
2024-09-13,20240913,2024,257,13,5,sexta-feira,37,9,2024-09,Setembro,3,Q3,2,T3,False
2024-09-14,20240914,2024,258,14,6,sábado,37,9,2024-09,Setembro,3,Q3,2,T3,True
2024-09-15,20240915,2024,259,15,7,domingo,37,9,2024-09,Setembro,3,Q3,2,T3,True
2024-09-16,20240916,2024,260,16,1,segunda-feira,38,9,2024-09,Setembro,3,Q3,2,T3,False
2024-09-17,20240917,2024,261,17,2,terça-feira,38,9,2024-09,Setembro,3,Q3,2,T3,False
2024-09-18,20240918,2024,262,18,3,quarta-feira,38,9,2024-09,Setembro,3,Q3,2,T3,False
2024-09-19,20240919,2024,263,19,4,quinta-feira,38,9,2024-09,Setembro,3,Q3,2,T3,False
2024-09-20,20240920,2024,264,20,5,sexta-feira,38,9,2024-09,Setembro,3,Q3,2,T3,False
2024-09-21,20240921,2024,265,21,6,sábado,38,9,2024-09,Setembro,3,Q3,2,T3,True
2024-09-22,20240922,2024,266,22,7,domingo,38,9,2024-09,Setembro,3,Q3,2,T3,True
2024-09-23,20240923,2024,267,23,1,segunda-feira,39,9,2024-09,Setembro,3,Q3,2,T3,False
2024-09-24,20240924,2024,268,24,2,terça-feira,39,9,2024-09,Setembro,3,Q3,2,T3,False
2024-09-25,20240925,2024,269,25,3,quarta-feira,39,9,2024-09,Setembro,3,Q3,2,T3,False
2024-09-26,20240926,2024,270,26,4,quinta-feira,39,9,2024-09,Setembro,3,Q3,2,T3,False
2024-09-27,20240927,2024,271,27,5,sexta-feira,39,9,2024-09,Setembro,3,Q3,2,T3,False
2024-09-28,20240928,2024,272,28,6,sábado,39,9,2024-09,Setembro,3,Q3,2,T3,True
2024-09-29,20240929,2024,273,29,7,domingo,39,9,2024-09,Setembro,3,Q3,2,T3,True
2024-09-30,20240930,2024,274,30,1,segunda-feira,40,9,2024-09,Setembro,3,Q3,2,T3,False
2024-10-01,20241001,2024,275,1,2,terça-feira,40,10,2024-10,Outubro,4,Q4,2,T4,False
2024-10-02,20241002,2024,276,2,3,quarta-feira,40,10,2024-10,Outubro,4,Q4,2,T4,False
2024-10-03,20241003,2024,277,3,4,quinta-feira,40,10,2024-10,Outubro,4,Q4,2,T4,False
2024-10-04,20241004,2024,278,4,5,sexta-feira,40,10,2024-10,Outubro,4,Q4,2,T4,False
2024-10-05,20241005,2024,279,5,6,sábado,40,10,2024-10,Outubro,4,Q4,2,T4,True
2024-10-06,20241006,2024,280,6,7,domingo,40,10,2024-10,Outubro,4,Q4,2,T4,True
2024-10-07,20241007,2024,281,7,1,segunda-feira,41,10,2024-10,Outubro,4,Q4,2,T4,False
2024-10-08,20241008,2024,282,8,2,terça-feira,41,10,2024-10,Outubro,4,Q4,2,T4,False
2024-10-09,20241009,2024,283,9,3,quarta-feira,41,10,2024-10,Outubro,4,Q4,2,T4,False
2024-10-10,20241010,2024,284,10,4,quinta-feira,41,10,2024-10,Outubro,4,Q4,2,T4,False
2024-10-11,20241011,2024,285,11,5,sexta-feira,41,10,2024-10,Outubro,4,Q4,2,T4,False
2024-10-12,20241012,2024,286,12,6,sábado,41,10,2024-10,Outubro,4,Q4,2,T4,True
2024-10-13,20241013,2024,287,13,7,domingo,41,10,2024-10,Outubro,4,Q4,2,T4,True
2024-10-14,20241014,2024,288,14,1,segunda-feira,42,10,2024-10,Outubro,4,Q4,2,T4,False
2024-10-15,20241015,2024,289,15,2,terça-feira,42,10,2024-10,Outubro,4,Q4,2,T4,False
2024-10-16,20241016,2024,290,16,3,quarta-feira,42,10,2024-10,Outubro,4,Q4,2,T4,False
2024-10-17,20241017,2024,291,17,4,quinta-feira,42,10,2024-10,Outubro,4,Q4,2,T4,False
2024-10-18,20241018,2024,292,18,5,sexta-feira,42,10,2024-10,Outubro,4,Q4,2,T4,False
2024-10-19,20241019,2024,293,19,6,sábado,42,10,2024-10,Outubro,4,Q4,2,T4,True
2024-10-20,20241020,2024,294,20,7,domingo,42,10,2024-10,Outubro,4,Q4,2,T4,True
2024-10-21,20241021,2024,295,21,1,segunda-feira,43,10,2024-10,Outubro,4,Q4,2,T4,False
2024-10-22,20241022,2024,296,22,2,terça-feira,43,10,2024-10,Outubro,4,Q4,2,T4,False
2024-10-23,20241023,2024,297,23,3,quarta-feira,43,10,2024-10,Outubro,4,Q4,2,T4,False
2024-10-24,20241024,2024,298,24,4,quinta-feira,43,10,2024-10,Outubro,4,Q4,2,T4,False
2024-10-25,20241025,2024,299,25,5,sexta-feira,43,10,2024-10,Outubro,4,Q4,2,T4,False
2024-10-26,20241026,2024,300,26,6,sábado,43,10,2024-10,Outubro,4,Q4,2,T4,True
2024-10-27,20241027,2024,301,27,7,domingo,43,10,2024-10,Outubro,4,Q4,2,T4,True
2024-10-28,20241028,2024,302,28,1,segunda-feira,44,10,2024-10,Outubro,4,Q4,2,T4,False
2024-10-29,20241029,2024,303,29,2,terça-feira,44,10,2024-10,Outubro,4,Q4,2,T4,False
2024-10-30,20241030,2024,304,30,3,quarta-feira,44,10,2024-10,Outubro,4,Q4,2,T4,False
2024-10-31,20241031,2024,305,31,4,quinta-feira,44,10,2024-10,Outubro,4,Q4,2,T4,False
2024-11-01,20241101,2024,306,1,5,sexta-feira,44,11,2024-11,Novembro,4,Q4,2,T4,False
2024-11-02,20241102,2024,307,2,6,sábado,44,11,2024-11,Novembro,4,Q4,2,T4,True
2024-11-03,20241103,2024,308,3,7,domingo,44,11,2024-11,Novembro,4,Q4,2,T4,True
2024-11-04,20241104,2024,309,4,1,segunda-feira,45,11,2024-11,Novembro,4,Q4,2,T4,False
2024-11-05,20241105,2024,310,5,2,terça-feira,45,11,2024-11,Novembro,4,Q4,2,T4,False
2024-11-06,20241106,2024,311,6,3,quarta-feira,45,11,2024-11,Novembro,4,Q4,2,T4,False
2024-11-07,20241107,2024,312,7,4,quinta-feira,45,11,2024-11,Novembro,4,Q4,2,T4,False
2024-11-08,20241108,2024,313,8,5,sexta-feira,45,11,2024-11,Novembro,4,Q4,2,T4,False
2024-11-09,20241109,2024,314,9,6,sábado,45,11,2024-11,Novembro,4,Q4,2,T4,True
2024-11-10,20241110,2024,315,10,7,domingo,45,11,2024-11,Novembro,4,Q4,2,T4,True
2024-11-11,20241111,2024,316,11,1,segunda-feira,46,11,2024-11,Novembro,4,Q4,2,T4,False
2024-11-12,20241112,2024,317,12,2,terça-feira,46,11,2024-11,Novembro,4,Q4,2,T4,False
2024-11-13,20241113,2024,318,13,3,quarta-feira,46,11,2024-11,Novembro,4,Q4,2,T4,False
2024-11-14,20241114,2024,319,14,4,quinta-feira,46,11,2024-11,Novembro,4,Q4,2,T4,False
2024-11-15,20241115,2024,320,15,5,sexta-feira,46,11,2024-11,Novembro,4,Q4,2,T4,False
2024-11-16,20241116,2024,321,16,6,sábado,46,11,2024-11,Novembro,4,Q4,2,T4,True
2024-11-17,20241117,2024,322,17,7,domingo,46,11,2024-11,Novembro,4,Q4,2,T4,True
2024-11-18,20241118,2024,323,18,1,segunda-feira,47,11,2024-11,Novembro,4,Q4,2,T4,False
2024-11-19,20241119,2024,324,19,2,terça-feira,47,11,2024-11,Novembro,4,Q4,2,T4,False
2024-11-20,20241120,2024,325,20,3,quarta-feira,47,11,2024-11,Novembro,4,Q4,2,T4,False
2024-11-21,20241121,2024,326,21,4,quinta-feira,47,11,2024-11,Novembro,4,Q4,2,T4,False
2024-11-22,20241122,2024,327,22,5,sexta-feira,47,11,2024-11,Novembro,4,Q4,2,T4,False
2024-11-23,20241123,2024,328,23,6,sábado,47,11,2024-11,Novembro,4,Q4,2,T4,True
2024-11-24,20241124,2024,329,24,7,domingo,47,11,2024-11,Novembro,4,Q4,2,T4,True
2024-11-25,20241125,2024,330,25,1,segunda-feira,48,11,2024-11,Novembro,4,Q4,2,T4,False
2024-11-26,20241126,2024,331,26,2,terça-feira,48,11,2024-11,Novembro,4,Q4,2,T4,False
2024-11-27,20241127,2024,332,27,3,quarta-feira,48,11,2024-11,Novembro,4,Q4,2,T4,False
2024-11-28,20241128,2024,333,28,4,quinta-feira,48,11,2024-11,Novembro,4,Q4,2,T4,False
2024-11-29,20241129,2024,334,29,5,sexta-feira,48,11,2024-11,Novembro,4,Q4,2,T4,False
2024-11-30,20241130,2024,335,30,6,sábado,48,11,2024-11,Novembro,4,Q4,2,T4,True
2024-12-01,20241201,2024,336,1,7,domingo,48,12,2024-12,Dezembro,4,Q4,2,T4,True
2024-12-02,20241202,2024,337,2,1,segunda-feira,49,12,2024-12,Dezembro,4,Q4,2,T4,False
2024-12-03,20241203,2024,338,3,2,terça-feira,49,12,2024-12,Dezembro,4,Q4,2,T4,False
2024-12-04,20241204,2024,339,4,3,quarta-feira,49,12,2024-12,Dezembro,4,Q4,2,T4,False
2024-12-05,20241205,2024,340,5,4,quinta-feira,49,12,2024-12,Dezembro,4,Q4,2,T4,False
2024-12-06,20241206,2024,341,6,5,sexta-feira,49,12,2024-12,Dezembro,4,Q4,2,T4,False
2024-12-07,20241207,2024,342,7,6,sábado,49,12,2024-12,Dezembro,4,Q4,2,T4,True
2024-12-08,20241208,2024,343,8,7,domingo,49,12,2024-12,Dezembro,4,Q4,2,T4,True
2024-12-09,20241209,2024,344,9,1,segunda-feira,50,12,2024-12,Dezembro,4,Q4,2,T4,False
2024-12-10,20241210,2024,345,10,2,terça-feira,50,12,2024-12,Dezembro,4,Q4,2,T4,False
2024-12-11,20241211,2024,346,11,3,quarta-feira,50,12,2024-12,Dezembro,4,Q4,2,T4,False
2024-12-12,20241212,2024,347,12,4,quinta-feira,50,12,2024-12,Dezembro,4,Q4,2,T4,False
2024-12-13,20241213,2024,348,13,5,sexta-feira,50,12,2024-12,Dezembro,4,Q4,2,T4,False
2024-12-14,20241214,2024,349,14,6,sábado,50,12,2024-12,Dezembro,4,Q4,2,T4,True
2024-12-15,20241215,2024,350,15,7,domingo,50,12,2024-12,Dezembro,4,Q4,2,T4,True
2024-12-16,20241216,2024,351,16,1,segunda-feira,51,12,2024-12,Dezembro,4,Q4,2,T4,False
2024-12-17,20241217,2024,352,17,2,terça-feira,51,12,2024-12,Dezembro,4,Q4,2,T4,False
2024-12-18,20241218,2024,353,18,3,quarta-feira,51,12,2024-12,Dezembro,4,Q4,2,T4,False
2024-12-19,20241219,2024,354,19,4,quinta-feira,51,12,2024-12,Dezembro,4,Q4,2,T4,False
2024-12-20,20241220,2024,355,20,5,sexta-feira,51,12,2024-12,Dezembro,4,Q4,2,T4,False
2024-12-21,20241221,2024,356,21,6,sábado,51,12,2024-12,Dezembro,4,Q4,2,T4,True
2024-12-22,20241222,2024,357,22,7,domingo,51,12,2024-12,Dezembro,4,Q4,2,T4,True
2024-12-23,20241223,2024,358,23,1,segunda-feira,52,12,2024-12,Dezembro,4,Q4,2,T4,False
2024-12-24,20241224,2024,359,24,2,terça-feira,52,12,2024-12,Dezembro,4,Q4,2,T4,False
2024-12-25,20241225,2024,360,25,3,quarta-feira,52,12,2024-12,Dezembro,4,Q4,2,T4,False
2024-12-26,20241226,2024,361,26,4,quinta-feira,52,12,2024-12,Dezembro,4,Q4,2,T4,False
2024-12-27,20241227,2024,362,27,5,sexta-feira,52,12,2024-12,Dezembro,4,Q4,2,T4,False
2024-12-28,20241228,2024,363,28,6,sábado,52,12,2024-12,Dezembro,4,Q4,2,T4,True
2024-12-29,20241229,2024,364,29,7,domingo,52,12,2024-12,Dezembro,4,Q4,2,T4,True
2024-12-30,20241230,2024,365,30,1,segunda-feira,1,12,2024-12,Dezembro,4,Q4,2,T4,False
2024-12-31,20241231,2024,366,31,2,terça-feira,1,12,2024-12,Dezembro,4,Q4,2,T4,False
2025-01-01,20250101,2025,1,1,3,quarta-feira,1,1,2025-01,Janeiro,1,Q1,1,T1,False
2025-01-02,20250102,2025,2,2,4,quinta-feira,1,1,2025-01,Janeiro,1,Q1,1,T1,False
2025-01-03,20250103,2025,3,3,5,sexta-feira,1,1,2025-01,Janeiro,1,Q1,1,T1,False
2025-01-04,20250104,2025,4,4,6,sábado,1,1,2025-01,Janeiro,1,Q1,1,T1,True
2025-01-05,20250105,2025,5,5,7,domingo,1,1,2025-01,Janeiro,1,Q1,1,T1,True
2025-01-06,20250106,2025,6,6,1,segunda-feira,2,1,2025-01,Janeiro,1,Q1,1,T1,False
2025-01-07,20250107,2025,7,7,2,terça-feira,2,1,2025-01,Janeiro,1,Q1,1,T1,False
2025-01-08,20250108,2025,8,8,3,quarta-feira,2,1,2025-01,Janeiro,1,Q1,1,T1,False
2025-01-09,20250109,2025,9,9,4,quinta-feira,2,1,2025-01,Janeiro,1,Q1,1,T1,False
2025-01-10,20250110,2025,10,10,5,sexta-feira,2,1,2025-01,Janeiro,1,Q1,1,T1,False
2025-01-11,20250111,2025,11,11,6,sábado,2,1,2025-01,Janeiro,1,Q1,1,T1,True
2025-01-12,20250112,2025,12,12,7,domingo,2,1,2025-01,Janeiro,1,Q1,1,T1,True
2025-01-13,20250113,2025,13,13,1,segunda-feira,3,1,2025-01,Janeiro,1,Q1,1,T1,False
2025-01-14,20250114,2025,14,14,2,terça-feira,3,1,2025-01,Janeiro,1,Q1,1,T1,False
2025-01-15,20250115,2025,15,15,3,quarta-feira,3,1,2025-01,Janeiro,1,Q1,1,T1,False
2025-01-16,20250116,2025,16,16,4,quinta-feira,3,1,2025-01,Janeiro,1,Q1,1,T1,False
2025-01-17,20250117,2025,17,17,5,sexta-feira,3,1,2025-01,Janeiro,1,Q1,1,T1,False
2025-01-18,20250118,2025,18,18,6,sábado,3,1,2025-01,Janeiro,1,Q1,1,T1,True
2025-01-19,20250119,2025,19,19,7,domingo,3,1,2025-01,Janeiro,1,Q1,1,T1,True
2025-01-20,20250120,2025,20,20,1,segunda-feira,4,1,2025-01,Janeiro,1,Q1,1,T1,False
2025-01-21,20250121,2025,21,21,2,terça-feira,4,1,2025-01,Janeiro,1,Q1,1,T1,False
2025-01-22,20250122,2025,22,22,3,quarta-feira,4,1,2025-01,Janeiro,1,Q1,1,T1,False
2025-01-23,20250123,2025,23,23,4,quinta-feira,4,1,2025-01,Janeiro,1,Q1,1,T1,False
2025-01-24,20250124,2025,24,24,5,sexta-feira,4,1,2025-01,Janeiro,1,Q1,1,T1,False
2025-01-25,20250125,2025,25,25,6,sábado,4,1,2025-01,Janeiro,1,Q1,1,T1,True
2025-01-26,20250126,2025,26,26,7,domingo,4,1,2025-01,Janeiro,1,Q1,1,T1,True
2025-01-27,20250127,2025,27,27,1,segunda-feira,5,1,2025-01,Janeiro,1,Q1,1,T1,False
2025-01-28,20250128,2025,28,28,2,terça-feira,5,1,2025-01,Janeiro,1,Q1,1,T1,False
2025-01-29,20250129,2025,29,29,3,quarta-feira,5,1,2025-01,Janeiro,1,Q1,1,T1,False
2025-01-30,20250130,2025,30,30,4,quinta-feira,5,1,2025-01,Janeiro,1,Q1,1,T1,False
2025-01-31,20250131,2025,31,31,5,sexta-feira,5,1,2025-01,Janeiro,1,Q1,1,T1,False
2025-02-01,20250201,2025,32,1,6,sábado,5,2,2025-02,Fevereiro,1,Q1,1,T1,True
2025-02-02,20250202,2025,33,2,7,domingo,5,2,2025-02,Fevereiro,1,Q1,1,T1,True
2025-02-03,20250203,2025,34,3,1,segunda-feira,6,2,2025-02,Fevereiro,1,Q1,1,T1,False
2025-02-04,20250204,2025,35,4,2,terça-feira,6,2,2025-02,Fevereiro,1,Q1,1,T1,False
2025-02-05,20250205,2025,36,5,3,quarta-feira,6,2,2025-02,Fevereiro,1,Q1,1,T1,False
2025-02-06,20250206,2025,37,6,4,quinta-feira,6,2,2025-02,Fevereiro,1,Q1,1,T1,False
2025-02-07,20250207,2025,38,7,5,sexta-feira,6,2,2025-02,Fevereiro,1,Q1,1,T1,False
2025-02-08,20250208,2025,39,8,6,sábado,6,2,2025-02,Fevereiro,1,Q1,1,T1,True
2025-02-09,20250209,2025,40,9,7,domingo,6,2,2025-02,Fevereiro,1,Q1,1,T1,True
2025-02-10,20250210,2025,41,10,1,segunda-feira,7,2,2025-02,Fevereiro,1,Q1,1,T1,False
2025-02-11,20250211,2025,42,11,2,terça-feira,7,2,2025-02,Fevereiro,1,Q1,1,T1,False
2025-02-12,20250212,2025,43,12,3,quarta-feira,7,2,2025-02,Fevereiro,1,Q1,1,T1,False
2025-02-13,20250213,2025,44,13,4,quinta-feira,7,2,2025-02,Fevereiro,1,Q1,1,T1,False
2025-02-14,20250214,2025,45,14,5,sexta-feira,7,2,2025-02,Fevereiro,1,Q1,1,T1,False
2025-02-15,20250215,2025,46,15,6,sábado,7,2,2025-02,Fevereiro,1,Q1,1,T1,True
2025-02-16,20250216,2025,47,16,7,domingo,7,2,2025-02,Fevereiro,1,Q1,1,T1,True
2025-02-17,20250217,2025,48,17,1,segunda-feira,8,2,2025-02,Fevereiro,1,Q1,1,T1,False
2025-02-18,20250218,2025,49,18,2,terça-feira,8,2,2025-02,Fevereiro,1,Q1,1,T1,False
2025-02-19,20250219,2025,50,19,3,quarta-feira,8,2,2025-02,Fevereiro,1,Q1,1,T1,False
2025-02-20,20250220,2025,51,20,4,quinta-feira,8,2,2025-02,Fevereiro,1,Q1,1,T1,False
2025-02-21,20250221,2025,52,21,5,sexta-feira,8,2,2025-02,Fevereiro,1,Q1,1,T1,False
2025-02-22,20250222,2025,53,22,6,sábado,8,2,2025-02,Fevereiro,1,Q1,1,T1,True
2025-02-23,20250223,2025,54,23,7,domingo,8,2,2025-02,Fevereiro,1,Q1,1,T1,True
2025-02-24,20250224,2025,55,24,1,segunda-feira,9,2,2025-02,Fevereiro,1,Q1,1,T1,False
2025-02-25,20250225,2025,56,25,2,terça-feira,9,2,2025-02,Fevereiro,1,Q1,1,T1,False
2025-02-26,20250226,2025,57,26,3,quarta-feira,9,2,2025-02,Fevereiro,1,Q1,1,T1,False
2025-02-27,20250227,2025,58,27,4,quinta-feira,9,2,2025-02,Fevereiro,1,Q1,1,T1,False
2025-02-28,20250228,2025,59,28,5,sexta-feira,9,2,2025-02,Fevereiro,1,Q1,1,T1,False
2025-03-01,20250301,2025,60,1,6,sábado,9,3,2025-03,Março,1,Q1,1,T1,True
2025-03-02,20250302,2025,61,2,7,domingo,9,3,2025-03,Março,1,Q1,1,T1,True
2025-03-03,20250303,2025,62,3,1,segunda-feira,10,3,2025-03,Março,1,Q1,1,T1,False
2025-03-04,20250304,2025,63,4,2,terça-feira,10,3,2025-03,Março,1,Q1,1,T1,False
2025-03-05,20250305,2025,64,5,3,quarta-feira,10,3,2025-03,Março,1,Q1,1,T1,False
2025-03-06,20250306,2025,65,6,4,quinta-feira,10,3,2025-03,Março,1,Q1,1,T1,False
2025-03-07,20250307,2025,66,7,5,sexta-feira,10,3,2025-03,Março,1,Q1,1,T1,False
2025-03-08,20250308,2025,67,8,6,sábado,10,3,2025-03,Março,1,Q1,1,T1,True
2025-03-09,20250309,2025,68,9,7,domingo,10,3,2025-03,Março,1,Q1,1,T1,True
2025-03-10,20250310,2025,69,10,1,segunda-feira,11,3,2025-03,Março,1,Q1,1,T1,False
2025-03-11,20250311,2025,70,11,2,terça-feira,11,3,2025-03,Março,1,Q1,1,T1,False
2025-03-12,20250312,2025,71,12,3,quarta-feira,11,3,2025-03,Março,1,Q1,1,T1,False
2025-03-13,20250313,2025,72,13,4,quinta-feira,11,3,2025-03,Março,1,Q1,1,T1,False
2025-03-14,20250314,2025,73,14,5,sexta-feira,11,3,2025-03,Março,1,Q1,1,T1,False
2025-03-15,20250315,2025,74,15,6,sábado,11,3,2025-03,Março,1,Q1,1,T1,True
2025-03-16,20250316,2025,75,16,7,domingo,11,3,2025-03,Março,1,Q1,1,T1,True
2025-03-17,20250317,2025,76,17,1,segunda-feira,12,3,2025-03,Março,1,Q1,1,T1,False
2025-03-18,20250318,2025,77,18,2,terça-feira,12,3,2025-03,Março,1,Q1,1,T1,False
2025-03-19,20250319,2025,78,19,3,quarta-feira,12,3,2025-03,Março,1,Q1,1,T1,False
2025-03-20,20250320,2025,79,20,4,quinta-feira,12,3,2025-03,Março,1,Q1,1,T1,False
2025-03-21,20250321,2025,80,21,5,sexta-feira,12,3,2025-03,Março,1,Q1,1,T1,False
2025-03-22,20250322,2025,81,22,6,sábado,12,3,2025-03,Março,1,Q1,1,T1,True
2025-03-23,20250323,2025,82,23,7,domingo,12,3,2025-03,Março,1,Q1,1,T1,True
2025-03-24,20250324,2025,83,24,1,segunda-feira,13,3,2025-03,Março,1,Q1,1,T1,False
2025-03-25,20250325,2025,84,25,2,terça-feira,13,3,2025-03,Março,1,Q1,1,T1,False
2025-03-26,20250326,2025,85,26,3,quarta-feira,13,3,2025-03,Março,1,Q1,1,T1,False
2025-03-27,20250327,2025,86,27,4,quinta-feira,13,3,2025-03,Março,1,Q1,1,T1,False
2025-03-28,20250328,2025,87,28,5,sexta-feira,13,3,2025-03,Março,1,Q1,1,T1,False
2025-03-29,20250329,2025,88,29,6,sábado,13,3,2025-03,Março,1,Q1,1,T1,True
2025-03-30,20250330,2025,89,30,7,domingo,13,3,2025-03,Março,1,Q1,1,T1,True
2025-03-31,20250331,2025,90,31,1,segunda-feira,14,3,2025-03,Março,1,Q1,1,T1,False
2025-04-01,20250401,2025,91,1,2,terça-feira,14,4,2025-04,Abril,2,Q2,1,T2,False
2025-04-02,20250402,2025,92,2,3,quarta-feira,14,4,2025-04,Abril,2,Q2,1,T2,False
2025-04-03,20250403,2025,93,3,4,quinta-feira,14,4,2025-04,Abril,2,Q2,1,T2,False
2025-04-04,20250404,2025,94,4,5,sexta-feira,14,4,2025-04,Abril,2,Q2,1,T2,False
2025-04-05,20250405,2025,95,5,6,sábado,14,4,2025-04,Abril,2,Q2,1,T2,True
2025-04-06,20250406,2025,96,6,7,domingo,14,4,2025-04,Abril,2,Q2,1,T2,True
2025-04-07,20250407,2025,97,7,1,segunda-feira,15,4,2025-04,Abril,2,Q2,1,T2,False
2025-04-08,20250408,2025,98,8,2,terça-feira,15,4,2025-04,Abril,2,Q2,1,T2,False
2025-04-09,20250409,2025,99,9,3,quarta-feira,15,4,2025-04,Abril,2,Q2,1,T2,False
2025-04-10,20250410,2025,100,10,4,quinta-feira,15,4,2025-04,Abril,2,Q2,1,T2,False
2025-04-11,20250411,2025,101,11,5,sexta-feira,15,4,2025-04,Abril,2,Q2,1,T2,False
2025-04-12,20250412,2025,102,12,6,sábado,15,4,2025-04,Abril,2,Q2,1,T2,True
2025-04-13,20250413,2025,103,13,7,domingo,15,4,2025-04,Abril,2,Q2,1,T2,True
2025-04-14,20250414,2025,104,14,1,segunda-feira,16,4,2025-04,Abril,2,Q2,1,T2,False
2025-04-15,20250415,2025,105,15,2,terça-feira,16,4,2025-04,Abril,2,Q2,1,T2,False
2025-04-16,20250416,2025,106,16,3,quarta-feira,16,4,2025-04,Abril,2,Q2,1,T2,False
2025-04-17,20250417,2025,107,17,4,quinta-feira,16,4,2025-04,Abril,2,Q2,1,T2,False
2025-04-18,20250418,2025,108,18,5,sexta-feira,16,4,2025-04,Abril,2,Q2,1,T2,False
2025-04-19,20250419,2025,109,19,6,sábado,16,4,2025-04,Abril,2,Q2,1,T2,True
2025-04-20,20250420,2025,110,20,7,domingo,16,4,2025-04,Abril,2,Q2,1,T2,True
2025-04-21,20250421,2025,111,21,1,segunda-feira,17,4,2025-04,Abril,2,Q2,1,T2,False
2025-04-22,20250422,2025,112,22,2,terça-feira,17,4,2025-04,Abril,2,Q2,1,T2,False
2025-04-23,20250423,2025,113,23,3,quarta-feira,17,4,2025-04,Abril,2,Q2,1,T2,False
2025-04-24,20250424,2025,114,24,4,quinta-feira,17,4,2025-04,Abril,2,Q2,1,T2,False
2025-04-25,20250425,2025,115,25,5,sexta-feira,17,4,2025-04,Abril,2,Q2,1,T2,False
2025-04-26,20250426,2025,116,26,6,sábado,17,4,2025-04,Abril,2,Q2,1,T2,True
2025-04-27,20250427,2025,117,27,7,domingo,17,4,2025-04,Abril,2,Q2,1,T2,True
2025-04-28,20250428,2025,118,28,1,segunda-feira,18,4,2025-04,Abril,2,Q2,1,T2,False
2025-04-29,20250429,2025,119,29,2,terça-feira,18,4,2025-04,Abril,2,Q2,1,T2,False
2025-04-30,20250430,2025,120,30,3,quarta-feira,18,4,2025-04,Abril,2,Q2,1,T2,False
2025-05-01,20250501,2025,121,1,4,quinta-feira,18,5,2025-05,Maio,2,Q2,1,T2,False
2025-05-02,20250502,2025,122,2,5,sexta-feira,18,5,2025-05,Maio,2,Q2,1,T2,False
2025-05-03,20250503,2025,123,3,6,sábado,18,5,2025-05,Maio,2,Q2,1,T2,True
2025-05-04,20250504,2025,124,4,7,domingo,18,5,2025-05,Maio,2,Q2,1,T2,True
2025-05-05,20250505,2025,125,5,1,segunda-feira,19,5,2025-05,Maio,2,Q2,1,T2,False
2025-05-06,20250506,2025,126,6,2,terça-feira,19,5,2025-05,Maio,2,Q2,1,T2,False
2025-05-07,20250507,2025,127,7,3,quarta-feira,19,5,2025-05,Maio,2,Q2,1,T2,False
2025-05-08,20250508,2025,128,8,4,quinta-feira,19,5,2025-05,Maio,2,Q2,1,T2,False
2025-05-09,20250509,2025,129,9,5,sexta-feira,19,5,2025-05,Maio,2,Q2,1,T2,False
2025-05-10,20250510,2025,130,10,6,sábado,19,5,2025-05,Maio,2,Q2,1,T2,True
2025-05-11,20250511,2025,131,11,7,domingo,19,5,2025-05,Maio,2,Q2,1,T2,True
2025-05-12,20250512,2025,132,12,1,segunda-feira,20,5,2025-05,Maio,2,Q2,1,T2,False
2025-05-13,20250513,2025,133,13,2,terça-feira,20,5,2025-05,Maio,2,Q2,1,T2,False
2025-05-14,20250514,2025,134,14,3,quarta-feira,20,5,2025-05,Maio,2,Q2,1,T2,False
2025-05-15,20250515,2025,135,15,4,quinta-feira,20,5,2025-05,Maio,2,Q2,1,T2,False
2025-05-16,20250516,2025,136,16,5,sexta-feira,20,5,2025-05,Maio,2,Q2,1,T2,False
2025-05-17,20250517,2025,137,17,6,sábado,20,5,2025-05,Maio,2,Q2,1,T2,True
2025-05-18,20250518,2025,138,18,7,domingo,20,5,2025-05,Maio,2,Q2,1,T2,True
2025-05-19,20250519,2025,139,19,1,segunda-feira,21,5,2025-05,Maio,2,Q2,1,T2,False
2025-05-20,20250520,2025,140,20,2,terça-feira,21,5,2025-05,Maio,2,Q2,1,T2,False
2025-05-21,20250521,2025,141,21,3,quarta-feira,21,5,2025-05,Maio,2,Q2,1,T2,False
2025-05-22,20250522,2025,142,22,4,quinta-feira,21,5,2025-05,Maio,2,Q2,1,T2,False
2025-05-23,20250523,2025,143,23,5,sexta-feira,21,5,2025-05,Maio,2,Q2,1,T2,False
2025-05-24,20250524,2025,144,24,6,sábado,21,5,2025-05,Maio,2,Q2,1,T2,True
2025-05-25,20250525,2025,145,25,7,domingo,21,5,2025-05,Maio,2,Q2,1,T2,True
2025-05-26,20250526,2025,146,26,1,segunda-feira,22,5,2025-05,Maio,2,Q2,1,T2,False
2025-05-27,20250527,2025,147,27,2,terça-feira,22,5,2025-05,Maio,2,Q2,1,T2,False
2025-05-28,20250528,2025,148,28,3,quarta-feira,22,5,2025-05,Maio,2,Q2,1,T2,False
2025-05-29,20250529,2025,149,29,4,quinta-feira,22,5,2025-05,Maio,2,Q2,1,T2,False
2025-05-30,20250530,2025,150,30,5,sexta-feira,22,5,2025-05,Maio,2,Q2,1,T2,False
2025-05-31,20250531,2025,151,31,6,sábado,22,5,2025-05,Maio,2,Q2,1,T2,True
2025-06-01,20250601,2025,152,1,7,domingo,22,6,2025-06,Junho,2,Q2,1,T2,True
2025-06-02,20250602,2025,153,2,1,segunda-feira,23,6,2025-06,Junho,2,Q2,1,T2,False
2025-06-03,20250603,2025,154,3,2,terça-feira,23,6,2025-06,Junho,2,Q2,1,T2,False
2025-06-04,20250604,2025,155,4,3,quarta-feira,23,6,2025-06,Junho,2,Q2,1,T2,False
2025-06-05,20250605,2025,156,5,4,quinta-feira,23,6,2025-06,Junho,2,Q2,1,T2,False
2025-06-06,20250606,2025,157,6,5,sexta-feira,23,6,2025-06,Junho,2,Q2,1,T2,False
2025-06-07,20250607,2025,158,7,6,sábado,23,6,2025-06,Junho,2,Q2,1,T2,True
2025-06-08,20250608,2025,159,8,7,domingo,23,6,2025-06,Junho,2,Q2,1,T2,True
2025-06-09,20250609,2025,160,9,1,segunda-feira,24,6,2025-06,Junho,2,Q2,1,T2,False
2025-06-10,20250610,2025,161,10,2,terça-feira,24,6,2025-06,Junho,2,Q2,1,T2,False
2025-06-11,20250611,2025,162,11,3,quarta-feira,24,6,2025-06,Junho,2,Q2,1,T2,False
2025-06-12,20250612,2025,163,12,4,quinta-feira,24,6,2025-06,Junho,2,Q2,1,T2,False
2025-06-13,20250613,2025,164,13,5,sexta-feira,24,6,2025-06,Junho,2,Q2,1,T2,False
2025-06-14,20250614,2025,165,14,6,sábado,24,6,2025-06,Junho,2,Q2,1,T2,True
2025-06-15,20250615,2025,166,15,7,domingo,24,6,2025-06,Junho,2,Q2,1,T2,True
2025-06-16,20250616,2025,167,16,1,segunda-feira,25,6,2025-06,Junho,2,Q2,1,T2,False
2025-06-17,20250617,2025,168,17,2,terça-feira,25,6,2025-06,Junho,2,Q2,1,T2,False
2025-06-18,20250618,2025,169,18,3,quarta-feira,25,6,2025-06,Junho,2,Q2,1,T2,False
2025-06-19,20250619,2025,170,19,4,quinta-feira,25,6,2025-06,Junho,2,Q2,1,T2,False
2025-06-20,20250620,2025,171,20,5,sexta-feira,25,6,2025-06,Junho,2,Q2,1,T2,False
2025-06-21,20250621,2025,172,21,6,sábado,25,6,2025-06,Junho,2,Q2,1,T2,True
2025-06-22,20250622,2025,173,22,7,domingo,25,6,2025-06,Junho,2,Q2,1,T2,True
2025-06-23,20250623,2025,174,23,1,segunda-feira,26,6,2025-06,Junho,2,Q2,1,T2,False
2025-06-24,20250624,2025,175,24,2,terça-feira,26,6,2025-06,Junho,2,Q2,1,T2,False
2025-06-25,20250625,2025,176,25,3,quarta-feira,26,6,2025-06,Junho,2,Q2,1,T2,False
2025-06-26,20250626,2025,177,26,4,quinta-feira,26,6,2025-06,Junho,2,Q2,1,T2,False
2025-06-27,20250627,2025,178,27,5,sexta-feira,26,6,2025-06,Junho,2,Q2,1,T2,False
2025-06-28,20250628,2025,179,28,6,sábado,26,6,2025-06,Junho,2,Q2,1,T2,True
2025-06-29,20250629,2025,180,29,7,domingo,26,6,2025-06,Junho,2,Q2,1,T2,True
2025-06-30,20250630,2025,181,30,1,segunda-feira,27,6,2025-06,Junho,2,Q2,1,T2,False
2025-07-01,20250701,2025,182,1,2,terça-feira,27,7,2025-07,Julho,3,Q3,2,T3,False
2025-07-02,20250702,2025,183,2,3,quarta-feira,27,7,2025-07,Julho,3,Q3,2,T3,False
2025-07-03,20250703,2025,184,3,4,quinta-feira,27,7,2025-07,Julho,3,Q3,2,T3,False
2025-07-04,20250704,2025,185,4,5,sexta-feira,27,7,2025-07,Julho,3,Q3,2,T3,False
2025-07-05,20250705,2025,186,5,6,sábado,27,7,2025-07,Julho,3,Q3,2,T3,True
2025-07-06,20250706,2025,187,6,7,domingo,27,7,2025-07,Julho,3,Q3,2,T3,True
2025-07-07,20250707,2025,188,7,1,segunda-feira,28,7,2025-07,Julho,3,Q3,2,T3,False
2025-07-08,20250708,2025,189,8,2,terça-feira,28,7,2025-07,Julho,3,Q3,2,T3,False
2025-07-09,20250709,2025,190,9,3,quarta-feira,28,7,2025-07,Julho,3,Q3,2,T3,False
2025-07-10,20250710,2025,191,10,4,quinta-feira,28,7,2025-07,Julho,3,Q3,2,T3,False
2025-07-11,20250711,2025,192,11,5,sexta-feira,28,7,2025-07,Julho,3,Q3,2,T3,False
2025-07-12,20250712,2025,193,12,6,sábado,28,7,2025-07,Julho,3,Q3,2,T3,True
2025-07-13,20250713,2025,194,13,7,domingo,28,7,2025-07,Julho,3,Q3,2,T3,True
2025-07-14,20250714,2025,195,14,1,segunda-feira,29,7,2025-07,Julho,3,Q3,2,T3,False
2025-07-15,20250715,2025,196,15,2,terça-feira,29,7,2025-07,Julho,3,Q3,2,T3,False
2025-07-16,20250716,2025,197,16,3,quarta-feira,29,7,2025-07,Julho,3,Q3,2,T3,False
2025-07-17,20250717,2025,198,17,4,quinta-feira,29,7,2025-07,Julho,3,Q3,2,T3,False
2025-07-18,20250718,2025,199,18,5,sexta-feira,29,7,2025-07,Julho,3,Q3,2,T3,False
2025-07-19,20250719,2025,200,19,6,sábado,29,7,2025-07,Julho,3,Q3,2,T3,True
2025-07-20,20250720,2025,201,20,7,domingo,29,7,2025-07,Julho,3,Q3,2,T3,True
2025-07-21,20250721,2025,202,21,1,segunda-feira,30,7,2025-07,Julho,3,Q3,2,T3,False
2025-07-22,20250722,2025,203,22,2,terça-feira,30,7,2025-07,Julho,3,Q3,2,T3,False
2025-07-23,20250723,2025,204,23,3,quarta-feira,30,7,2025-07,Julho,3,Q3,2,T3,False
2025-07-24,20250724,2025,205,24,4,quinta-feira,30,7,2025-07,Julho,3,Q3,2,T3,False
2025-07-25,20250725,2025,206,25,5,sexta-feira,30,7,2025-07,Julho,3,Q3,2,T3,False
2025-07-26,20250726,2025,207,26,6,sábado,30,7,2025-07,Julho,3,Q3,2,T3,True
2025-07-27,20250727,2025,208,27,7,domingo,30,7,2025-07,Julho,3,Q3,2,T3,True
2025-07-28,20250728,2025,209,28,1,segunda-feira,31,7,2025-07,Julho,3,Q3,2,T3,False
2025-07-29,20250729,2025,210,29,2,terça-feira,31,7,2025-07,Julho,3,Q3,2,T3,False
2025-07-30,20250730,2025,211,30,3,quarta-feira,31,7,2025-07,Julho,3,Q3,2,T3,False
2025-07-31,20250731,2025,212,31,4,quinta-feira,31,7,2025-07,Julho,3,Q3,2,T3,False
2025-08-01,20250801,2025,213,1,5,sexta-feira,31,8,2025-08,Agosto,3,Q3,2,T3,False
2025-08-02,20250802,2025,214,2,6,sábado,31,8,2025-08,Agosto,3,Q3,2,T3,True
2025-08-03,20250803,2025,215,3,7,domingo,31,8,2025-08,Agosto,3,Q3,2,T3,True
2025-08-04,20250804,2025,216,4,1,segunda-feira,32,8,2025-08,Agosto,3,Q3,2,T3,False
2025-08-05,20250805,2025,217,5,2,terça-feira,32,8,2025-08,Agosto,3,Q3,2,T3,False
2025-08-06,20250806,2025,218,6,3,quarta-feira,32,8,2025-08,Agosto,3,Q3,2,T3,False
2025-08-07,20250807,2025,219,7,4,quinta-feira,32,8,2025-08,Agosto,3,Q3,2,T3,False
2025-08-08,20250808,2025,220,8,5,sexta-feira,32,8,2025-08,Agosto,3,Q3,2,T3,False
2025-08-09,20250809,2025,221,9,6,sábado,32,8,2025-08,Agosto,3,Q3,2,T3,True
2025-08-10,20250810,2025,222,10,7,domingo,32,8,2025-08,Agosto,3,Q3,2,T3,True
2025-08-11,20250811,2025,223,11,1,segunda-feira,33,8,2025-08,Agosto,3,Q3,2,T3,False
2025-08-12,20250812,2025,224,12,2,terça-feira,33,8,2025-08,Agosto,3,Q3,2,T3,False
2025-08-13,20250813,2025,225,13,3,quarta-feira,33,8,2025-08,Agosto,3,Q3,2,T3,False
2025-08-14,20250814,2025,226,14,4,quinta-feira,33,8,2025-08,Agosto,3,Q3,2,T3,False
2025-08-15,20250815,2025,227,15,5,sexta-feira,33,8,2025-08,Agosto,3,Q3,2,T3,False
2025-08-16,20250816,2025,228,16,6,sábado,33,8,2025-08,Agosto,3,Q3,2,T3,True
2025-08-17,20250817,2025,229,17,7,domingo,33,8,2025-08,Agosto,3,Q3,2,T3,True
2025-08-18,20250818,2025,230,18,1,segunda-feira,34,8,2025-08,Agosto,3,Q3,2,T3,False
2025-08-19,20250819,2025,231,19,2,terça-feira,34,8,2025-08,Agosto,3,Q3,2,T3,False
2025-08-20,20250820,2025,232,20,3,quarta-feira,34,8,2025-08,Agosto,3,Q3,2,T3,False
2025-08-21,20250821,2025,233,21,4,quinta-feira,34,8,2025-08,Agosto,3,Q3,2,T3,False
2025-08-22,20250822,2025,234,22,5,sexta-feira,34,8,2025-08,Agosto,3,Q3,2,T3,False
2025-08-23,20250823,2025,235,23,6,sábado,34,8,2025-08,Agosto,3,Q3,2,T3,True
2025-08-24,20250824,2025,236,24,7,domingo,34,8,2025-08,Agosto,3,Q3,2,T3,True
2025-08-25,20250825,2025,237,25,1,segunda-feira,35,8,2025-08,Agosto,3,Q3,2,T3,False
2025-08-26,20250826,2025,238,26,2,terça-feira,35,8,2025-08,Agosto,3,Q3,2,T3,False
2025-08-27,20250827,2025,239,27,3,quarta-feira,35,8,2025-08,Agosto,3,Q3,2,T3,False
2025-08-28,20250828,2025,240,28,4,quinta-feira,35,8,2025-08,Agosto,3,Q3,2,T3,False
2025-08-29,20250829,2025,241,29,5,sexta-feira,35,8,2025-08,Agosto,3,Q3,2,T3,False
2025-08-30,20250830,2025,242,30,6,sábado,35,8,2025-08,Agosto,3,Q3,2,T3,True
2025-08-31,20250831,2025,243,31,7,domingo,35,8,2025-08,Agosto,3,Q3,2,T3,True
2025-09-01,20250901,2025,244,1,1,segunda-feira,36,9,2025-09,Setembro,3,Q3,2,T3,False
2025-09-02,20250902,2025,245,2,2,terça-feira,36,9,2025-09,Setembro,3,Q3,2,T3,False
2025-09-03,20250903,2025,246,3,3,quarta-feira,36,9,2025-09,Setembro,3,Q3,2,T3,False
2025-09-04,20250904,2025,247,4,4,quinta-feira,36,9,2025-09,Setembro,3,Q3,2,T3,False
2025-09-05,20250905,2025,248,5,5,sexta-feira,36,9,2025-09,Setembro,3,Q3,2,T3,False
2025-09-06,20250906,2025,249,6,6,sábado,36,9,2025-09,Setembro,3,Q3,2,T3,True
2025-09-07,20250907,2025,250,7,7,domingo,36,9,2025-09,Setembro,3,Q3,2,T3,True
2025-09-08,20250908,2025,251,8,1,segunda-feira,37,9,2025-09,Setembro,3,Q3,2,T3,False
2025-09-09,20250909,2025,252,9,2,terça-feira,37,9,2025-09,Setembro,3,Q3,2,T3,False
2025-09-10,20250910,2025,253,10,3,quarta-feira,37,9,2025-09,Setembro,3,Q3,2,T3,False
2025-09-11,20250911,2025,254,11,4,quinta-feira,37,9,2025-09,Setembro,3,Q3,2,T3,False
2025-09-12,20250912,2025,255,12,5,sexta-feira,37,9,2025-09,Setembro,3,Q3,2,T3,False
2025-09-13,20250913,2025,256,13,6,sábado,37,9,2025-09,Setembro,3,Q3,2,T3,True
2025-09-14,20250914,2025,257,14,7,domingo,37,9,2025-09,Setembro,3,Q3,2,T3,True
2025-09-15,20250915,2025,258,15,1,segunda-feira,38,9,2025-09,Setembro,3,Q3,2,T3,False
2025-09-16,20250916,2025,259,16,2,terça-feira,38,9,2025-09,Setembro,3,Q3,2,T3,False
2025-09-17,20250917,2025,260,17,3,quarta-feira,38,9,2025-09,Setembro,3,Q3,2,T3,False
2025-09-18,20250918,2025,261,18,4,quinta-feira,38,9,2025-09,Setembro,3,Q3,2,T3,False
2025-09-19,20250919,2025,262,19,5,sexta-feira,38,9,2025-09,Setembro,3,Q3,2,T3,False
2025-09-20,20250920,2025,263,20,6,sábado,38,9,2025-09,Setembro,3,Q3,2,T3,True
2025-09-21,20250921,2025,264,21,7,domingo,38,9,2025-09,Setembro,3,Q3,2,T3,True
2025-09-22,20250922,2025,265,22,1,segunda-feira,39,9,2025-09,Setembro,3,Q3,2,T3,False
2025-09-23,20250923,2025,266,23,2,terça-feira,39,9,2025-09,Setembro,3,Q3,2,T3,False
2025-09-24,20250924,2025,267,24,3,quarta-feira,39,9,2025-09,Setembro,3,Q3,2,T3,False
2025-09-25,20250925,2025,268,25,4,quinta-feira,39,9,2025-09,Setembro,3,Q3,2,T3,False
2025-09-26,20250926,2025,269,26,5,sexta-feira,39,9,2025-09,Setembro,3,Q3,2,T3,False
2025-09-27,20250927,2025,270,27,6,sábado,39,9,2025-09,Setembro,3,Q3,2,T3,True
2025-09-28,20250928,2025,271,28,7,domingo,39,9,2025-09,Setembro,3,Q3,2,T3,True
2025-09-29,20250929,2025,272,29,1,segunda-feira,40,9,2025-09,Setembro,3,Q3,2,T3,False
2025-09-30,20250930,2025,273,30,2,terça-feira,40,9,2025-09,Setembro,3,Q3,2,T3,False
2025-10-01,20251001,2025,274,1,3,quarta-feira,40,10,2025-10,Outubro,4,Q4,2,T4,False
2025-10-02,20251002,2025,275,2,4,quinta-feira,40,10,2025-10,Outubro,4,Q4,2,T4,False
2025-10-03,20251003,2025,276,3,5,sexta-feira,40,10,2025-10,Outubro,4,Q4,2,T4,False
2025-10-04,20251004,2025,277,4,6,sábado,40,10,2025-10,Outubro,4,Q4,2,T4,True
2025-10-05,20251005,2025,278,5,7,domingo,40,10,2025-10,Outubro,4,Q4,2,T4,True
2025-10-06,20251006,2025,279,6,1,segunda-feira,41,10,2025-10,Outubro,4,Q4,2,T4,False
2025-10-07,20251007,2025,280,7,2,terça-feira,41,10,2025-10,Outubro,4,Q4,2,T4,False
2025-10-08,20251008,2025,281,8,3,quarta-feira,41,10,2025-10,Outubro,4,Q4,2,T4,False
2025-10-09,20251009,2025,282,9,4,quinta-feira,41,10,2025-10,Outubro,4,Q4,2,T4,False
2025-10-10,20251010,2025,283,10,5,sexta-feira,41,10,2025-10,Outubro,4,Q4,2,T4,False
2025-10-11,20251011,2025,284,11,6,sábado,41,10,2025-10,Outubro,4,Q4,2,T4,True
2025-10-12,20251012,2025,285,12,7,domingo,41,10,2025-10,Outubro,4,Q4,2,T4,True
2025-10-13,20251013,2025,286,13,1,segunda-feira,42,10,2025-10,Outubro,4,Q4,2,T4,False
2025-10-14,20251014,2025,287,14,2,terça-feira,42,10,2025-10,Outubro,4,Q4,2,T4,False
2025-10-15,20251015,2025,288,15,3,quarta-feira,42,10,2025-10,Outubro,4,Q4,2,T4,False
2025-10-16,20251016,2025,289,16,4,quinta-feira,42,10,2025-10,Outubro,4,Q4,2,T4,False
2025-10-17,20251017,2025,290,17,5,sexta-feira,42,10,2025-10,Outubro,4,Q4,2,T4,False
2025-10-18,20251018,2025,291,18,6,sábado,42,10,2025-10,Outubro,4,Q4,2,T4,True
2025-10-19,20251019,2025,292,19,7,domingo,42,10,2025-10,Outubro,4,Q4,2,T4,True
2025-10-20,20251020,2025,293,20,1,segunda-feira,43,10,2025-10,Outubro,4,Q4,2,T4,False
2025-10-21,20251021,2025,294,21,2,terça-feira,43,10,2025-10,Outubro,4,Q4,2,T4,False
2025-10-22,20251022,2025,295,22,3,quarta-feira,43,10,2025-10,Outubro,4,Q4,2,T4,False
2025-10-23,20251023,2025,296,23,4,quinta-feira,43,10,2025-10,Outubro,4,Q4,2,T4,False
2025-10-24,20251024,2025,297,24,5,sexta-feira,43,10,2025-10,Outubro,4,Q4,2,T4,False
2025-10-25,20251025,2025,298,25,6,sábado,43,10,2025-10,Outubro,4,Q4,2,T4,True
2025-10-26,20251026,2025,299,26,7,domingo,43,10,2025-10,Outubro,4,Q4,2,T4,True
2025-10-27,20251027,2025,300,27,1,segunda-feira,44,10,2025-10,Outubro,4,Q4,2,T4,False
2025-10-28,20251028,2025,301,28,2,terça-feira,44,10,2025-10,Outubro,4,Q4,2,T4,False
2025-10-29,20251029,2025,302,29,3,quarta-feira,44,10,2025-10,Outubro,4,Q4,2,T4,False
2025-10-30,20251030,2025,303,30,4,quinta-feira,44,10,2025-10,Outubro,4,Q4,2,T4,False
2025-10-31,20251031,2025,304,31,5,sexta-feira,44,10,2025-10,Outubro,4,Q4,2,T4,False
2025-11-01,20251101,2025,305,1,6,sábado,44,11,2025-11,Novembro,4,Q4,2,T4,True
2025-11-02,20251102,2025,306,2,7,domingo,44,11,2025-11,Novembro,4,Q4,2,T4,True
2025-11-03,20251103,2025,307,3,1,segunda-feira,45,11,2025-11,Novembro,4,Q4,2,T4,False
2025-11-04,20251104,2025,308,4,2,terça-feira,45,11,2025-11,Novembro,4,Q4,2,T4,False
2025-11-05,20251105,2025,309,5,3,quarta-feira,45,11,2025-11,Novembro,4,Q4,2,T4,False
2025-11-06,20251106,2025,310,6,4,quinta-feira,45,11,2025-11,Novembro,4,Q4,2,T4,False
2025-11-07,20251107,2025,311,7,5,sexta-feira,45,11,2025-11,Novembro,4,Q4,2,T4,False
2025-11-08,20251108,2025,312,8,6,sábado,45,11,2025-11,Novembro,4,Q4,2,T4,True
2025-11-09,20251109,2025,313,9,7,domingo,45,11,2025-11,Novembro,4,Q4,2,T4,True
2025-11-10,20251110,2025,314,10,1,segunda-feira,46,11,2025-11,Novembro,4,Q4,2,T4,False
2025-11-11,20251111,2025,315,11,2,terça-feira,46,11,2025-11,Novembro,4,Q4,2,T4,False
2025-11-12,20251112,2025,316,12,3,quarta-feira,46,11,2025-11,Novembro,4,Q4,2,T4,False
2025-11-13,20251113,2025,317,13,4,quinta-feira,46,11,2025-11,Novembro,4,Q4,2,T4,False
2025-11-14,20251114,2025,318,14,5,sexta-feira,46,11,2025-11,Novembro,4,Q4,2,T4,False
2025-11-15,20251115,2025,319,15,6,sábado,46,11,2025-11,Novembro,4,Q4,2,T4,True
2025-11-16,20251116,2025,320,16,7,domingo,46,11,2025-11,Novembro,4,Q4,2,T4,True
2025-11-17,20251117,2025,321,17,1,segunda-feira,47,11,2025-11,Novembro,4,Q4,2,T4,False
2025-11-18,20251118,2025,322,18,2,terça-feira,47,11,2025-11,Novembro,4,Q4,2,T4,False
2025-11-19,20251119,2025,323,19,3,quarta-feira,47,11,2025-11,Novembro,4,Q4,2,T4,False
2025-11-20,20251120,2025,324,20,4,quinta-feira,47,11,2025-11,Novembro,4,Q4,2,T4,False
2025-11-21,20251121,2025,325,21,5,sexta-feira,47,11,2025-11,Novembro,4,Q4,2,T4,False
2025-11-22,20251122,2025,326,22,6,sábado,47,11,2025-11,Novembro,4,Q4,2,T4,True
2025-11-23,20251123,2025,327,23,7,domingo,47,11,2025-11,Novembro,4,Q4,2,T4,True
2025-11-24,20251124,2025,328,24,1,segunda-feira,48,11,2025-11,Novembro,4,Q4,2,T4,False
2025-11-25,20251125,2025,329,25,2,terça-feira,48,11,2025-11,Novembro,4,Q4,2,T4,False
2025-11-26,20251126,2025,330,26,3,quarta-feira,48,11,2025-11,Novembro,4,Q4,2,T4,False
2025-11-27,20251127,2025,331,27,4,quinta-feira,48,11,2025-11,Novembro,4,Q4,2,T4,False
2025-11-28,20251128,2025,332,28,5,sexta-feira,48,11,2025-11,Novembro,4,Q4,2,T4,False
2025-11-29,20251129,2025,333,29,6,sábado,48,11,2025-11,Novembro,4,Q4,2,T4,True
2025-11-30,20251130,2025,334,30,7,domingo,48,11,2025-11,Novembro,4,Q4,2,T4,True
2025-12-01,20251201,2025,335,1,1,segunda-feira,49,12,2025-12,Dezembro,4,Q4,2,T4,False
2025-12-02,20251202,2025,336,2,2,terça-feira,49,12,2025-12,Dezembro,4,Q4,2,T4,False
2025-12-03,20251203,2025,337,3,3,quarta-feira,49,12,2025-12,Dezembro,4,Q4,2,T4,False
2025-12-04,20251204,2025,338,4,4,quinta-feira,49,12,2025-12,Dezembro,4,Q4,2,T4,False
2025-12-05,20251205,2025,339,5,5,sexta-feira,49,12,2025-12,Dezembro,4,Q4,2,T4,False
2025-12-06,20251206,2025,340,6,6,sábado,49,12,2025-12,Dezembro,4,Q4,2,T4,True
2025-12-07,20251207,2025,341,7,7,domingo,49,12,2025-12,Dezembro,4,Q4,2,T4,True
2025-12-08,20251208,2025,342,8,1,segunda-feira,50,12,2025-12,Dezembro,4,Q4,2,T4,False
2025-12-09,20251209,2025,343,9,2,terça-feira,50,12,2025-12,Dezembro,4,Q4,2,T4,False
2025-12-10,20251210,2025,344,10,3,quarta-feira,50,12,2025-12,Dezembro,4,Q4,2,T4,False
2025-12-11,20251211,2025,345,11,4,quinta-feira,50,12,2025-12,Dezembro,4,Q4,2,T4,False
2025-12-12,20251212,2025,346,12,5,sexta-feira,50,12,2025-12,Dezembro,4,Q4,2,T4,False
2025-12-13,20251213,2025,347,13,6,sábado,50,12,2025-12,Dezembro,4,Q4,2,T4,True
2025-12-14,20251214,2025,348,14,7,domingo,50,12,2025-12,Dezembro,4,Q4,2,T4,True
2025-12-15,20251215,2025,349,15,1,segunda-feira,51,12,2025-12,Dezembro,4,Q4,2,T4,False
2025-12-16,20251216,2025,350,16,2,terça-feira,51,12,2025-12,Dezembro,4,Q4,2,T4,False
2025-12-17,20251217,2025,351,17,3,quarta-feira,51,12,2025-12,Dezembro,4,Q4,2,T4,False
2025-12-18,20251218,2025,352,18,4,quinta-feira,51,12,2025-12,Dezembro,4,Q4,2,T4,False
2025-12-19,20251219,2025,353,19,5,sexta-feira,51,12,2025-12,Dezembro,4,Q4,2,T4,False
2025-12-20,20251220,2025,354,20,6,sábado,51,12,2025-12,Dezembro,4,Q4,2,T4,True
2025-12-21,20251221,2025,355,21,7,domingo,51,12,2025-12,Dezembro,4,Q4,2,T4,True
2025-12-22,20251222,2025,356,22,1,segunda-feira,52,12,2025-12,Dezembro,4,Q4,2,T4,False
2025-12-23,20251223,2025,357,23,2,terça-feira,52,12,2025-12,Dezembro,4,Q4,2,T4,False
2025-12-24,20251224,2025,358,24,3,quarta-feira,52,12,2025-12,Dezembro,4,Q4,2,T4,False
2025-12-25,20251225,2025,359,25,4,quinta-feira,52,12,2025-12,Dezembro,4,Q4,2,T4,False
2025-12-26,20251226,2025,360,26,5,sexta-feira,52,12,2025-12,Dezembro,4,Q4,2,T4,False
2025-12-27,20251227,2025,361,27,6,sábado,52,12,2025-12,Dezembro,4,Q4,2,T4,True
2025-12-28,20251228,2025,362,28,7,domingo,52,12,2025-12,Dezembro,4,Q4,2,T4,True
2025-12-29,20251229,2025,363,29,1,segunda-feira,1,12,2025-12,Dezembro,4,Q4,2,T4,False
2025-12-30,20251230,2025,364,30,2,terça-feira,1,12,2025-12,Dezembro,4,Q4,2,T4,False
2025-12-31,20251231,2025,365,31,3,quarta-feira,1,12,2025-12,Dezembro,4,Q4,2,T4,False
2026-01-01,20260101,2026,1,1,4,quinta-feira,1,1,2026-01,Janeiro,1,Q1,1,T1,False
2026-01-02,20260102,2026,2,2,5,sexta-feira,1,1,2026-01,Janeiro,1,Q1,1,T1,False
2026-01-03,20260103,2026,3,3,6,sábado,1,1,2026-01,Janeiro,1,Q1,1,T1,True
2026-01-04,20260104,2026,4,4,7,domingo,1,1,2026-01,Janeiro,1,Q1,1,T1,True
2026-01-05,20260105,2026,5,5,1,segunda-feira,2,1,2026-01,Janeiro,1,Q1,1,T1,False
2026-01-06,20260106,2026,6,6,2,terça-feira,2,1,2026-01,Janeiro,1,Q1,1,T1,False
2026-01-07,20260107,2026,7,7,3,quarta-feira,2,1,2026-01,Janeiro,1,Q1,1,T1,False
2026-01-08,20260108,2026,8,8,4,quinta-feira,2,1,2026-01,Janeiro,1,Q1,1,T1,False
2026-01-09,20260109,2026,9,9,5,sexta-feira,2,1,2026-01,Janeiro,1,Q1,1,T1,False
2026-01-10,20260110,2026,10,10,6,sábado,2,1,2026-01,Janeiro,1,Q1,1,T1,True
2026-01-11,20260111,2026,11,11,7,domingo,2,1,2026-01,Janeiro,1,Q1,1,T1,True
2026-01-12,20260112,2026,12,12,1,segunda-feira,3,1,2026-01,Janeiro,1,Q1,1,T1,False
2026-01-13,20260113,2026,13,13,2,terça-feira,3,1,2026-01,Janeiro,1,Q1,1,T1,False
2026-01-14,20260114,2026,14,14,3,quarta-feira,3,1,2026-01,Janeiro,1,Q1,1,T1,False
2026-01-15,20260115,2026,15,15,4,quinta-feira,3,1,2026-01,Janeiro,1,Q1,1,T1,False
2026-01-16,20260116,2026,16,16,5,sexta-feira,3,1,2026-01,Janeiro,1,Q1,1,T1,False
2026-01-17,20260117,2026,17,17,6,sábado,3,1,2026-01,Janeiro,1,Q1,1,T1,True
2026-01-18,20260118,2026,18,18,7,domingo,3,1,2026-01,Janeiro,1,Q1,1,T1,True
2026-01-19,20260119,2026,19,19,1,segunda-feira,4,1,2026-01,Janeiro,1,Q1,1,T1,False
2026-01-20,20260120,2026,20,20,2,terça-feira,4,1,2026-01,Janeiro,1,Q1,1,T1,False
2026-01-21,20260121,2026,21,21,3,quarta-feira,4,1,2026-01,Janeiro,1,Q1,1,T1,False
2026-01-22,20260122,2026,22,22,4,quinta-feira,4,1,2026-01,Janeiro,1,Q1,1,T1,False
2026-01-23,20260123,2026,23,23,5,sexta-feira,4,1,2026-01,Janeiro,1,Q1,1,T1,False
2026-01-24,20260124,2026,24,24,6,sábado,4,1,2026-01,Janeiro,1,Q1,1,T1,True
2026-01-25,20260125,2026,25,25,7,domingo,4,1,2026-01,Janeiro,1,Q1,1,T1,True
2026-01-26,20260126,2026,26,26,1,segunda-feira,5,1,2026-01,Janeiro,1,Q1,1,T1,False
2026-01-27,20260127,2026,27,27,2,terça-feira,5,1,2026-01,Janeiro,1,Q1,1,T1,False
2026-01-28,20260128,2026,28,28,3,quarta-feira,5,1,2026-01,Janeiro,1,Q1,1,T1,False
2026-01-29,20260129,2026,29,29,4,quinta-feira,5,1,2026-01,Janeiro,1,Q1,1,T1,False
2026-01-30,20260130,2026,30,30,5,sexta-feira,5,1,2026-01,Janeiro,1,Q1,1,T1,False
2026-01-31,20260131,2026,31,31,6,sábado,5,1,2026-01,Janeiro,1,Q1,1,T1,True
2026-02-01,20260201,2026,32,1,7,domingo,5,2,2026-02,Fevereiro,1,Q1,1,T1,True
2026-02-02,20260202,2026,33,2,1,segunda-feira,6,2,2026-02,Fevereiro,1,Q1,1,T1,False
2026-02-03,20260203,2026,34,3,2,terça-feira,6,2,2026-02,Fevereiro,1,Q1,1,T1,False
2026-02-04,20260204,2026,35,4,3,quarta-feira,6,2,2026-02,Fevereiro,1,Q1,1,T1,False
2026-02-05,20260205,2026,36,5,4,quinta-feira,6,2,2026-02,Fevereiro,1,Q1,1,T1,False
2026-02-06,20260206,2026,37,6,5,sexta-feira,6,2,2026-02,Fevereiro,1,Q1,1,T1,False
2026-02-07,20260207,2026,38,7,6,sábado,6,2,2026-02,Fevereiro,1,Q1,1,T1,True
2026-02-08,20260208,2026,39,8,7,domingo,6,2,2026-02,Fevereiro,1,Q1,1,T1,True
2026-02-09,20260209,2026,40,9,1,segunda-feira,7,2,2026-02,Fevereiro,1,Q1,1,T1,False
2026-02-10,20260210,2026,41,10,2,terça-feira,7,2,2026-02,Fevereiro,1,Q1,1,T1,False
2026-02-11,20260211,2026,42,11,3,quarta-feira,7,2,2026-02,Fevereiro,1,Q1,1,T1,False
2026-02-12,20260212,2026,43,12,4,quinta-feira,7,2,2026-02,Fevereiro,1,Q1,1,T1,False
2026-02-13,20260213,2026,44,13,5,sexta-feira,7,2,2026-02,Fevereiro,1,Q1,1,T1,False
2026-02-14,20260214,2026,45,14,6,sábado,7,2,2026-02,Fevereiro,1,Q1,1,T1,True
2026-02-15,20260215,2026,46,15,7,domingo,7,2,2026-02,Fevereiro,1,Q1,1,T1,True
2026-02-16,20260216,2026,47,16,1,segunda-feira,8,2,2026-02,Fevereiro,1,Q1,1,T1,False
2026-02-17,20260217,2026,48,17,2,terça-feira,8,2,2026-02,Fevereiro,1,Q1,1,T1,False
2026-02-18,20260218,2026,49,18,3,quarta-feira,8,2,2026-02,Fevereiro,1,Q1,1,T1,False
2026-02-19,20260219,2026,50,19,4,quinta-feira,8,2,2026-02,Fevereiro,1,Q1,1,T1,False
2026-02-20,20260220,2026,51,20,5,sexta-feira,8,2,2026-02,Fevereiro,1,Q1,1,T1,False
2026-02-21,20260221,2026,52,21,6,sábado,8,2,2026-02,Fevereiro,1,Q1,1,T1,True
2026-02-22,20260222,2026,53,22,7,domingo,8,2,2026-02,Fevereiro,1,Q1,1,T1,True
2026-02-23,20260223,2026,54,23,1,segunda-feira,9,2,2026-02,Fevereiro,1,Q1,1,T1,False
2026-02-24,20260224,2026,55,24,2,terça-feira,9,2,2026-02,Fevereiro,1,Q1,1,T1,False
2026-02-25,20260225,2026,56,25,3,quarta-feira,9,2,2026-02,Fevereiro,1,Q1,1,T1,False
2026-02-26,20260226,2026,57,26,4,quinta-feira,9,2,2026-02,Fevereiro,1,Q1,1,T1,False
2026-02-27,20260227,2026,58,27,5,sexta-feira,9,2,2026-02,Fevereiro,1,Q1,1,T1,False
2026-02-28,20260228,2026,59,28,6,sábado,9,2,2026-02,Fevereiro,1,Q1,1,T1,True
2026-03-01,20260301,2026,60,1,7,domingo,9,3,2026-03,Março,1,Q1,1,T1,True
2026-03-02,20260302,2026,61,2,1,segunda-feira,10,3,2026-03,Março,1,Q1,1,T1,False
2026-03-03,20260303,2026,62,3,2,terça-feira,10,3,2026-03,Março,1,Q1,1,T1,False
2026-03-04,20260304,2026,63,4,3,quarta-feira,10,3,2026-03,Março,1,Q1,1,T1,False
2026-03-05,20260305,2026,64,5,4,quinta-feira,10,3,2026-03,Março,1,Q1,1,T1,False
2026-03-06,20260306,2026,65,6,5,sexta-feira,10,3,2026-03,Março,1,Q1,1,T1,False
2026-03-07,20260307,2026,66,7,6,sábado,10,3,2026-03,Março,1,Q1,1,T1,True
2026-03-08,20260308,2026,67,8,7,domingo,10,3,2026-03,Março,1,Q1,1,T1,True
2026-03-09,20260309,2026,68,9,1,segunda-feira,11,3,2026-03,Março,1,Q1,1,T1,False
2026-03-10,20260310,2026,69,10,2,terça-feira,11,3,2026-03,Março,1,Q1,1,T1,False
2026-03-11,20260311,2026,70,11,3,quarta-feira,11,3,2026-03,Março,1,Q1,1,T1,False
2026-03-12,20260312,2026,71,12,4,quinta-feira,11,3,2026-03,Março,1,Q1,1,T1,False
2026-03-13,20260313,2026,72,13,5,sexta-feira,11,3,2026-03,Março,1,Q1,1,T1,False
2026-03-14,20260314,2026,73,14,6,sábado,11,3,2026-03,Março,1,Q1,1,T1,True
2026-03-15,20260315,2026,74,15,7,domingo,11,3,2026-03,Março,1,Q1,1,T1,True
2026-03-16,20260316,2026,75,16,1,segunda-feira,12,3,2026-03,Março,1,Q1,1,T1,False
2026-03-17,20260317,2026,76,17,2,terça-feira,12,3,2026-03,Março,1,Q1,1,T1,False
2026-03-18,20260318,2026,77,18,3,quarta-feira,12,3,2026-03,Março,1,Q1,1,T1,False
2026-03-19,20260319,2026,78,19,4,quinta-feira,12,3,2026-03,Março,1,Q1,1,T1,False
2026-03-20,20260320,2026,79,20,5,sexta-feira,12,3,2026-03,Março,1,Q1,1,T1,False
2026-03-21,20260321,2026,80,21,6,sábado,12,3,2026-03,Março,1,Q1,1,T1,True
2026-03-22,20260322,2026,81,22,7,domingo,12,3,2026-03,Março,1,Q1,1,T1,True
2026-03-23,20260323,2026,82,23,1,segunda-feira,13,3,2026-03,Março,1,Q1,1,T1,False
2026-03-24,20260324,2026,83,24,2,terça-feira,13,3,2026-03,Março,1,Q1,1,T1,False
2026-03-25,20260325,2026,84,25,3,quarta-feira,13,3,2026-03,Março,1,Q1,1,T1,False
2026-03-26,20260326,2026,85,26,4,quinta-feira,13,3,2026-03,Março,1,Q1,1,T1,False
2026-03-27,20260327,2026,86,27,5,sexta-feira,13,3,2026-03,Março,1,Q1,1,T1,False
2026-03-28,20260328,2026,87,28,6,sábado,13,3,2026-03,Março,1,Q1,1,T1,True
2026-03-29,20260329,2026,88,29,7,domingo,13,3,2026-03,Março,1,Q1,1,T1,True
2026-03-30,20260330,2026,89,30,1,segunda-feira,14,3,2026-03,Março,1,Q1,1,T1,False
2026-03-31,20260331,2026,90,31,2,terça-feira,14,3,2026-03,Março,1,Q1,1,T1,False
2026-04-01,20260401,2026,91,1,3,quarta-feira,14,4,2026-04,Abril,2,Q2,1,T2,False
2026-04-02,20260402,2026,92,2,4,quinta-feira,14,4,2026-04,Abril,2,Q2,1,T2,False
2026-04-03,20260403,2026,93,3,5,sexta-feira,14,4,2026-04,Abril,2,Q2,1,T2,False
2026-04-04,20260404,2026,94,4,6,sábado,14,4,2026-04,Abril,2,Q2,1,T2,True
2026-04-05,20260405,2026,95,5,7,domingo,14,4,2026-04,Abril,2,Q2,1,T2,True
2026-04-06,20260406,2026,96,6,1,segunda-feira,15,4,2026-04,Abril,2,Q2,1,T2,False
2026-04-07,20260407,2026,97,7,2,terça-feira,15,4,2026-04,Abril,2,Q2,1,T2,False
2026-04-08,20260408,2026,98,8,3,quarta-feira,15,4,2026-04,Abril,2,Q2,1,T2,False
2026-04-09,20260409,2026,99,9,4,quinta-feira,15,4,2026-04,Abril,2,Q2,1,T2,False
2026-04-10,20260410,2026,100,10,5,sexta-feira,15,4,2026-04,Abril,2,Q2,1,T2,False
2026-04-11,20260411,2026,101,11,6,sábado,15,4,2026-04,Abril,2,Q2,1,T2,True
2026-04-12,20260412,2026,102,12,7,domingo,15,4,2026-04,Abril,2,Q2,1,T2,True
2026-04-13,20260413,2026,103,13,1,segunda-feira,16,4,2026-04,Abril,2,Q2,1,T2,False
2026-04-14,20260414,2026,104,14,2,terça-feira,16,4,2026-04,Abril,2,Q2,1,T2,False
2026-04-15,20260415,2026,105,15,3,quarta-feira,16,4,2026-04,Abril,2,Q2,1,T2,False
2026-04-16,20260416,2026,106,16,4,quinta-feira,16,4,2026-04,Abril,2,Q2,1,T2,False
2026-04-17,20260417,2026,107,17,5,sexta-feira,16,4,2026-04,Abril,2,Q2,1,T2,False
2026-04-18,20260418,2026,108,18,6,sábado,16,4,2026-04,Abril,2,Q2,1,T2,True
2026-04-19,20260419,2026,109,19,7,domingo,16,4,2026-04,Abril,2,Q2,1,T2,True
2026-04-20,20260420,2026,110,20,1,segunda-feira,17,4,2026-04,Abril,2,Q2,1,T2,False
2026-04-21,20260421,2026,111,21,2,terça-feira,17,4,2026-04,Abril,2,Q2,1,T2,False
2026-04-22,20260422,2026,112,22,3,quarta-feira,17,4,2026-04,Abril,2,Q2,1,T2,False
2026-04-23,20260423,2026,113,23,4,quinta-feira,17,4,2026-04,Abril,2,Q2,1,T2,False
2026-04-24,20260424,2026,114,24,5,sexta-feira,17,4,2026-04,Abril,2,Q2,1,T2,False
2026-04-25,20260425,2026,115,25,6,sábado,17,4,2026-04,Abril,2,Q2,1,T2,True
2026-04-26,20260426,2026,116,26,7,domingo,17,4,2026-04,Abril,2,Q2,1,T2,True
2026-04-27,20260427,2026,117,27,1,segunda-feira,18,4,2026-04,Abril,2,Q2,1,T2,False
2026-04-28,20260428,2026,118,28,2,terça-feira,18,4,2026-04,Abril,2,Q2,1,T2,False
2026-04-29,20260429,2026,119,29,3,quarta-feira,18,4,2026-04,Abril,2,Q2,1,T2,False
2026-04-30,20260430,2026,120,30,4,quinta-feira,18,4,2026-04,Abril,2,Q2,1,T2,False
2026-05-01,20260501,2026,121,1,5,sexta-feira,18,5,2026-05,Maio,2,Q2,1,T2,False
2026-05-02,20260502,2026,122,2,6,sábado,18,5,2026-05,Maio,2,Q2,1,T2,True
2026-05-03,20260503,2026,123,3,7,domingo,18,5,2026-05,Maio,2,Q2,1,T2,True
2026-05-04,20260504,2026,124,4,1,segunda-feira,19,5,2026-05,Maio,2,Q2,1,T2,False
2026-05-05,20260505,2026,125,5,2,terça-feira,19,5,2026-05,Maio,2,Q2,1,T2,False
2026-05-06,20260506,2026,126,6,3,quarta-feira,19,5,2026-05,Maio,2,Q2,1,T2,False
2026-05-07,20260507,2026,127,7,4,quinta-feira,19,5,2026-05,Maio,2,Q2,1,T2,False
2026-05-08,20260508,2026,128,8,5,sexta-feira,19,5,2026-05,Maio,2,Q2,1,T2,False
2026-05-09,20260509,2026,129,9,6,sábado,19,5,2026-05,Maio,2,Q2,1,T2,True
2026-05-10,20260510,2026,130,10,7,domingo,19,5,2026-05,Maio,2,Q2,1,T2,True
2026-05-11,20260511,2026,131,11,1,segunda-feira,20,5,2026-05,Maio,2,Q2,1,T2,False
2026-05-12,20260512,2026,132,12,2,terça-feira,20,5,2026-05,Maio,2,Q2,1,T2,False
2026-05-13,20260513,2026,133,13,3,quarta-feira,20,5,2026-05,Maio,2,Q2,1,T2,False
2026-05-14,20260514,2026,134,14,4,quinta-feira,20,5,2026-05,Maio,2,Q2,1,T2,False
2026-05-15,20260515,2026,135,15,5,sexta-feira,20,5,2026-05,Maio,2,Q2,1,T2,False
2026-05-16,20260516,2026,136,16,6,sábado,20,5,2026-05,Maio,2,Q2,1,T2,True
2026-05-17,20260517,2026,137,17,7,domingo,20,5,2026-05,Maio,2,Q2,1,T2,True
2026-05-18,20260518,2026,138,18,1,segunda-feira,21,5,2026-05,Maio,2,Q2,1,T2,False
2026-05-19,20260519,2026,139,19,2,terça-feira,21,5,2026-05,Maio,2,Q2,1,T2,False
2026-05-20,20260520,2026,140,20,3,quarta-feira,21,5,2026-05,Maio,2,Q2,1,T2,False
2026-05-21,20260521,2026,141,21,4,quinta-feira,21,5,2026-05,Maio,2,Q2,1,T2,False
2026-05-22,20260522,2026,142,22,5,sexta-feira,21,5,2026-05,Maio,2,Q2,1,T2,False
2026-05-23,20260523,2026,143,23,6,sábado,21,5,2026-05,Maio,2,Q2,1,T2,True
2026-05-24,20260524,2026,144,24,7,domingo,21,5,2026-05,Maio,2,Q2,1,T2,True
2026-05-25,20260525,2026,145,25,1,segunda-feira,22,5,2026-05,Maio,2,Q2,1,T2,False
2026-05-26,20260526,2026,146,26,2,terça-feira,22,5,2026-05,Maio,2,Q2,1,T2,False
2026-05-27,20260527,2026,147,27,3,quarta-feira,22,5,2026-05,Maio,2,Q2,1,T2,False
2026-05-28,20260528,2026,148,28,4,quinta-feira,22,5,2026-05,Maio,2,Q2,1,T2,False
2026-05-29,20260529,2026,149,29,5,sexta-feira,22,5,2026-05,Maio,2,Q2,1,T2,False
2026-05-30,20260530,2026,150,30,6,sábado,22,5,2026-05,Maio,2,Q2,1,T2,True
2026-05-31,20260531,2026,151,31,7,domingo,22,5,2026-05,Maio,2,Q2,1,T2,True
2026-06-01,20260601,2026,152,1,1,segunda-feira,23,6,2026-06,Junho,2,Q2,1,T2,False
2026-06-02,20260602,2026,153,2,2,terça-feira,23,6,2026-06,Junho,2,Q2,1,T2,False
2026-06-03,20260603,2026,154,3,3,quarta-feira,23,6,2026-06,Junho,2,Q2,1,T2,False
2026-06-04,20260604,2026,155,4,4,quinta-feira,23,6,2026-06,Junho,2,Q2,1,T2,False
2026-06-05,20260605,2026,156,5,5,sexta-feira,23,6,2026-06,Junho,2,Q2,1,T2,False
2026-06-06,20260606,2026,157,6,6,sábado,23,6,2026-06,Junho,2,Q2,1,T2,True
2026-06-07,20260607,2026,158,7,7,domingo,23,6,2026-06,Junho,2,Q2,1,T2,True
2026-06-08,20260608,2026,159,8,1,segunda-feira,24,6,2026-06,Junho,2,Q2,1,T2,False
2026-06-09,20260609,2026,160,9,2,terça-feira,24,6,2026-06,Junho,2,Q2,1,T2,False
2026-06-10,20260610,2026,161,10,3,quarta-feira,24,6,2026-06,Junho,2,Q2,1,T2,False
2026-06-11,20260611,2026,162,11,4,quinta-feira,24,6,2026-06,Junho,2,Q2,1,T2,False
2026-06-12,20260612,2026,163,12,5,sexta-feira,24,6,2026-06,Junho,2,Q2,1,T2,False
2026-06-13,20260613,2026,164,13,6,sábado,24,6,2026-06,Junho,2,Q2,1,T2,True
2026-06-14,20260614,2026,165,14,7,domingo,24,6,2026-06,Junho,2,Q2,1,T2,True
2026-06-15,20260615,2026,166,15,1,segunda-feira,25,6,2026-06,Junho,2,Q2,1,T2,False
2026-06-16,20260616,2026,167,16,2,terça-feira,25,6,2026-06,Junho,2,Q2,1,T2,False
2026-06-17,20260617,2026,168,17,3,quarta-feira,25,6,2026-06,Junho,2,Q2,1,T2,False
2026-06-18,20260618,2026,169,18,4,quinta-feira,25,6,2026-06,Junho,2,Q2,1,T2,False
2026-06-19,20260619,2026,170,19,5,sexta-feira,25,6,2026-06,Junho,2,Q2,1,T2,False
2026-06-20,20260620,2026,171,20,6,sábado,25,6,2026-06,Junho,2,Q2,1,T2,True
2026-06-21,20260621,2026,172,21,7,domingo,25,6,2026-06,Junho,2,Q2,1,T2,True
2026-06-22,20260622,2026,173,22,1,segunda-feira,26,6,2026-06,Junho,2,Q2,1,T2,False
2026-06-23,20260623,2026,174,23,2,terça-feira,26,6,2026-06,Junho,2,Q2,1,T2,False
2026-06-24,20260624,2026,175,24,3,quarta-feira,26,6,2026-06,Junho,2,Q2,1,T2,False
2026-06-25,20260625,2026,176,25,4,quinta-feira,26,6,2026-06,Junho,2,Q2,1,T2,False
2026-06-26,20260626,2026,177,26,5,sexta-feira,26,6,2026-06,Junho,2,Q2,1,T2,False
2026-06-27,20260627,2026,178,27,6,sábado,26,6,2026-06,Junho,2,Q2,1,T2,True
2026-06-28,20260628,2026,179,28,7,domingo,26,6,2026-06,Junho,2,Q2,1,T2,True
2026-06-29,20260629,2026,180,29,1,segunda-feira,27,6,2026-06,Junho,2,Q2,1,T2,False
2026-06-30,20260630,2026,181,30,2,terça-feira,27,6,2026-06,Junho,2,Q2,1,T2,False
2026-07-01,20260701,2026,182,1,3,quarta-feira,27,7,2026-07,Julho,3,Q3,2,T3,False
2026-07-02,20260702,2026,183,2,4,quinta-feira,27,7,2026-07,Julho,3,Q3,2,T3,False
2026-07-03,20260703,2026,184,3,5,sexta-feira,27,7,2026-07,Julho,3,Q3,2,T3,False
2026-07-04,20260704,2026,185,4,6,sábado,27,7,2026-07,Julho,3,Q3,2,T3,True
2026-07-05,20260705,2026,186,5,7,domingo,27,7,2026-07,Julho,3,Q3,2,T3,True
2026-07-06,20260706,2026,187,6,1,segunda-feira,28,7,2026-07,Julho,3,Q3,2,T3,False
2026-07-07,20260707,2026,188,7,2,terça-feira,28,7,2026-07,Julho,3,Q3,2,T3,False
2026-07-08,20260708,2026,189,8,3,quarta-feira,28,7,2026-07,Julho,3,Q3,2,T3,False
2026-07-09,20260709,2026,190,9,4,quinta-feira,28,7,2026-07,Julho,3,Q3,2,T3,False
2026-07-10,20260710,2026,191,10,5,sexta-feira,28,7,2026-07,Julho,3,Q3,2,T3,False
2026-07-11,20260711,2026,192,11,6,sábado,28,7,2026-07,Julho,3,Q3,2,T3,True
2026-07-12,20260712,2026,193,12,7,domingo,28,7,2026-07,Julho,3,Q3,2,T3,True
2026-07-13,20260713,2026,194,13,1,segunda-feira,29,7,2026-07,Julho,3,Q3,2,T3,False
2026-07-14,20260714,2026,195,14,2,terça-feira,29,7,2026-07,Julho,3,Q3,2,T3,False
2026-07-15,20260715,2026,196,15,3,quarta-feira,29,7,2026-07,Julho,3,Q3,2,T3,False
2026-07-16,20260716,2026,197,16,4,quinta-feira,29,7,2026-07,Julho,3,Q3,2,T3,False
2026-07-17,20260717,2026,198,17,5,sexta-feira,29,7,2026-07,Julho,3,Q3,2,T3,False
2026-07-18,20260718,2026,199,18,6,sábado,29,7,2026-07,Julho,3,Q3,2,T3,True
2026-07-19,20260719,2026,200,19,7,domingo,29,7,2026-07,Julho,3,Q3,2,T3,True
2026-07-20,20260720,2026,201,20,1,segunda-feira,30,7,2026-07,Julho,3,Q3,2,T3,False
2026-07-21,20260721,2026,202,21,2,terça-feira,30,7,2026-07,Julho,3,Q3,2,T3,False
2026-07-22,20260722,2026,203,22,3,quarta-feira,30,7,2026-07,Julho,3,Q3,2,T3,False
2026-07-23,20260723,2026,204,23,4,quinta-feira,30,7,2026-07,Julho,3,Q3,2,T3,False
2026-07-24,20260724,2026,205,24,5,sexta-feira,30,7,2026-07,Julho,3,Q3,2,T3,False
2026-07-25,20260725,2026,206,25,6,sábado,30,7,2026-07,Julho,3,Q3,2,T3,True
2026-07-26,20260726,2026,207,26,7,domingo,30,7,2026-07,Julho,3,Q3,2,T3,True
2026-07-27,20260727,2026,208,27,1,segunda-feira,31,7,2026-07,Julho,3,Q3,2,T3,False
2026-07-28,20260728,2026,209,28,2,terça-feira,31,7,2026-07,Julho,3,Q3,2,T3,False
2026-07-29,20260729,2026,210,29,3,quarta-feira,31,7,2026-07,Julho,3,Q3,2,T3,False
2026-07-30,20260730,2026,211,30,4,quinta-feira,31,7,2026-07,Julho,3,Q3,2,T3,False
2026-07-31,20260731,2026,212,31,5,sexta-feira,31,7,2026-07,Julho,3,Q3,2,T3,False
2026-08-01,20260801,2026,213,1,6,sábado,31,8,2026-08,Agosto,3,Q3,2,T3,True
2026-08-02,20260802,2026,214,2,7,domingo,31,8,2026-08,Agosto,3,Q3,2,T3,True
2026-08-03,20260803,2026,215,3,1,segunda-feira,32,8,2026-08,Agosto,3,Q3,2,T3,False
2026-08-04,20260804,2026,216,4,2,terça-feira,32,8,2026-08,Agosto,3,Q3,2,T3,False
2026-08-05,20260805,2026,217,5,3,quarta-feira,32,8,2026-08,Agosto,3,Q3,2,T3,False
2026-08-06,20260806,2026,218,6,4,quinta-feira,32,8,2026-08,Agosto,3,Q3,2,T3,False
2026-08-07,20260807,2026,219,7,5,sexta-feira,32,8,2026-08,Agosto,3,Q3,2,T3,False
2026-08-08,20260808,2026,220,8,6,sábado,32,8,2026-08,Agosto,3,Q3,2,T3,True
2026-08-09,20260809,2026,221,9,7,domingo,32,8,2026-08,Agosto,3,Q3,2,T3,True
2026-08-10,20260810,2026,222,10,1,segunda-feira,33,8,2026-08,Agosto,3,Q3,2,T3,False
2026-08-11,20260811,2026,223,11,2,terça-feira,33,8,2026-08,Agosto,3,Q3,2,T3,False
2026-08-12,20260812,2026,224,12,3,quarta-feira,33,8,2026-08,Agosto,3,Q3,2,T3,False
2026-08-13,20260813,2026,225,13,4,quinta-feira,33,8,2026-08,Agosto,3,Q3,2,T3,False
2026-08-14,20260814,2026,226,14,5,sexta-feira,33,8,2026-08,Agosto,3,Q3,2,T3,False
2026-08-15,20260815,2026,227,15,6,sábado,33,8,2026-08,Agosto,3,Q3,2,T3,True
2026-08-16,20260816,2026,228,16,7,domingo,33,8,2026-08,Agosto,3,Q3,2,T3,True
2026-08-17,20260817,2026,229,17,1,segunda-feira,34,8,2026-08,Agosto,3,Q3,2,T3,False
2026-08-18,20260818,2026,230,18,2,terça-feira,34,8,2026-08,Agosto,3,Q3,2,T3,False
2026-08-19,20260819,2026,231,19,3,quarta-feira,34,8,2026-08,Agosto,3,Q3,2,T3,False
2026-08-20,20260820,2026,232,20,4,quinta-feira,34,8,2026-08,Agosto,3,Q3,2,T3,False
2026-08-21,20260821,2026,233,21,5,sexta-feira,34,8,2026-08,Agosto,3,Q3,2,T3,False
2026-08-22,20260822,2026,234,22,6,sábado,34,8,2026-08,Agosto,3,Q3,2,T3,True
2026-08-23,20260823,2026,235,23,7,domingo,34,8,2026-08,Agosto,3,Q3,2,T3,True
2026-08-24,20260824,2026,236,24,1,segunda-feira,35,8,2026-08,Agosto,3,Q3,2,T3,False
2026-08-25,20260825,2026,237,25,2,terça-feira,35,8,2026-08,Agosto,3,Q3,2,T3,False
2026-08-26,20260826,2026,238,26,3,quarta-feira,35,8,2026-08,Agosto,3,Q3,2,T3,False
2026-08-27,20260827,2026,239,27,4,quinta-feira,35,8,2026-08,Agosto,3,Q3,2,T3,False
2026-08-28,20260828,2026,240,28,5,sexta-feira,35,8,2026-08,Agosto,3,Q3,2,T3,False
2026-08-29,20260829,2026,241,29,6,sábado,35,8,2026-08,Agosto,3,Q3,2,T3,True
2026-08-30,20260830,2026,242,30,7,domingo,35,8,2026-08,Agosto,3,Q3,2,T3,True
2026-08-31,20260831,2026,243,31,1,segunda-feira,36,8,2026-08,Agosto,3,Q3,2,T3,False
2026-09-01,20260901,2026,244,1,2,terça-feira,36,9,2026-09,Setembro,3,Q3,2,T3,False
2026-09-02,20260902,2026,245,2,3,quarta-feira,36,9,2026-09,Setembro,3,Q3,2,T3,False
2026-09-03,20260903,2026,246,3,4,quinta-feira,36,9,2026-09,Setembro,3,Q3,2,T3,False
2026-09-04,20260904,2026,247,4,5,sexta-feira,36,9,2026-09,Setembro,3,Q3,2,T3,False
2026-09-05,20260905,2026,248,5,6,sábado,36,9,2026-09,Setembro,3,Q3,2,T3,True
2026-09-06,20260906,2026,249,6,7,domingo,36,9,2026-09,Setembro,3,Q3,2,T3,True
2026-09-07,20260907,2026,250,7,1,segunda-feira,37,9,2026-09,Setembro,3,Q3,2,T3,False
2026-09-08,20260908,2026,251,8,2,terça-feira,37,9,2026-09,Setembro,3,Q3,2,T3,False
2026-09-09,20260909,2026,252,9,3,quarta-feira,37,9,2026-09,Setembro,3,Q3,2,T3,False
2026-09-10,20260910,2026,253,10,4,quinta-feira,37,9,2026-09,Setembro,3,Q3,2,T3,False
2026-09-11,20260911,2026,254,11,5,sexta-feira,37,9,2026-09,Setembro,3,Q3,2,T3,False
2026-09-12,20260912,2026,255,12,6,sábado,37,9,2026-09,Setembro,3,Q3,2,T3,True
2026-09-13,20260913,2026,256,13,7,domingo,37,9,2026-09,Setembro,3,Q3,2,T3,True
2026-09-14,20260914,2026,257,14,1,segunda-feira,38,9,2026-09,Setembro,3,Q3,2,T3,False
2026-09-15,20260915,2026,258,15,2,terça-feira,38,9,2026-09,Setembro,3,Q3,2,T3,False
2026-09-16,20260916,2026,259,16,3,quarta-feira,38,9,2026-09,Setembro,3,Q3,2,T3,False
2026-09-17,20260917,2026,260,17,4,quinta-feira,38,9,2026-09,Setembro,3,Q3,2,T3,False
2026-09-18,20260918,2026,261,18,5,sexta-feira,38,9,2026-09,Setembro,3,Q3,2,T3,False
2026-09-19,20260919,2026,262,19,6,sábado,38,9,2026-09,Setembro,3,Q3,2,T3,True
2026-09-20,20260920,2026,263,20,7,domingo,38,9,2026-09,Setembro,3,Q3,2,T3,True
2026-09-21,20260921,2026,264,21,1,segunda-feira,39,9,2026-09,Setembro,3,Q3,2,T3,False
2026-09-22,20260922,2026,265,22,2,terça-feira,39,9,2026-09,Setembro,3,Q3,2,T3,False
2026-09-23,20260923,2026,266,23,3,quarta-feira,39,9,2026-09,Setembro,3,Q3,2,T3,False
2026-09-24,20260924,2026,267,24,4,quinta-feira,39,9,2026-09,Setembro,3,Q3,2,T3,False
2026-09-25,20260925,2026,268,25,5,sexta-feira,39,9,2026-09,Setembro,3,Q3,2,T3,False
2026-09-26,20260926,2026,269,26,6,sábado,39,9,2026-09,Setembro,3,Q3,2,T3,True
2026-09-27,20260927,2026,270,27,7,domingo,39,9,2026-09,Setembro,3,Q3,2,T3,True
2026-09-28,20260928,2026,271,28,1,segunda-feira,40,9,2026-09,Setembro,3,Q3,2,T3,False
2026-09-29,20260929,2026,272,29,2,terça-feira,40,9,2026-09,Setembro,3,Q3,2,T3,False
2026-09-30,20260930,2026,273,30,3,quarta-feira,40,9,2026-09,Setembro,3,Q3,2,T3,False
2026-10-01,20261001,2026,274,1,4,quinta-feira,40,10,2026-10,Outubro,4,Q4,2,T4,False
2026-10-02,20261002,2026,275,2,5,sexta-feira,40,10,2026-10,Outubro,4,Q4,2,T4,False
2026-10-03,20261003,2026,276,3,6,sábado,40,10,2026-10,Outubro,4,Q4,2,T4,True
2026-10-04,20261004,2026,277,4,7,domingo,40,10,2026-10,Outubro,4,Q4,2,T4,True
2026-10-05,20261005,2026,278,5,1,segunda-feira,41,10,2026-10,Outubro,4,Q4,2,T4,False
2026-10-06,20261006,2026,279,6,2,terça-feira,41,10,2026-10,Outubro,4,Q4,2,T4,False
2026-10-07,20261007,2026,280,7,3,quarta-feira,41,10,2026-10,Outubro,4,Q4,2,T4,False
2026-10-08,20261008,2026,281,8,4,quinta-feira,41,10,2026-10,Outubro,4,Q4,2,T4,False
2026-10-09,20261009,2026,282,9,5,sexta-feira,41,10,2026-10,Outubro,4,Q4,2,T4,False
2026-10-10,20261010,2026,283,10,6,sábado,41,10,2026-10,Outubro,4,Q4,2,T4,True
2026-10-11,20261011,2026,284,11,7,domingo,41,10,2026-10,Outubro,4,Q4,2,T4,True
2026-10-12,20261012,2026,285,12,1,segunda-feira,42,10,2026-10,Outubro,4,Q4,2,T4,False
2026-10-13,20261013,2026,286,13,2,terça-feira,42,10,2026-10,Outubro,4,Q4,2,T4,False
2026-10-14,20261014,2026,287,14,3,quarta-feira,42,10,2026-10,Outubro,4,Q4,2,T4,False
2026-10-15,20261015,2026,288,15,4,quinta-feira,42,10,2026-10,Outubro,4,Q4,2,T4,False
2026-10-16,20261016,2026,289,16,5,sexta-feira,42,10,2026-10,Outubro,4,Q4,2,T4,False
2026-10-17,20261017,2026,290,17,6,sábado,42,10,2026-10,Outubro,4,Q4,2,T4,True
2026-10-18,20261018,2026,291,18,7,domingo,42,10,2026-10,Outubro,4,Q4,2,T4,True
2026-10-19,20261019,2026,292,19,1,segunda-feira,43,10,2026-10,Outubro,4,Q4,2,T4,False
2026-10-20,20261020,2026,293,20,2,terça-feira,43,10,2026-10,Outubro,4,Q4,2,T4,False
2026-10-21,20261021,2026,294,21,3,quarta-feira,43,10,2026-10,Outubro,4,Q4,2,T4,False
2026-10-22,20261022,2026,295,22,4,quinta-feira,43,10,2026-10,Outubro,4,Q4,2,T4,False
2026-10-23,20261023,2026,296,23,5,sexta-feira,43,10,2026-10,Outubro,4,Q4,2,T4,False
2026-10-24,20261024,2026,297,24,6,sábado,43,10,2026-10,Outubro,4,Q4,2,T4,True
2026-10-25,20261025,2026,298,25,7,domingo,43,10,2026-10,Outubro,4,Q4,2,T4,True
2026-10-26,20261026,2026,299,26,1,segunda-feira,44,10,2026-10,Outubro,4,Q4,2,T4,False
2026-10-27,20261027,2026,300,27,2,terça-feira,44,10,2026-10,Outubro,4,Q4,2,T4,False
2026-10-28,20261028,2026,301,28,3,quarta-feira,44,10,2026-10,Outubro,4,Q4,2,T4,False
2026-10-29,20261029,2026,302,29,4,quinta-feira,44,10,2026-10,Outubro,4,Q4,2,T4,False
2026-10-30,20261030,2026,303,30,5,sexta-feira,44,10,2026-10,Outubro,4,Q4,2,T4,False
2026-10-31,20261031,2026,304,31,6,sábado,44,10,2026-10,Outubro,4,Q4,2,T4,True
2026-11-01,20261101,2026,305,1,7,domingo,44,11,2026-11,Novembro,4,Q4,2,T4,True
2026-11-02,20261102,2026,306,2,1,segunda-feira,45,11,2026-11,Novembro,4,Q4,2,T4,False
2026-11-03,20261103,2026,307,3,2,terça-feira,45,11,2026-11,Novembro,4,Q4,2,T4,False
2026-11-04,20261104,2026,308,4,3,quarta-feira,45,11,2026-11,Novembro,4,Q4,2,T4,False
2026-11-05,20261105,2026,309,5,4,quinta-feira,45,11,2026-11,Novembro,4,Q4,2,T4,False
2026-11-06,20261106,2026,310,6,5,sexta-feira,45,11,2026-11,Novembro,4,Q4,2,T4,False
2026-11-07,20261107,2026,311,7,6,sábado,45,11,2026-11,Novembro,4,Q4,2,T4,True
2026-11-08,20261108,2026,312,8,7,domingo,45,11,2026-11,Novembro,4,Q4,2,T4,True
2026-11-09,20261109,2026,313,9,1,segunda-feira,46,11,2026-11,Novembro,4,Q4,2,T4,False
2026-11-10,20261110,2026,314,10,2,terça-feira,46,11,2026-11,Novembro,4,Q4,2,T4,False
2026-11-11,20261111,2026,315,11,3,quarta-feira,46,11,2026-11,Novembro,4,Q4,2,T4,False
2026-11-12,20261112,2026,316,12,4,quinta-feira,46,11,2026-11,Novembro,4,Q4,2,T4,False
2026-11-13,20261113,2026,317,13,5,sexta-feira,46,11,2026-11,Novembro,4,Q4,2,T4,False
2026-11-14,20261114,2026,318,14,6,sábado,46,11,2026-11,Novembro,4,Q4,2,T4,True
2026-11-15,20261115,2026,319,15,7,domingo,46,11,2026-11,Novembro,4,Q4,2,T4,True
2026-11-16,20261116,2026,320,16,1,segunda-feira,47,11,2026-11,Novembro,4,Q4,2,T4,False
2026-11-17,20261117,2026,321,17,2,terça-feira,47,11,2026-11,Novembro,4,Q4,2,T4,False
2026-11-18,20261118,2026,322,18,3,quarta-feira,47,11,2026-11,Novembro,4,Q4,2,T4,False
2026-11-19,20261119,2026,323,19,4,quinta-feira,47,11,2026-11,Novembro,4,Q4,2,T4,False
2026-11-20,20261120,2026,324,20,5,sexta-feira,47,11,2026-11,Novembro,4,Q4,2,T4,False
2026-11-21,20261121,2026,325,21,6,sábado,47,11,2026-11,Novembro,4,Q4,2,T4,True
2026-11-22,20261122,2026,326,22,7,domingo,47,11,2026-11,Novembro,4,Q4,2,T4,True
2026-11-23,20261123,2026,327,23,1,segunda-feira,48,11,2026-11,Novembro,4,Q4,2,T4,False
2026-11-24,20261124,2026,328,24,2,terça-feira,48,11,2026-11,Novembro,4,Q4,2,T4,False
2026-11-25,20261125,2026,329,25,3,quarta-feira,48,11,2026-11,Novembro,4,Q4,2,T4,False
2026-11-26,20261126,2026,330,26,4,quinta-feira,48,11,2026-11,Novembro,4,Q4,2,T4,False
2026-11-27,20261127,2026,331,27,5,sexta-feira,48,11,2026-11,Novembro,4,Q4,2,T4,False
2026-11-28,20261128,2026,332,28,6,sábado,48,11,2026-11,Novembro,4,Q4,2,T4,True
2026-11-29,20261129,2026,333,29,7,domingo,48,11,2026-11,Novembro,4,Q4,2,T4,True
2026-11-30,20261130,2026,334,30,1,segunda-feira,49,11,2026-11,Novembro,4,Q4,2,T4,False
2026-12-01,20261201,2026,335,1,2,terça-feira,49,12,2026-12,Dezembro,4,Q4,2,T4,False
2026-12-02,20261202,2026,336,2,3,quarta-feira,49,12,2026-12,Dezembro,4,Q4,2,T4,False
2026-12-03,20261203,2026,337,3,4,quinta-feira,49,12,2026-12,Dezembro,4,Q4,2,T4,False
2026-12-04,20261204,2026,338,4,5,sexta-feira,49,12,2026-12,Dezembro,4,Q4,2,T4,False
2026-12-05,20261205,2026,339,5,6,sábado,49,12,2026-12,Dezembro,4,Q4,2,T4,True
2026-12-06,20261206,2026,340,6,7,domingo,49,12,2026-12,Dezembro,4,Q4,2,T4,True
2026-12-07,20261207,2026,341,7,1,segunda-feira,50,12,2026-12,Dezembro,4,Q4,2,T4,False
2026-12-08,20261208,2026,342,8,2,terça-feira,50,12,2026-12,Dezembro,4,Q4,2,T4,False
2026-12-09,20261209,2026,343,9,3,quarta-feira,50,12,2026-12,Dezembro,4,Q4,2,T4,False
2026-12-10,20261210,2026,344,10,4,quinta-feira,50,12,2026-12,Dezembro,4,Q4,2,T4,False
2026-12-11,20261211,2026,345,11,5,sexta-feira,50,12,2026-12,Dezembro,4,Q4,2,T4,False
2026-12-12,20261212,2026,346,12,6,sábado,50,12,2026-12,Dezembro,4,Q4,2,T4,True
2026-12-13,20261213,2026,347,13,7,domingo,50,12,2026-12,Dezembro,4,Q4,2,T4,True
2026-12-14,20261214,2026,348,14,1,segunda-feira,51,12,2026-12,Dezembro,4,Q4,2,T4,False
2026-12-15,20261215,2026,349,15,2,terça-feira,51,12,2026-12,Dezembro,4,Q4,2,T4,False
2026-12-16,20261216,2026,350,16,3,quarta-feira,51,12,2026-12,Dezembro,4,Q4,2,T4,False
2026-12-17,20261217,2026,351,17,4,quinta-feira,51,12,2026-12,Dezembro,4,Q4,2,T4,False
2026-12-18,20261218,2026,352,18,5,sexta-feira,51,12,2026-12,Dezembro,4,Q4,2,T4,False
2026-12-19,20261219,2026,353,19,6,sábado,51,12,2026-12,Dezembro,4,Q4,2,T4,True
2026-12-20,20261220,2026,354,20,7,domingo,51,12,2026-12,Dezembro,4,Q4,2,T4,True
2026-12-21,20261221,2026,355,21,1,segunda-feira,52,12,2026-12,Dezembro,4,Q4,2,T4,False
2026-12-22,20261222,2026,356,22,2,terça-feira,52,12,2026-12,Dezembro,4,Q4,2,T4,False
2026-12-23,20261223,2026,357,23,3,quarta-feira,52,12,2026-12,Dezembro,4,Q4,2,T4,False
2026-12-24,20261224,2026,358,24,4,quinta-feira,52,12,2026-12,Dezembro,4,Q4,2,T4,False
2026-12-25,20261225,2026,359,25,5,sexta-feira,52,12,2026-12,Dezembro,4,Q4,2,T4,False
2026-12-26,20261226,2026,360,26,6,sábado,52,12,2026-12,Dezembro,4,Q4,2,T4,True
2026-12-27,20261227,2026,361,27,7,domingo,52,12,2026-12,Dezembro,4,Q4,2,T4,True
2026-12-28,20261228,2026,362,28,1,segunda-feira,53,12,2026-12,Dezembro,4,Q4,2,T4,False
2026-12-29,20261229,2026,363,29,2,terça-feira,53,12,2026-12,Dezembro,4,Q4,2,T4,False
2026-12-30,20261230,2026,364,30,3,quarta-feira,53,12,2026-12,Dezembro,4,Q4,2,T4,False
2026-12-31,20261231,2026,365,31,4,quinta-feira,53,12,2026-12,Dezembro,4,Q4,2,T4,False
2027-01-01,20270101,2027,1,1,5,sexta-feira,53,1,2027-01,Janeiro,1,Q1,1,T1,False
2027-01-02,20270102,2027,2,2,6,sábado,53,1,2027-01,Janeiro,1,Q1,1,T1,True
2027-01-03,20270103,2027,3,3,7,domingo,53,1,2027-01,Janeiro,1,Q1,1,T1,True
2027-01-04,20270104,2027,4,4,1,segunda-feira,1,1,2027-01,Janeiro,1,Q1,1,T1,False
2027-01-05,20270105,2027,5,5,2,terça-feira,1,1,2027-01,Janeiro,1,Q1,1,T1,False
2027-01-06,20270106,2027,6,6,3,quarta-feira,1,1,2027-01,Janeiro,1,Q1,1,T1,False
2027-01-07,20270107,2027,7,7,4,quinta-feira,1,1,2027-01,Janeiro,1,Q1,1,T1,False
2027-01-08,20270108,2027,8,8,5,sexta-feira,1,1,2027-01,Janeiro,1,Q1,1,T1,False
2027-01-09,20270109,2027,9,9,6,sábado,1,1,2027-01,Janeiro,1,Q1,1,T1,True
2027-01-10,20270110,2027,10,10,7,domingo,1,1,2027-01,Janeiro,1,Q1,1,T1,True
2027-01-11,20270111,2027,11,11,1,segunda-feira,2,1,2027-01,Janeiro,1,Q1,1,T1,False
2027-01-12,20270112,2027,12,12,2,terça-feira,2,1,2027-01,Janeiro,1,Q1,1,T1,False
2027-01-13,20270113,2027,13,13,3,quarta-feira,2,1,2027-01,Janeiro,1,Q1,1,T1,False
2027-01-14,20270114,2027,14,14,4,quinta-feira,2,1,2027-01,Janeiro,1,Q1,1,T1,False
2027-01-15,20270115,2027,15,15,5,sexta-feira,2,1,2027-01,Janeiro,1,Q1,1,T1,False
2027-01-16,20270116,2027,16,16,6,sábado,2,1,2027-01,Janeiro,1,Q1,1,T1,True
2027-01-17,20270117,2027,17,17,7,domingo,2,1,2027-01,Janeiro,1,Q1,1,T1,True
2027-01-18,20270118,2027,18,18,1,segunda-feira,3,1,2027-01,Janeiro,1,Q1,1,T1,False
2027-01-19,20270119,2027,19,19,2,terça-feira,3,1,2027-01,Janeiro,1,Q1,1,T1,False
2027-01-20,20270120,2027,20,20,3,quarta-feira,3,1,2027-01,Janeiro,1,Q1,1,T1,False
2027-01-21,20270121,2027,21,21,4,quinta-feira,3,1,2027-01,Janeiro,1,Q1,1,T1,False
2027-01-22,20270122,2027,22,22,5,sexta-feira,3,1,2027-01,Janeiro,1,Q1,1,T1,False
2027-01-23,20270123,2027,23,23,6,sábado,3,1,2027-01,Janeiro,1,Q1,1,T1,True
2027-01-24,20270124,2027,24,24,7,domingo,3,1,2027-01,Janeiro,1,Q1,1,T1,True
2027-01-25,20270125,2027,25,25,1,segunda-feira,4,1,2027-01,Janeiro,1,Q1,1,T1,False
2027-01-26,20270126,2027,26,26,2,terça-feira,4,1,2027-01,Janeiro,1,Q1,1,T1,False
2027-01-27,20270127,2027,27,27,3,quarta-feira,4,1,2027-01,Janeiro,1,Q1,1,T1,False
2027-01-28,20270128,2027,28,28,4,quinta-feira,4,1,2027-01,Janeiro,1,Q1,1,T1,False
2027-01-29,20270129,2027,29,29,5,sexta-feira,4,1,2027-01,Janeiro,1,Q1,1,T1,False
2027-01-30,20270130,2027,30,30,6,sábado,4,1,2027-01,Janeiro,1,Q1,1,T1,True
2027-01-31,20270131,2027,31,31,7,domingo,4,1,2027-01,Janeiro,1,Q1,1,T1,True
2027-02-01,20270201,2027,32,1,1,segunda-feira,5,2,2027-02,Fevereiro,1,Q1,1,T1,False
2027-02-02,20270202,2027,33,2,2,terça-feira,5,2,2027-02,Fevereiro,1,Q1,1,T1,False
2027-02-03,20270203,2027,34,3,3,quarta-feira,5,2,2027-02,Fevereiro,1,Q1,1,T1,False
2027-02-04,20270204,2027,35,4,4,quinta-feira,5,2,2027-02,Fevereiro,1,Q1,1,T1,False
2027-02-05,20270205,2027,36,5,5,sexta-feira,5,2,2027-02,Fevereiro,1,Q1,1,T1,False
2027-02-06,20270206,2027,37,6,6,sábado,5,2,2027-02,Fevereiro,1,Q1,1,T1,True
2027-02-07,20270207,2027,38,7,7,domingo,5,2,2027-02,Fevereiro,1,Q1,1,T1,True
2027-02-08,20270208,2027,39,8,1,segunda-feira,6,2,2027-02,Fevereiro,1,Q1,1,T1,False
2027-02-09,20270209,2027,40,9,2,terça-feira,6,2,2027-02,Fevereiro,1,Q1,1,T1,False
2027-02-10,20270210,2027,41,10,3,quarta-feira,6,2,2027-02,Fevereiro,1,Q1,1,T1,False
2027-02-11,20270211,2027,42,11,4,quinta-feira,6,2,2027-02,Fevereiro,1,Q1,1,T1,False
2027-02-12,20270212,2027,43,12,5,sexta-feira,6,2,2027-02,Fevereiro,1,Q1,1,T1,False
2027-02-13,20270213,2027,44,13,6,sábado,6,2,2027-02,Fevereiro,1,Q1,1,T1,True
2027-02-14,20270214,2027,45,14,7,domingo,6,2,2027-02,Fevereiro,1,Q1,1,T1,True
2027-02-15,20270215,2027,46,15,1,segunda-feira,7,2,2027-02,Fevereiro,1,Q1,1,T1,False
2027-02-16,20270216,2027,47,16,2,terça-feira,7,2,2027-02,Fevereiro,1,Q1,1,T1,False
2027-02-17,20270217,2027,48,17,3,quarta-feira,7,2,2027-02,Fevereiro,1,Q1,1,T1,False
2027-02-18,20270218,2027,49,18,4,quinta-feira,7,2,2027-02,Fevereiro,1,Q1,1,T1,False
2027-02-19,20270219,2027,50,19,5,sexta-feira,7,2,2027-02,Fevereiro,1,Q1,1,T1,False
2027-02-20,20270220,2027,51,20,6,sábado,7,2,2027-02,Fevereiro,1,Q1,1,T1,True
2027-02-21,20270221,2027,52,21,7,domingo,7,2,2027-02,Fevereiro,1,Q1,1,T1,True
2027-02-22,20270222,2027,53,22,1,segunda-feira,8,2,2027-02,Fevereiro,1,Q1,1,T1,False
2027-02-23,20270223,2027,54,23,2,terça-feira,8,2,2027-02,Fevereiro,1,Q1,1,T1,False
2027-02-24,20270224,2027,55,24,3,quarta-feira,8,2,2027-02,Fevereiro,1,Q1,1,T1,False
2027-02-25,20270225,2027,56,25,4,quinta-feira,8,2,2027-02,Fevereiro,1,Q1,1,T1,False
2027-02-26,20270226,2027,57,26,5,sexta-feira,8,2,2027-02,Fevereiro,1,Q1,1,T1,False
2027-02-27,20270227,2027,58,27,6,sábado,8,2,2027-02,Fevereiro,1,Q1,1,T1,True
2027-02-28,20270228,2027,59,28,7,domingo,8,2,2027-02,Fevereiro,1,Q1,1,T1,True
2027-03-01,20270301,2027,60,1,1,segunda-feira,9,3,2027-03,Março,1,Q1,1,T1,False
2027-03-02,20270302,2027,61,2,2,terça-feira,9,3,2027-03,Março,1,Q1,1,T1,False
2027-03-03,20270303,2027,62,3,3,quarta-feira,9,3,2027-03,Março,1,Q1,1,T1,False
2027-03-04,20270304,2027,63,4,4,quinta-feira,9,3,2027-03,Março,1,Q1,1,T1,False
2027-03-05,20270305,2027,64,5,5,sexta-feira,9,3,2027-03,Março,1,Q1,1,T1,False
2027-03-06,20270306,2027,65,6,6,sábado,9,3,2027-03,Março,1,Q1,1,T1,True
2027-03-07,20270307,2027,66,7,7,domingo,9,3,2027-03,Março,1,Q1,1,T1,True
2027-03-08,20270308,2027,67,8,1,segunda-feira,10,3,2027-03,Março,1,Q1,1,T1,False
2027-03-09,20270309,2027,68,9,2,terça-feira,10,3,2027-03,Março,1,Q1,1,T1,False
2027-03-10,20270310,2027,69,10,3,quarta-feira,10,3,2027-03,Março,1,Q1,1,T1,False
2027-03-11,20270311,2027,70,11,4,quinta-feira,10,3,2027-03,Março,1,Q1,1,T1,False
2027-03-12,20270312,2027,71,12,5,sexta-feira,10,3,2027-03,Março,1,Q1,1,T1,False
2027-03-13,20270313,2027,72,13,6,sábado,10,3,2027-03,Março,1,Q1,1,T1,True
2027-03-14,20270314,2027,73,14,7,domingo,10,3,2027-03,Março,1,Q1,1,T1,True
2027-03-15,20270315,2027,74,15,1,segunda-feira,11,3,2027-03,Março,1,Q1,1,T1,False
2027-03-16,20270316,2027,75,16,2,terça-feira,11,3,2027-03,Março,1,Q1,1,T1,False
2027-03-17,20270317,2027,76,17,3,quarta-feira,11,3,2027-03,Março,1,Q1,1,T1,False
2027-03-18,20270318,2027,77,18,4,quinta-feira,11,3,2027-03,Março,1,Q1,1,T1,False
2027-03-19,20270319,2027,78,19,5,sexta-feira,11,3,2027-03,Março,1,Q1,1,T1,False
2027-03-20,20270320,2027,79,20,6,sábado,11,3,2027-03,Março,1,Q1,1,T1,True
2027-03-21,20270321,2027,80,21,7,domingo,11,3,2027-03,Março,1,Q1,1,T1,True
2027-03-22,20270322,2027,81,22,1,segunda-feira,12,3,2027-03,Março,1,Q1,1,T1,False
2027-03-23,20270323,2027,82,23,2,terça-feira,12,3,2027-03,Março,1,Q1,1,T1,False
2027-03-24,20270324,2027,83,24,3,quarta-feira,12,3,2027-03,Março,1,Q1,1,T1,False
2027-03-25,20270325,2027,84,25,4,quinta-feira,12,3,2027-03,Março,1,Q1,1,T1,False
2027-03-26,20270326,2027,85,26,5,sexta-feira,12,3,2027-03,Março,1,Q1,1,T1,False
2027-03-27,20270327,2027,86,27,6,sábado,12,3,2027-03,Março,1,Q1,1,T1,True
2027-03-28,20270328,2027,87,28,7,domingo,12,3,2027-03,Março,1,Q1,1,T1,True
2027-03-29,20270329,2027,88,29,1,segunda-feira,13,3,2027-03,Março,1,Q1,1,T1,False
2027-03-30,20270330,2027,89,30,2,terça-feira,13,3,2027-03,Março,1,Q1,1,T1,False
2027-03-31,20270331,2027,90,31,3,quarta-feira,13,3,2027-03,Março,1,Q1,1,T1,False
2027-04-01,20270401,2027,91,1,4,quinta-feira,13,4,2027-04,Abril,2,Q2,1,T2,False
2027-04-02,20270402,2027,92,2,5,sexta-feira,13,4,2027-04,Abril,2,Q2,1,T2,False
2027-04-03,20270403,2027,93,3,6,sábado,13,4,2027-04,Abril,2,Q2,1,T2,True
2027-04-04,20270404,2027,94,4,7,domingo,13,4,2027-04,Abril,2,Q2,1,T2,True
2027-04-05,20270405,2027,95,5,1,segunda-feira,14,4,2027-04,Abril,2,Q2,1,T2,False
2027-04-06,20270406,2027,96,6,2,terça-feira,14,4,2027-04,Abril,2,Q2,1,T2,False
2027-04-07,20270407,2027,97,7,3,quarta-feira,14,4,2027-04,Abril,2,Q2,1,T2,False
2027-04-08,20270408,2027,98,8,4,quinta-feira,14,4,2027-04,Abril,2,Q2,1,T2,False
2027-04-09,20270409,2027,99,9,5,sexta-feira,14,4,2027-04,Abril,2,Q2,1,T2,False
2027-04-10,20270410,2027,100,10,6,sábado,14,4,2027-04,Abril,2,Q2,1,T2,True
2027-04-11,20270411,2027,101,11,7,domingo,14,4,2027-04,Abril,2,Q2,1,T2,True
2027-04-12,20270412,2027,102,12,1,segunda-feira,15,4,2027-04,Abril,2,Q2,1,T2,False
2027-04-13,20270413,2027,103,13,2,terça-feira,15,4,2027-04,Abril,2,Q2,1,T2,False
2027-04-14,20270414,2027,104,14,3,quarta-feira,15,4,2027-04,Abril,2,Q2,1,T2,False
2027-04-15,20270415,2027,105,15,4,quinta-feira,15,4,2027-04,Abril,2,Q2,1,T2,False
2027-04-16,20270416,2027,106,16,5,sexta-feira,15,4,2027-04,Abril,2,Q2,1,T2,False
2027-04-17,20270417,2027,107,17,6,sábado,15,4,2027-04,Abril,2,Q2,1,T2,True
2027-04-18,20270418,2027,108,18,7,domingo,15,4,2027-04,Abril,2,Q2,1,T2,True
2027-04-19,20270419,2027,109,19,1,segunda-feira,16,4,2027-04,Abril,2,Q2,1,T2,False
2027-04-20,20270420,2027,110,20,2,terça-feira,16,4,2027-04,Abril,2,Q2,1,T2,False
2027-04-21,20270421,2027,111,21,3,quarta-feira,16,4,2027-04,Abril,2,Q2,1,T2,False
2027-04-22,20270422,2027,112,22,4,quinta-feira,16,4,2027-04,Abril,2,Q2,1,T2,False
2027-04-23,20270423,2027,113,23,5,sexta-feira,16,4,2027-04,Abril,2,Q2,1,T2,False
2027-04-24,20270424,2027,114,24,6,sábado,16,4,2027-04,Abril,2,Q2,1,T2,True
2027-04-25,20270425,2027,115,25,7,domingo,16,4,2027-04,Abril,2,Q2,1,T2,True
2027-04-26,20270426,2027,116,26,1,segunda-feira,17,4,2027-04,Abril,2,Q2,1,T2,False
2027-04-27,20270427,2027,117,27,2,terça-feira,17,4,2027-04,Abril,2,Q2,1,T2,False
2027-04-28,20270428,2027,118,28,3,quarta-feira,17,4,2027-04,Abril,2,Q2,1,T2,False
2027-04-29,20270429,2027,119,29,4,quinta-feira,17,4,2027-04,Abril,2,Q2,1,T2,False
2027-04-30,20270430,2027,120,30,5,sexta-feira,17,4,2027-04,Abril,2,Q2,1,T2,False
2027-05-01,20270501,2027,121,1,6,sábado,17,5,2027-05,Maio,2,Q2,1,T2,True
2027-05-02,20270502,2027,122,2,7,domingo,17,5,2027-05,Maio,2,Q2,1,T2,True
2027-05-03,20270503,2027,123,3,1,segunda-feira,18,5,2027-05,Maio,2,Q2,1,T2,False
2027-05-04,20270504,2027,124,4,2,terça-feira,18,5,2027-05,Maio,2,Q2,1,T2,False
2027-05-05,20270505,2027,125,5,3,quarta-feira,18,5,2027-05,Maio,2,Q2,1,T2,False
2027-05-06,20270506,2027,126,6,4,quinta-feira,18,5,2027-05,Maio,2,Q2,1,T2,False
2027-05-07,20270507,2027,127,7,5,sexta-feira,18,5,2027-05,Maio,2,Q2,1,T2,False
2027-05-08,20270508,2027,128,8,6,sábado,18,5,2027-05,Maio,2,Q2,1,T2,True
2027-05-09,20270509,2027,129,9,7,domingo,18,5,2027-05,Maio,2,Q2,1,T2,True
2027-05-10,20270510,2027,130,10,1,segunda-feira,19,5,2027-05,Maio,2,Q2,1,T2,False
2027-05-11,20270511,2027,131,11,2,terça-feira,19,5,2027-05,Maio,2,Q2,1,T2,False
2027-05-12,20270512,2027,132,12,3,quarta-feira,19,5,2027-05,Maio,2,Q2,1,T2,False
2027-05-13,20270513,2027,133,13,4,quinta-feira,19,5,2027-05,Maio,2,Q2,1,T2,False
2027-05-14,20270514,2027,134,14,5,sexta-feira,19,5,2027-05,Maio,2,Q2,1,T2,False
2027-05-15,20270515,2027,135,15,6,sábado,19,5,2027-05,Maio,2,Q2,1,T2,True
2027-05-16,20270516,2027,136,16,7,domingo,19,5,2027-05,Maio,2,Q2,1,T2,True
2027-05-17,20270517,2027,137,17,1,segunda-feira,20,5,2027-05,Maio,2,Q2,1,T2,False
2027-05-18,20270518,2027,138,18,2,terça-feira,20,5,2027-05,Maio,2,Q2,1,T2,False
2027-05-19,20270519,2027,139,19,3,quarta-feira,20,5,2027-05,Maio,2,Q2,1,T2,False
2027-05-20,20270520,2027,140,20,4,quinta-feira,20,5,2027-05,Maio,2,Q2,1,T2,False
2027-05-21,20270521,2027,141,21,5,sexta-feira,20,5,2027-05,Maio,2,Q2,1,T2,False
2027-05-22,20270522,2027,142,22,6,sábado,20,5,2027-05,Maio,2,Q2,1,T2,True
2027-05-23,20270523,2027,143,23,7,domingo,20,5,2027-05,Maio,2,Q2,1,T2,True
2027-05-24,20270524,2027,144,24,1,segunda-feira,21,5,2027-05,Maio,2,Q2,1,T2,False
2027-05-25,20270525,2027,145,25,2,terça-feira,21,5,2027-05,Maio,2,Q2,1,T2,False
2027-05-26,20270526,2027,146,26,3,quarta-feira,21,5,2027-05,Maio,2,Q2,1,T2,False
2027-05-27,20270527,2027,147,27,4,quinta-feira,21,5,2027-05,Maio,2,Q2,1,T2,False
2027-05-28,20270528,2027,148,28,5,sexta-feira,21,5,2027-05,Maio,2,Q2,1,T2,False
2027-05-29,20270529,2027,149,29,6,sábado,21,5,2027-05,Maio,2,Q2,1,T2,True
2027-05-30,20270530,2027,150,30,7,domingo,21,5,2027-05,Maio,2,Q2,1,T2,True
2027-05-31,20270531,2027,151,31,1,segunda-feira,22,5,2027-05,Maio,2,Q2,1,T2,False
2027-06-01,20270601,2027,152,1,2,terça-feira,22,6,2027-06,Junho,2,Q2,1,T2,False
2027-06-02,20270602,2027,153,2,3,quarta-feira,22,6,2027-06,Junho,2,Q2,1,T2,False
2027-06-03,20270603,2027,154,3,4,quinta-feira,22,6,2027-06,Junho,2,Q2,1,T2,False
2027-06-04,20270604,2027,155,4,5,sexta-feira,22,6,2027-06,Junho,2,Q2,1,T2,False
2027-06-05,20270605,2027,156,5,6,sábado,22,6,2027-06,Junho,2,Q2,1,T2,True
2027-06-06,20270606,2027,157,6,7,domingo,22,6,2027-06,Junho,2,Q2,1,T2,True
2027-06-07,20270607,2027,158,7,1,segunda-feira,23,6,2027-06,Junho,2,Q2,1,T2,False
2027-06-08,20270608,2027,159,8,2,terça-feira,23,6,2027-06,Junho,2,Q2,1,T2,False
2027-06-09,20270609,2027,160,9,3,quarta-feira,23,6,2027-06,Junho,2,Q2,1,T2,False
2027-06-10,20270610,2027,161,10,4,quinta-feira,23,6,2027-06,Junho,2,Q2,1,T2,False
2027-06-11,20270611,2027,162,11,5,sexta-feira,23,6,2027-06,Junho,2,Q2,1,T2,False
2027-06-12,20270612,2027,163,12,6,sábado,23,6,2027-06,Junho,2,Q2,1,T2,True
2027-06-13,20270613,2027,164,13,7,domingo,23,6,2027-06,Junho,2,Q2,1,T2,True
2027-06-14,20270614,2027,165,14,1,segunda-feira,24,6,2027-06,Junho,2,Q2,1,T2,False
2027-06-15,20270615,2027,166,15,2,terça-feira,24,6,2027-06,Junho,2,Q2,1,T2,False
2027-06-16,20270616,2027,167,16,3,quarta-feira,24,6,2027-06,Junho,2,Q2,1,T2,False
2027-06-17,20270617,2027,168,17,4,quinta-feira,24,6,2027-06,Junho,2,Q2,1,T2,False
2027-06-18,20270618,2027,169,18,5,sexta-feira,24,6,2027-06,Junho,2,Q2,1,T2,False
2027-06-19,20270619,2027,170,19,6,sábado,24,6,2027-06,Junho,2,Q2,1,T2,True
2027-06-20,20270620,2027,171,20,7,domingo,24,6,2027-06,Junho,2,Q2,1,T2,True
2027-06-21,20270621,2027,172,21,1,segunda-feira,25,6,2027-06,Junho,2,Q2,1,T2,False
2027-06-22,20270622,2027,173,22,2,terça-feira,25,6,2027-06,Junho,2,Q2,1,T2,False
2027-06-23,20270623,2027,174,23,3,quarta-feira,25,6,2027-06,Junho,2,Q2,1,T2,False
2027-06-24,20270624,2027,175,24,4,quinta-feira,25,6,2027-06,Junho,2,Q2,1,T2,False
2027-06-25,20270625,2027,176,25,5,sexta-feira,25,6,2027-06,Junho,2,Q2,1,T2,False
2027-06-26,20270626,2027,177,26,6,sábado,25,6,2027-06,Junho,2,Q2,1,T2,True
2027-06-27,20270627,2027,178,27,7,domingo,25,6,2027-06,Junho,2,Q2,1,T2,True
2027-06-28,20270628,2027,179,28,1,segunda-feira,26,6,2027-06,Junho,2,Q2,1,T2,False
2027-06-29,20270629,2027,180,29,2,terça-feira,26,6,2027-06,Junho,2,Q2,1,T2,False
2027-06-30,20270630,2027,181,30,3,quarta-feira,26,6,2027-06,Junho,2,Q2,1,T2,False
2027-07-01,20270701,2027,182,1,4,quinta-feira,26,7,2027-07,Julho,3,Q3,2,T3,False
2027-07-02,20270702,2027,183,2,5,sexta-feira,26,7,2027-07,Julho,3,Q3,2,T3,False
2027-07-03,20270703,2027,184,3,6,sábado,26,7,2027-07,Julho,3,Q3,2,T3,True
2027-07-04,20270704,2027,185,4,7,domingo,26,7,2027-07,Julho,3,Q3,2,T3,True
2027-07-05,20270705,2027,186,5,1,segunda-feira,27,7,2027-07,Julho,3,Q3,2,T3,False
2027-07-06,20270706,2027,187,6,2,terça-feira,27,7,2027-07,Julho,3,Q3,2,T3,False
2027-07-07,20270707,2027,188,7,3,quarta-feira,27,7,2027-07,Julho,3,Q3,2,T3,False
2027-07-08,20270708,2027,189,8,4,quinta-feira,27,7,2027-07,Julho,3,Q3,2,T3,False
2027-07-09,20270709,2027,190,9,5,sexta-feira,27,7,2027-07,Julho,3,Q3,2,T3,False
2027-07-10,20270710,2027,191,10,6,sábado,27,7,2027-07,Julho,3,Q3,2,T3,True
2027-07-11,20270711,2027,192,11,7,domingo,27,7,2027-07,Julho,3,Q3,2,T3,True
2027-07-12,20270712,2027,193,12,1,segunda-feira,28,7,2027-07,Julho,3,Q3,2,T3,False
2027-07-13,20270713,2027,194,13,2,terça-feira,28,7,2027-07,Julho,3,Q3,2,T3,False
2027-07-14,20270714,2027,195,14,3,quarta-feira,28,7,2027-07,Julho,3,Q3,2,T3,False
2027-07-15,20270715,2027,196,15,4,quinta-feira,28,7,2027-07,Julho,3,Q3,2,T3,False
2027-07-16,20270716,2027,197,16,5,sexta-feira,28,7,2027-07,Julho,3,Q3,2,T3,False
2027-07-17,20270717,2027,198,17,6,sábado,28,7,2027-07,Julho,3,Q3,2,T3,True
2027-07-18,20270718,2027,199,18,7,domingo,28,7,2027-07,Julho,3,Q3,2,T3,True
2027-07-19,20270719,2027,200,19,1,segunda-feira,29,7,2027-07,Julho,3,Q3,2,T3,False
2027-07-20,20270720,2027,201,20,2,terça-feira,29,7,2027-07,Julho,3,Q3,2,T3,False
2027-07-21,20270721,2027,202,21,3,quarta-feira,29,7,2027-07,Julho,3,Q3,2,T3,False
2027-07-22,20270722,2027,203,22,4,quinta-feira,29,7,2027-07,Julho,3,Q3,2,T3,False
2027-07-23,20270723,2027,204,23,5,sexta-feira,29,7,2027-07,Julho,3,Q3,2,T3,False
2027-07-24,20270724,2027,205,24,6,sábado,29,7,2027-07,Julho,3,Q3,2,T3,True
2027-07-25,20270725,2027,206,25,7,domingo,29,7,2027-07,Julho,3,Q3,2,T3,True
2027-07-26,20270726,2027,207,26,1,segunda-feira,30,7,2027-07,Julho,3,Q3,2,T3,False
2027-07-27,20270727,2027,208,27,2,terça-feira,30,7,2027-07,Julho,3,Q3,2,T3,False
2027-07-28,20270728,2027,209,28,3,quarta-feira,30,7,2027-07,Julho,3,Q3,2,T3,False
2027-07-29,20270729,2027,210,29,4,quinta-feira,30,7,2027-07,Julho,3,Q3,2,T3,False
2027-07-30,20270730,2027,211,30,5,sexta-feira,30,7,2027-07,Julho,3,Q3,2,T3,False
2027-07-31,20270731,2027,212,31,6,sábado,30,7,2027-07,Julho,3,Q3,2,T3,True
2027-08-01,20270801,2027,213,1,7,domingo,30,8,2027-08,Agosto,3,Q3,2,T3,True
2027-08-02,20270802,2027,214,2,1,segunda-feira,31,8,2027-08,Agosto,3,Q3,2,T3,False
2027-08-03,20270803,2027,215,3,2,terça-feira,31,8,2027-08,Agosto,3,Q3,2,T3,False
2027-08-04,20270804,2027,216,4,3,quarta-feira,31,8,2027-08,Agosto,3,Q3,2,T3,False
2027-08-05,20270805,2027,217,5,4,quinta-feira,31,8,2027-08,Agosto,3,Q3,2,T3,False
2027-08-06,20270806,2027,218,6,5,sexta-feira,31,8,2027-08,Agosto,3,Q3,2,T3,False
2027-08-07,20270807,2027,219,7,6,sábado,31,8,2027-08,Agosto,3,Q3,2,T3,True
2027-08-08,20270808,2027,220,8,7,domingo,31,8,2027-08,Agosto,3,Q3,2,T3,True
2027-08-09,20270809,2027,221,9,1,segunda-feira,32,8,2027-08,Agosto,3,Q3,2,T3,False
2027-08-10,20270810,2027,222,10,2,terça-feira,32,8,2027-08,Agosto,3,Q3,2,T3,False
2027-08-11,20270811,2027,223,11,3,quarta-feira,32,8,2027-08,Agosto,3,Q3,2,T3,False
2027-08-12,20270812,2027,224,12,4,quinta-feira,32,8,2027-08,Agosto,3,Q3,2,T3,False
2027-08-13,20270813,2027,225,13,5,sexta-feira,32,8,2027-08,Agosto,3,Q3,2,T3,False
2027-08-14,20270814,2027,226,14,6,sábado,32,8,2027-08,Agosto,3,Q3,2,T3,True
2027-08-15,20270815,2027,227,15,7,domingo,32,8,2027-08,Agosto,3,Q3,2,T3,True
2027-08-16,20270816,2027,228,16,1,segunda-feira,33,8,2027-08,Agosto,3,Q3,2,T3,False
2027-08-17,20270817,2027,229,17,2,terça-feira,33,8,2027-08,Agosto,3,Q3,2,T3,False
2027-08-18,20270818,2027,230,18,3,quarta-feira,33,8,2027-08,Agosto,3,Q3,2,T3,False
2027-08-19,20270819,2027,231,19,4,quinta-feira,33,8,2027-08,Agosto,3,Q3,2,T3,False
2027-08-20,20270820,2027,232,20,5,sexta-feira,33,8,2027-08,Agosto,3,Q3,2,T3,False
2027-08-21,20270821,2027,233,21,6,sábado,33,8,2027-08,Agosto,3,Q3,2,T3,True
2027-08-22,20270822,2027,234,22,7,domingo,33,8,2027-08,Agosto,3,Q3,2,T3,True
2027-08-23,20270823,2027,235,23,1,segunda-feira,34,8,2027-08,Agosto,3,Q3,2,T3,False
2027-08-24,20270824,2027,236,24,2,terça-feira,34,8,2027-08,Agosto,3,Q3,2,T3,False
2027-08-25,20270825,2027,237,25,3,quarta-feira,34,8,2027-08,Agosto,3,Q3,2,T3,False
2027-08-26,20270826,2027,238,26,4,quinta-feira,34,8,2027-08,Agosto,3,Q3,2,T3,False
2027-08-27,20270827,2027,239,27,5,sexta-feira,34,8,2027-08,Agosto,3,Q3,2,T3,False
2027-08-28,20270828,2027,240,28,6,sábado,34,8,2027-08,Agosto,3,Q3,2,T3,True
2027-08-29,20270829,2027,241,29,7,domingo,34,8,2027-08,Agosto,3,Q3,2,T3,True
2027-08-30,20270830,2027,242,30,1,segunda-feira,35,8,2027-08,Agosto,3,Q3,2,T3,False
2027-08-31,20270831,2027,243,31,2,terça-feira,35,8,2027-08,Agosto,3,Q3,2,T3,False
2027-09-01,20270901,2027,244,1,3,quarta-feira,35,9,2027-09,Setembro,3,Q3,2,T3,False
2027-09-02,20270902,2027,245,2,4,quinta-feira,35,9,2027-09,Setembro,3,Q3,2,T3,False
2027-09-03,20270903,2027,246,3,5,sexta-feira,35,9,2027-09,Setembro,3,Q3,2,T3,False
2027-09-04,20270904,2027,247,4,6,sábado,35,9,2027-09,Setembro,3,Q3,2,T3,True
2027-09-05,20270905,2027,248,5,7,domingo,35,9,2027-09,Setembro,3,Q3,2,T3,True
2027-09-06,20270906,2027,249,6,1,segunda-feira,36,9,2027-09,Setembro,3,Q3,2,T3,False
2027-09-07,20270907,2027,250,7,2,terça-feira,36,9,2027-09,Setembro,3,Q3,2,T3,False
2027-09-08,20270908,2027,251,8,3,quarta-feira,36,9,2027-09,Setembro,3,Q3,2,T3,False
2027-09-09,20270909,2027,252,9,4,quinta-feira,36,9,2027-09,Setembro,3,Q3,2,T3,False
2027-09-10,20270910,2027,253,10,5,sexta-feira,36,9,2027-09,Setembro,3,Q3,2,T3,False
2027-09-11,20270911,2027,254,11,6,sábado,36,9,2027-09,Setembro,3,Q3,2,T3,True
2027-09-12,20270912,2027,255,12,7,domingo,36,9,2027-09,Setembro,3,Q3,2,T3,True
2027-09-13,20270913,2027,256,13,1,segunda-feira,37,9,2027-09,Setembro,3,Q3,2,T3,False
2027-09-14,20270914,2027,257,14,2,terça-feira,37,9,2027-09,Setembro,3,Q3,2,T3,False
2027-09-15,20270915,2027,258,15,3,quarta-feira,37,9,2027-09,Setembro,3,Q3,2,T3,False
2027-09-16,20270916,2027,259,16,4,quinta-feira,37,9,2027-09,Setembro,3,Q3,2,T3,False
2027-09-17,20270917,2027,260,17,5,sexta-feira,37,9,2027-09,Setembro,3,Q3,2,T3,False
2027-09-18,20270918,2027,261,18,6,sábado,37,9,2027-09,Setembro,3,Q3,2,T3,True
2027-09-19,20270919,2027,262,19,7,domingo,37,9,2027-09,Setembro,3,Q3,2,T3,True
2027-09-20,20270920,2027,263,20,1,segunda-feira,38,9,2027-09,Setembro,3,Q3,2,T3,False
2027-09-21,20270921,2027,264,21,2,terça-feira,38,9,2027-09,Setembro,3,Q3,2,T3,False
2027-09-22,20270922,2027,265,22,3,quarta-feira,38,9,2027-09,Setembro,3,Q3,2,T3,False
2027-09-23,20270923,2027,266,23,4,quinta-feira,38,9,2027-09,Setembro,3,Q3,2,T3,False
2027-09-24,20270924,2027,267,24,5,sexta-feira,38,9,2027-09,Setembro,3,Q3,2,T3,False
2027-09-25,20270925,2027,268,25,6,sábado,38,9,2027-09,Setembro,3,Q3,2,T3,True
2027-09-26,20270926,2027,269,26,7,domingo,38,9,2027-09,Setembro,3,Q3,2,T3,True
2027-09-27,20270927,2027,270,27,1,segunda-feira,39,9,2027-09,Setembro,3,Q3,2,T3,False
2027-09-28,20270928,2027,271,28,2,terça-feira,39,9,2027-09,Setembro,3,Q3,2,T3,False
2027-09-29,20270929,2027,272,29,3,quarta-feira,39,9,2027-09,Setembro,3,Q3,2,T3,False
2027-09-30,20270930,2027,273,30,4,quinta-feira,39,9,2027-09,Setembro,3,Q3,2,T3,False
2027-10-01,20271001,2027,274,1,5,sexta-feira,39,10,2027-10,Outubro,4,Q4,2,T4,False
2027-10-02,20271002,2027,275,2,6,sábado,39,10,2027-10,Outubro,4,Q4,2,T4,True
2027-10-03,20271003,2027,276,3,7,domingo,39,10,2027-10,Outubro,4,Q4,2,T4,True
2027-10-04,20271004,2027,277,4,1,segunda-feira,40,10,2027-10,Outubro,4,Q4,2,T4,False
2027-10-05,20271005,2027,278,5,2,terça-feira,40,10,2027-10,Outubro,4,Q4,2,T4,False
2027-10-06,20271006,2027,279,6,3,quarta-feira,40,10,2027-10,Outubro,4,Q4,2,T4,False
2027-10-07,20271007,2027,280,7,4,quinta-feira,40,10,2027-10,Outubro,4,Q4,2,T4,False
2027-10-08,20271008,2027,281,8,5,sexta-feira,40,10,2027-10,Outubro,4,Q4,2,T4,False
2027-10-09,20271009,2027,282,9,6,sábado,40,10,2027-10,Outubro,4,Q4,2,T4,True
2027-10-10,20271010,2027,283,10,7,domingo,40,10,2027-10,Outubro,4,Q4,2,T4,True
2027-10-11,20271011,2027,284,11,1,segunda-feira,41,10,2027-10,Outubro,4,Q4,2,T4,False
2027-10-12,20271012,2027,285,12,2,terça-feira,41,10,2027-10,Outubro,4,Q4,2,T4,False
2027-10-13,20271013,2027,286,13,3,quarta-feira,41,10,2027-10,Outubro,4,Q4,2,T4,False
2027-10-14,20271014,2027,287,14,4,quinta-feira,41,10,2027-10,Outubro,4,Q4,2,T4,False
2027-10-15,20271015,2027,288,15,5,sexta-feira,41,10,2027-10,Outubro,4,Q4,2,T4,False
2027-10-16,20271016,2027,289,16,6,sábado,41,10,2027-10,Outubro,4,Q4,2,T4,True
2027-10-17,20271017,2027,290,17,7,domingo,41,10,2027-10,Outubro,4,Q4,2,T4,True
2027-10-18,20271018,2027,291,18,1,segunda-feira,42,10,2027-10,Outubro,4,Q4,2,T4,False
2027-10-19,20271019,2027,292,19,2,terça-feira,42,10,2027-10,Outubro,4,Q4,2,T4,False
2027-10-20,20271020,2027,293,20,3,quarta-feira,42,10,2027-10,Outubro,4,Q4,2,T4,False
2027-10-21,20271021,2027,294,21,4,quinta-feira,42,10,2027-10,Outubro,4,Q4,2,T4,False
2027-10-22,20271022,2027,295,22,5,sexta-feira,42,10,2027-10,Outubro,4,Q4,2,T4,False
2027-10-23,20271023,2027,296,23,6,sábado,42,10,2027-10,Outubro,4,Q4,2,T4,True
2027-10-24,20271024,2027,297,24,7,domingo,42,10,2027-10,Outubro,4,Q4,2,T4,True
2027-10-25,20271025,2027,298,25,1,segunda-feira,43,10,2027-10,Outubro,4,Q4,2,T4,False
2027-10-26,20271026,2027,299,26,2,terça-feira,43,10,2027-10,Outubro,4,Q4,2,T4,False
2027-10-27,20271027,2027,300,27,3,quarta-feira,43,10,2027-10,Outubro,4,Q4,2,T4,False
2027-10-28,20271028,2027,301,28,4,quinta-feira,43,10,2027-10,Outubro,4,Q4,2,T4,False
2027-10-29,20271029,2027,302,29,5,sexta-feira,43,10,2027-10,Outubro,4,Q4,2,T4,False
2027-10-30,20271030,2027,303,30,6,sábado,43,10,2027-10,Outubro,4,Q4,2,T4,True
2027-10-31,20271031,2027,304,31,7,domingo,43,10,2027-10,Outubro,4,Q4,2,T4,True
2027-11-01,20271101,2027,305,1,1,segunda-feira,44,11,2027-11,Novembro,4,Q4,2,T4,False
2027-11-02,20271102,2027,306,2,2,terça-feira,44,11,2027-11,Novembro,4,Q4,2,T4,False
2027-11-03,20271103,2027,307,3,3,quarta-feira,44,11,2027-11,Novembro,4,Q4,2,T4,False
2027-11-04,20271104,2027,308,4,4,quinta-feira,44,11,2027-11,Novembro,4,Q4,2,T4,False
2027-11-05,20271105,2027,309,5,5,sexta-feira,44,11,2027-11,Novembro,4,Q4,2,T4,False
2027-11-06,20271106,2027,310,6,6,sábado,44,11,2027-11,Novembro,4,Q4,2,T4,True
2027-11-07,20271107,2027,311,7,7,domingo,44,11,2027-11,Novembro,4,Q4,2,T4,True
2027-11-08,20271108,2027,312,8,1,segunda-feira,45,11,2027-11,Novembro,4,Q4,2,T4,False
2027-11-09,20271109,2027,313,9,2,terça-feira,45,11,2027-11,Novembro,4,Q4,2,T4,False
2027-11-10,20271110,2027,314,10,3,quarta-feira,45,11,2027-11,Novembro,4,Q4,2,T4,False
2027-11-11,20271111,2027,315,11,4,quinta-feira,45,11,2027-11,Novembro,4,Q4,2,T4,False
2027-11-12,20271112,2027,316,12,5,sexta-feira,45,11,2027-11,Novembro,4,Q4,2,T4,False
2027-11-13,20271113,2027,317,13,6,sábado,45,11,2027-11,Novembro,4,Q4,2,T4,True
2027-11-14,20271114,2027,318,14,7,domingo,45,11,2027-11,Novembro,4,Q4,2,T4,True
2027-11-15,20271115,2027,319,15,1,segunda-feira,46,11,2027-11,Novembro,4,Q4,2,T4,False
2027-11-16,20271116,2027,320,16,2,terça-feira,46,11,2027-11,Novembro,4,Q4,2,T4,False
2027-11-17,20271117,2027,321,17,3,quarta-feira,46,11,2027-11,Novembro,4,Q4,2,T4,False
2027-11-18,20271118,2027,322,18,4,quinta-feira,46,11,2027-11,Novembro,4,Q4,2,T4,False
2027-11-19,20271119,2027,323,19,5,sexta-feira,46,11,2027-11,Novembro,4,Q4,2,T4,False
2027-11-20,20271120,2027,324,20,6,sábado,46,11,2027-11,Novembro,4,Q4,2,T4,True
2027-11-21,20271121,2027,325,21,7,domingo,46,11,2027-11,Novembro,4,Q4,2,T4,True
2027-11-22,20271122,2027,326,22,1,segunda-feira,47,11,2027-11,Novembro,4,Q4,2,T4,False
2027-11-23,20271123,2027,327,23,2,terça-feira,47,11,2027-11,Novembro,4,Q4,2,T4,False
2027-11-24,20271124,2027,328,24,3,quarta-feira,47,11,2027-11,Novembro,4,Q4,2,T4,False
2027-11-25,20271125,2027,329,25,4,quinta-feira,47,11,2027-11,Novembro,4,Q4,2,T4,False
2027-11-26,20271126,2027,330,26,5,sexta-feira,47,11,2027-11,Novembro,4,Q4,2,T4,False
2027-11-27,20271127,2027,331,27,6,sábado,47,11,2027-11,Novembro,4,Q4,2,T4,True
2027-11-28,20271128,2027,332,28,7,domingo,47,11,2027-11,Novembro,4,Q4,2,T4,True
2027-11-29,20271129,2027,333,29,1,segunda-feira,48,11,2027-11,Novembro,4,Q4,2,T4,False
2027-11-30,20271130,2027,334,30,2,terça-feira,48,11,2027-11,Novembro,4,Q4,2,T4,False
2027-12-01,20271201,2027,335,1,3,quarta-feira,48,12,2027-12,Dezembro,4,Q4,2,T4,False
2027-12-02,20271202,2027,336,2,4,quinta-feira,48,12,2027-12,Dezembro,4,Q4,2,T4,False
2027-12-03,20271203,2027,337,3,5,sexta-feira,48,12,2027-12,Dezembro,4,Q4,2,T4,False
2027-12-04,20271204,2027,338,4,6,sábado,48,12,2027-12,Dezembro,4,Q4,2,T4,True
2027-12-05,20271205,2027,339,5,7,domingo,48,12,2027-12,Dezembro,4,Q4,2,T4,True
2027-12-06,20271206,2027,340,6,1,segunda-feira,49,12,2027-12,Dezembro,4,Q4,2,T4,False
2027-12-07,20271207,2027,341,7,2,terça-feira,49,12,2027-12,Dezembro,4,Q4,2,T4,False
2027-12-08,20271208,2027,342,8,3,quarta-feira,49,12,2027-12,Dezembro,4,Q4,2,T4,False
2027-12-09,20271209,2027,343,9,4,quinta-feira,49,12,2027-12,Dezembro,4,Q4,2,T4,False
2027-12-10,20271210,2027,344,10,5,sexta-feira,49,12,2027-12,Dezembro,4,Q4,2,T4,False
2027-12-11,20271211,2027,345,11,6,sábado,49,12,2027-12,Dezembro,4,Q4,2,T4,True
2027-12-12,20271212,2027,346,12,7,domingo,49,12,2027-12,Dezembro,4,Q4,2,T4,True
2027-12-13,20271213,2027,347,13,1,segunda-feira,50,12,2027-12,Dezembro,4,Q4,2,T4,False
2027-12-14,20271214,2027,348,14,2,terça-feira,50,12,2027-12,Dezembro,4,Q4,2,T4,False
2027-12-15,20271215,2027,349,15,3,quarta-feira,50,12,2027-12,Dezembro,4,Q4,2,T4,False
2027-12-16,20271216,2027,350,16,4,quinta-feira,50,12,2027-12,Dezembro,4,Q4,2,T4,False
2027-12-17,20271217,2027,351,17,5,sexta-feira,50,12,2027-12,Dezembro,4,Q4,2,T4,False
2027-12-18,20271218,2027,352,18,6,sábado,50,12,2027-12,Dezembro,4,Q4,2,T4,True
2027-12-19,20271219,2027,353,19,7,domingo,50,12,2027-12,Dezembro,4,Q4,2,T4,True
2027-12-20,20271220,2027,354,20,1,segunda-feira,51,12,2027-12,Dezembro,4,Q4,2,T4,False
2027-12-21,20271221,2027,355,21,2,terça-feira,51,12,2027-12,Dezembro,4,Q4,2,T4,False
2027-12-22,20271222,2027,356,22,3,quarta-feira,51,12,2027-12,Dezembro,4,Q4,2,T4,False
2027-12-23,20271223,2027,357,23,4,quinta-feira,51,12,2027-12,Dezembro,4,Q4,2,T4,False
2027-12-24,20271224,2027,358,24,5,sexta-feira,51,12,2027-12,Dezembro,4,Q4,2,T4,False
2027-12-25,20271225,2027,359,25,6,sábado,51,12,2027-12,Dezembro,4,Q4,2,T4,True
2027-12-26,20271226,2027,360,26,7,domingo,51,12,2027-12,Dezembro,4,Q4,2,T4,True
2027-12-27,20271227,2027,361,27,1,segunda-feira,52,12,2027-12,Dezembro,4,Q4,2,T4,False
2027-12-28,20271228,2027,362,28,2,terça-feira,52,12,2027-12,Dezembro,4,Q4,2,T4,False
2027-12-29,20271229,2027,363,29,3,quarta-feira,52,12,2027-12,Dezembro,4,Q4,2,T4,False
2027-12-30,20271230,2027,364,30,4,quinta-feira,52,12,2027-12,Dezembro,4,Q4,2,T4,False
2027-12-31,20271231,2027,365,31,5,sexta-feira,52,12,2027-12,Dezembro,4,Q4,2,T4,False
