product_variant_id,product_id,sku,barcode_ean,sale_price,cost_price,weight_kg,icms_rate,ipi_rate,is_active_variant,product_name,description,brand_id,category_id,ncm_code,unit_of_measure,is_active_product,category_name,slug,parent_category_id,is_active_category,brand_name,country,is_active_brand
1,1,LHN-353137,812356442423.0,2452.69,1409.59,17.466,18.0,5.0,True,Motor de Popa 6014,Motor de popa 4 tempos para embarcações de lazer,9,9,50675645,UN,True,Acessórios de Convés,acessorios-de-conves,2.0,True,Volvo Penta,JP,True
2,1,LHN-424236,2876604560688.0,1057.68,482.96,38.9,18.0,10.0,True,Motor de Popa 6014,Motor de popa 4 tempos para embarcações de lazer,9,9,50675645,UN,True,Acessórios de Convés,acessorios-de-conves,2.0,True,Volvo Penta,JP,True
3,1,LHN-680793,4024712687768.0,36.65,27.15,27.526,17.0,5.0,True,Motor de Popa 6014,Motor de popa 4 tempos para embarcações de lazer,9,9,50675645,UN,True,Acessórios de Convés,acessorios-de-conves,2.0,True,Volvo Penta,JP,True
4,2,LHN-869444,6530427111637.0,2111.04,1486.65,10.215,12.0,10.0,True,Vela Mestra 3870,Vela mestra em dacron para veleiros 32 pés,10,13,19180016,UN,True,SEGURANÇA,seguranca,2.0,True,MaxSea,JP,True
5,2,LHN-152723,8463512311255.0,1425.34,662.95,32.302,12.0,0.0,True,Vela Mestra 3870,Vela mestra em dacron para veleiros 32 pés,10,13,19180016,UN,True,SEGURANÇA,seguranca,2.0,True,MaxSea,JP,True
6,2,LHN-833831,,2505.2,1897.88,11.387,17.0,10.0,True,Vela Mestra 3870,Vela mestra em dacron para veleiros 32 pés,10,13,19180016,UN,True,SEGURANÇA,seguranca,2.0,True,MaxSea,JP,True
7,3,LHN-635877,,136.02,85.01,46.207,18.0,10.0,True,Tinta Antifouling 5479,Tinta antiincrustante 3.6L para casco,4,4,26507166,L,True,Motores,motores,3.0,True,Honda Marine,,True
8,3,LHN-825942,8874758361346.0,522.87,378.89,5.0,18.0,0.0,True,Tinta Antifouling 5479,Tinta antiincrustante 3.6L para casco,4,4,26507166,L,True,Motores,motores,3.0,True,Honda Marine,,True
9,4,LHN-149282,,3194.63,1655.25,16.735,18.0,10.0,True,Sonar Transducer 9933,Transdutor de sonar para profundidade,5,10,87920921,UN,True,Iluminação,iluminacao,1.0,True,Garmin,,True
10,4,LHN-597798,859294692350.0,1185.69,718.6,5.576,17.0,10.0,True,Sonar Transducer 9933,Transdutor de sonar para profundidade,5,10,87920921,UN,True,Iluminação,iluminacao,1.0,True,Garmin,,True
11,5,LHN-139240,,1838.76,1114.4,42.148,12.0,10.0,True,Bússola de Bordo 3641,Bússola magnética líquida com iluminação,4,6,78779264,UN,True,Velas,velas,3.0,True,Honda Marine,,True
12,5,LHN-300634,,817.89,475.52,8.389,12.0,0.0,True,Bússola de Bordo 3641,Bússola magnética líquida com iluminação,4,6,78779264,UN,True,Velas,velas,3.0,True,Honda Marine,,True
13,5,LHN-673210,9543420136115.0,1114.92,644.46,9.03,12.0,10.0,True,Bússola de Bordo 3641,Bússola magnética líquida com iluminação,4,6,78779264,UN,True,Velas,velas,3.0,True,Honda Marine,,True
14,6,LHN-117236,6232970206722.0,4208.4,1994.5,26.979,18.0,5.0,True,Defensa Náutica 7487,Defensa cilíndrica em PVC,10,3,36883895,PC,True,Coletes Salva-Vidas,coletes-salva-vidas,,True,MaxSea,JP,True
15,6,LHN-660514,8260397619861.0,725.45,352.16,18.126,12.0,5.0,True,Defensa Náutica 7487,Defensa cilíndrica em PVC,10,3,36883895,PC,True,Coletes Salva-Vidas,coletes-salva-vidas,,True,MaxSea,JP,True
16,6,LHN-754714,1554679565456.0,1705.81,1254.27,32.164,18.0,10.0,True,Defensa Náutica 7487,Defensa cilíndrica em PVC,10,3,36883895,PC,True,Coletes Salva-Vidas,coletes-salva-vidas,,True,MaxSea,JP,True
17,7,LHN-220347,6435258488210.0,1238.93,669.69,32.115,12.0,10.0,True,Cabo Náutico 4894,Cabo de polipropileno trançado,8,6,58571428,M,True,Velas,velas,3.0,True,Simrad,,True
18,7,LHN-510202,8300539548960.0,973.54,546.93,18.521,12.0,10.0,True,Cabo Náutico 4894,Cabo de polipropileno trançado,8,6,58571428,M,True,Velas,velas,3.0,True,Simrad,,True
19,8,LHN-457547,2337953164113.0,1517.55,1039.42,1.815,18.0,10.0,True,Cabo Náutico 1373,Cabo de polipropileno trançado,4,14,13000107,M,True,Pesca,pesca,1.0,True,Honda Marine,,True
20,9,LHN-016677,5880759743299.0,2315.5,1642.2,23.955,12.0,0.0,True,Tinta Antifouling 874,Tinta antiincrustante 3.6L para casco,7,5,59463492,L,True,Eletrônica Náutica,eletronica-nautica,2.0,True,Lowrance,IT,True
21,9,LHN-444755,7645809984262.0,798.36,364.55,32.244,18.0,10.0,True,Tinta Antifouling 874,Tinta antiincrustante 3.6L para casco,7,5,59463492,L,True,Eletrônica Náutica,eletronica-nautica,2.0,True,Lowrance,IT,True
22,9,LHN-256375,5981477681020.0,1541.6,752.0,18.481,18.0,0.0,True,Tinta Antifouling 874,Tinta antiincrustante 3.6L para casco,7,5,59463492,L,True,Eletrônica Náutica,eletronica-nautica,2.0,True,Lowrance,IT,True
23,10,LHN-235717,1516517327237.0,1629.17,790.86,10.308,18.0,10.0,True,Colete Salva-Vidas 6199,Colete homologado classe III,9,14,52862023,UN,True,Pesca,pesca,1.0,True,Volvo Penta,JP,True
24,11,LHN-162345,,2659.65,1555.35,11.337,12.0,10.0,True,Hélice de Alumínio 4091,Hélice 3 pás para motor de popa,1,5,82685264,UN,True,Eletrônica Náutica,eletronica-nautica,2.0,True,Yamaha Marine,,True
25,11,LHN-415543,662631499525.0,516.75,335.55,21.786,17.0,5.0,True,Hélice de Alumínio 4091,Hélice 3 pás para motor de popa,1,5,82685264,UN,True,Eletrônica Náutica,eletronica-nautica,2.0,True,Yamaha Marine,,True
26,12,LHN-533184,,1726.63,1072.44,32.772,17.0,5.0,True,Cabo Náutico 8028,Cabo de polipropileno trançado,12,14,20936775,M,True,Pesca,pesca,1.0,True,Marisul,BR,True
27,13,LHN-811383,4026653408921.0,2928.08,1673.19,42.21,12.0,5.0,True,GPS Plotter 7021,GPS chartplotter com cartografia,4,4,70125519,UN,True,Motores,motores,3.0,True,Honda Marine,,True
28,14,LHN-224847,6371127117471.0,1614.87,961.23,9.626,18.0,0.0,True,Defensa Náutica 1161,Defensa cilíndrica em PVC,8,12,36860079,PC,True,Manutenção,manutencao,1.0,True,Simrad,,True
29,14,LHN-010981,6853279803629.0,3180.67,1445.76,24.48,12.0,5.0,True,Defensa Náutica 1161,Defensa cilíndrica em PVC,8,12,36860079,PC,True,Manutenção,manutencao,1.0,True,Simrad,,True
30,15,LHN-501122,3705987438361.0,1029.86,710.25,40.632,18.0,5.0,True,Bússola de Bordo 6287,Bússola magnética líquida com iluminação,1,9,86734561,UN,True,Acessórios de Convés,acessorios-de-conves,2.0,True,Yamaha Marine,,True
31,16,LHN-355112,8951756446913.0,496.5,234.2,17.961,17.0,10.0,True,Hélice de Alumínio 8340,Hélice 3 pás para motor de popa,3,1,37075384,UN,True,Equipamentos,equipamentos,,True,Suzuki Marine,DE,True
32,16,LHN-893936,1041466784072.0,939.09,661.33,34.611,18.0,5.0,True,Hélice de Alumínio 8340,Hélice 3 pás para motor de popa,3,1,37075384,UN,True,Equipamentos,equipamentos,,True,Suzuki Marine,DE,True
33,16,LHN-302669,6859209682036.0,537.27,331.65,29.174,17.0,10.0,True,Hélice de Alumínio 8340,Hélice 3 pás para motor de popa,3,1,37075384,UN,True,Equipamentos,equipamentos,,True,Suzuki Marine,DE,True
34,17,LHN-968395,6617333843279.0,3058.37,1609.67,28.172,18.0,10.0,True,GPS Plotter 3436,GPS chartplotter com cartografia,8,9,24614829,UN,True,Acessórios de Convés,acessorios-de-conves,2.0,True,Simrad,,True
35,17,LHN-702543,5806790112108.0,1255.65,848.41,33.802,18.0,5.0,True,GPS Plotter 3436,GPS chartplotter com cartografia,8,9,24614829,UN,True,Acessórios de Convés,acessorios-de-conves,2.0,True,Simrad,,True
36,18,LHN-505195,1634077732930.0,2563.85,1401.01,6.639,17.0,0.0,True,Âncora Bruce 7120,Âncora de garra tipo Bruce em aço galvanizado,5,4,30173313,UN,True,Motores,motores,3.0,True,Garmin,,True
37,19,LHN-964357,673451970170.0,117.93,79.15,17.175,18.0,0.0,True,Âncora Bruce 4405,Âncora de garra tipo Bruce em aço galvanizado,6,14,43098343,UN,True,Pesca,pesca,1.0,True,Raymarine,,True
38,19,LHN-215053,957913209122.0,2178.52,1492.14,15.677,18.0,10.0,True,Âncora Bruce 4405,Âncora de garra tipo Bruce em aço galvanizado,6,14,43098343,UN,True,Pesca,pesca,1.0,True,Raymarine,,True
39,20,LHN-333265,1855492472243.0,3046.9,1620.69,28.339,12.0,10.0,True,GPS Plotter 7169,GPS chartplotter com cartografia,7,6,71298225,UN,True,Velas,velas,3.0,True,Lowrance,IT,True
40,20,LHN-533548,,1813.06,851.2,6.063,12.0,5.0,True,GPS Plotter 7169,GPS chartplotter com cartografia,7,6,71298225,UN,True,Velas,velas,3.0,True,Lowrance,IT,True
41,21,LHN-261123,,2069.89,1045.4,21.885,12.0,5.0,True,Âncora Bruce 6850,Âncora de garra tipo Bruce em aço galvanizado,2,12,60395870,UN,True,Manutenção,manutencao,1.0,True,Mercury Marine,BR,True
42,21,LHN-907998,,1847.0,1020.44,21.883,17.0,0.0,True,Âncora Bruce 6850,Âncora de garra tipo Bruce em aço galvanizado,2,12,60395870,UN,True,Manutenção,manutencao,1.0,True,Mercury Marine,BR,True
43,22,LHN-937442,30772416334.0,1032.64,573.69,2.069,18.0,5.0,True,Vela Mestra 7039,Vela mestra em dacron para veleiros 32 pés,5,9,64388226,UN,True,Acessórios de Convés,acessorios-de-conves,2.0,True,Garmin,,True
44,22,LHN-119653,3349461777203.0,143.69,106.44,1.457,12.0,0.0,True,Vela Mestra 7039,Vela mestra em dacron para veleiros 32 pés,5,9,64388226,UN,True,Acessórios de Convés,acessorios-de-conves,2.0,True,Garmin,,True
45,23,LHN-920996,3369546530134.0,2765.04,1843.36,25.234,17.0,10.0,True,Âncora Bruce 4975,Âncora de garra tipo Bruce em aço galvanizado,5,2,95095446,UN,True,Cabos,cabos,,True,Garmin,,True
46,23,LHN-504176,8689081382865.0,764.4,408.77,12.055,12.0,0.0,True,Âncora Bruce 4975,Âncora de garra tipo Bruce em aço galvanizado,5,2,95095446,UN,True,Cabos,cabos,,True,Garmin,,True
47,24,LHN-424788,,3896.09,1882.17,12.657,12.0,0.0,True,Colete Salva-Vidas 3398,Colete homologado classe III,10,5,64834488,UN,True,Eletrônica Náutica,eletronica-nautica,2.0,True,MaxSea,JP,True
48,24,LHN-868199,,1605.18,768.03,8.81,12.0,10.0,True,Colete Salva-Vidas 3398,Colete homologado classe III,10,5,64834488,UN,True,Eletrônica Náutica,eletronica-nautica,2.0,True,MaxSea,JP,True
49,25,LHN-763314,4013445751730.0,2845.64,1429.97,38.923,17.0,5.0,True,Bússola de Bordo 799,Bússola magnética líquida com iluminação,4,7,60029856,UN,True,Âncoras,ncoras,1.0,True,Honda Marine,,True
50,26,LHN-520276,7606234583024.0,547.88,320.4,28.501,12.0,0.0,True,Bússola de Bordo 3795,Bússola magnética líquida com iluminação,6,12,52325309,UN,True,Manutenção,manutencao,1.0,True,Raymarine,,True
51,26,LHN-424258,7817584625160.0,1113.93,520.53,15.212,17.0,5.0,True,Bússola de Bordo 3795,Bússola magnética líquida com iluminação,6,12,52325309,UN,True,Manutenção,manutencao,1.0,True,Raymarine,,True
52,27,LHN-781949,,585.8,334.74,41.264,17.0,10.0,True,Colete Salva-Vidas 7001,Colete homologado classe III,3,6,81669019,UN,True,Velas,velas,3.0,True,Suzuki Marine,DE,True
53,27,LHN-551848,5190815153000.0,1628.81,1064.58,4.334,12.0,10.0,True,Colete Salva-Vidas 7001,Colete homologado classe III,3,6,81669019,UN,True,Velas,velas,3.0,True,Suzuki Marine,DE,True
54,28,LHN-011955,,2767.51,1677.28,16.339,17.0,5.0,False,Colete Salva-Vidas 1890,Colete homologado classe III,12,3,51088849,UN,True,Coletes Salva-Vidas,coletes-salva-vidas,,True,Marisul,BR,True
55,28,LHN-616600,3492417032670.0,2780.63,1324.11,34.635,18.0,5.0,True,Colete Salva-Vidas 1890,Colete homologado classe III,12,3,51088849,UN,True,Coletes Salva-Vidas,coletes-salva-vidas,,True,Marisul,BR,True
56,29,LHN-116117,7543537908935.0,1923.39,1457.11,29.745,12.0,5.0,True,Defensa Náutica 3153,Defensa cilíndrica em PVC,6,10,21302420,PC,True,Iluminação,iluminacao,1.0,True,Raymarine,,True
57,29,LHN-639263,2470658924054.0,3035.13,1487.81,33.038,12.0,10.0,True,Defensa Náutica 3153,Defensa cilíndrica em PVC,6,10,21302420,PC,True,Iluminação,iluminacao,1.0,True,Raymarine,,True
58,29,LHN-163046,,717.98,498.6,21.821,17.0,5.0,True,Defensa Náutica 3153,Defensa cilíndrica em PVC,6,10,21302420,PC,True,Iluminação,iluminacao,1.0,True,Raymarine,,True
59,30,LHN-542984,3882632802415.0,3516.91,1651.13,21.232,18.0,0.0,False,Colete Salva-Vidas 8612,Colete homologado classe III,2,10,52979348,UN,True,Iluminação,iluminacao,1.0,True,Mercury Marine,BR,True
60,31,LHN-951367,1851920550774.0,1466.35,971.09,32.375,12.0,5.0,True,Sonar Transducer 4635,Transdutor de sonar para profundidade,3,4,81807314,UN,True,Motores,motores,3.0,True,Suzuki Marine,DE,True
61,31,LHN-032019,753417869905.0,3122.72,1452.43,16.267,18.0,5.0,True,Sonar Transducer 4635,Transdutor de sonar para profundidade,3,4,81807314,UN,True,Motores,motores,3.0,True,Suzuki Marine,DE,True
62,32,LHN-174522,7774799407687.0,2219.2,1219.34,11.147,17.0,0.0,True,Defensa Náutica 793,Defensa cilíndrica em PVC,9,6,29488584,PC,True,Velas,velas,3.0,True,Volvo Penta,JP,True
63,32,LHN-146807,7850785310374.0,1025.37,648.97,42.23,12.0,0.0,True,Defensa Náutica 793,Defensa cilíndrica em PVC,9,6,29488584,PC,True,Velas,velas,3.0,True,Volvo Penta,JP,True
64,33,LHN-868728,4227524869562.0,2665.92,1655.85,12.872,17.0,10.0,True,Hélice de Alumínio 7117,Hélice 3 pás para motor de popa,11,5,13391884,UN,True,Eletrônica Náutica,eletronica-nautica,2.0,True,BR Náutica,IT,True
65,33,LHN-918092,5033416339575.0,1609.83,963.97,33.169,17.0,10.0,True,Hélice de Alumínio 7117,Hélice 3 pás para motor de popa,11,5,13391884,UN,True,Eletrônica Náutica,eletronica-nautica,2.0,True,BR Náutica,IT,True
66,34,LHN-698603,4567925868949.0,1541.68,820.04,41.001,17.0,10.0,True,Defensa Náutica 5959,Defensa cilíndrica em PVC,7,14,52963458,PC,True,Pesca,pesca,1.0,True,Lowrance,IT,True
67,35,LHN-270917,3950332260009.0,2159.89,1213.42,37.606,18.0,10.0,True,Colete Salva-Vidas 8211,Colete homologado classe III,2,1,67937611,UN,True,Equipamentos,equipamentos,,True,Mercury Marine,BR,True
68,35,LHN-133378,7289651757966.0,381.63,231.29,19.23,18.0,10.0,True,Colete Salva-Vidas 8211,Colete homologado classe III,2,1,67937611,UN,True,Equipamentos,equipamentos,,True,Mercury Marine,BR,True
69,36,LHN-585213,3300607642120.0,301.17,152.88,33.419,18.0,10.0,True,GPS Plotter 8951,,11,11,34113573,UN,True,Pintura Marítima,pintura-maritima,1.0,True,BR Náutica,IT,True
70,36,LHN-373626,758369952156.0,118.69,64.86,22.214,17.0,0.0,True,GPS Plotter 8951,,11,11,34113573,UN,True,Pintura Marítima,pintura-maritima,1.0,True,BR Náutica,IT,True
71,37,LHN-047570,2416565271423.0,1571.43,814.21,49.366,17.0,10.0,True,Âncora Bruce 3597,Âncora de garra tipo Bruce em aço galvanizado,11,13,71673210,UN,True,SEGURANÇA,seguranca,2.0,True,BR Náutica,IT,True
72,37,LHN-561314,8581783250339.0,3194.59,1506.88,45.135,12.0,5.0,True,Âncora Bruce 3597,Âncora de garra tipo Bruce em aço galvanizado,11,13,71673210,UN,True,SEGURANÇA,seguranca,2.0,True,BR Náutica,IT,True
73,37,LHN-611667,7964377969335.0,755.45,381.54,14.38,12.0,5.0,True,Âncora Bruce 3597,Âncora de garra tipo Bruce em aço galvanizado,11,13,71673210,UN,True,SEGURANÇA,seguranca,2.0,True,BR Náutica,IT,True
74,38,LHN-448251,5369106807087.0,1603.57,1187.83,46.403,17.0,10.0,True,Sonar Transducer 7290,Transdutor de sonar para profundidade,5,6,77592988,UN,True,Velas,velas,3.0,True,Garmin,,True
75,39,LHN-305383,,212.31,118.61,29.974,18.0,10.0,True,Bateria Náutica 3427,Bateria estacionária 105Ah náutica,7,7,35734374,UN,True,Âncoras,ncoras,1.0,True,Lowrance,IT,True
76,39,LHN-197081,563060099990.0,1096.27,559.32,8.869,18.0,5.0,True,Bateria Náutica 3427,Bateria estacionária 105Ah náutica,7,7,35734374,UN,True,Âncoras,ncoras,1.0,True,Lowrance,IT,True
77,40,LHN-847740,2258682926981.0,1516.0,725.36,42.18,17.0,5.0,True,Tinta Antifouling 4321,Tinta antiincrustante 3.6L para casco,4,11,85345895,L,True,Pintura Marítima,pintura-maritima,1.0,True,Honda Marine,,True
78,40,LHN-812993,,3365.4,1743.73,11.304,18.0,10.0,True,Tinta Antifouling 4321,Tinta antiincrustante 3.6L para casco,4,11,85345895,L,True,Pintura Marítima,pintura-maritima,1.0,True,Honda Marine,,True
79,41,LHN-377256,,983.07,484.27,1.395,12.0,10.0,True,Âncora Bruce 2416,Âncora de garra tipo Bruce em aço galvanizado,12,8,84914514,UN,True,Hélices,helices,1.0,True,Marisul,BR,True
80,41,LHN-064671,6497473321956.0,67.81,41.86,37.577,17.0,0.0,True,Âncora Bruce 2416,Âncora de garra tipo Bruce em aço galvanizado,12,8,84914514,UN,True,Hélices,helices,1.0,True,Marisul,BR,True
81,42,LHN-115023,2801590565621.0,2483.8,1188.42,24.943,17.0,0.0,True,Tinta Antifouling 503,Tinta antiincrustante 3.6L para casco,10,9,10032928,L,True,Acessórios de Convés,acessorios-de-conves,2.0,True,MaxSea,JP,True
82,43,LHN-058147,3815875768675.0,1719.63,1177.83,4.589,17.0,10.0,True,Defensa Náutica 9513,Defensa cilíndrica em PVC,10,1,86849289,PC,True,Equipamentos,equipamentos,,True,MaxSea,JP,True
83,43,LHN-794810,4448991784930.0,3897.16,1958.37,13.508,12.0,0.0,True,Defensa Náutica 9513,Defensa cilíndrica em PVC,10,1,86849289,PC,True,Equipamentos,equipamentos,,True,MaxSea,JP,True
84,43,LHN-584495,,841.59,470.16,39.293,17.0,10.0,True,Defensa Náutica 9513,Defensa cilíndrica em PVC,10,1,86849289,PC,True,Equipamentos,equipamentos,,True,MaxSea,JP,True
85,44,LHN-414825,1118744236582.0,2235.99,1542.06,17.443,18.0,0.0,True,Motor de Popa 9645,Motor de popa 4 tempos para embarcações de lazer,7,9,46650771,UN,True,Acessórios de Convés,acessorios-de-conves,2.0,True,Lowrance,IT,True
86,44,LHN-171212,3167435113495.0,3751.57,1984.96,22.089,17.0,5.0,True,Motor de Popa 9645,Motor de popa 4 tempos para embarcações de lazer,7,9,46650771,UN,True,Acessórios de Convés,acessorios-de-conves,2.0,True,Lowrance,IT,True
87,45,LHN-529896,2691660585402.0,3471.18,1896.82,3.197,18.0,0.0,True,Tinta Antifouling 3620,Tinta antiincrustante 3.6L para casco,5,8,60564651,L,True,Hélices,helices,1.0,True,Garmin,,True
88,46,LHN-010900,9266362880068.0,2590.58,1245.47,16.489,18.0,0.0,True,Defensa Náutica 5036,Defensa cilíndrica em PVC,10,10,67890393,PC,True,Iluminação,iluminacao,1.0,True,MaxSea,JP,True
89,46,LHN-604641,2792563312369.0,767.13,511.42,24.296,18.0,10.0,True,Defensa Náutica 5036,Defensa cilíndrica em PVC,10,10,67890393,PC,True,Iluminação,iluminacao,1.0,True,MaxSea,JP,True
90,47,LHN-964745,1003071918723.0,2102.11,1545.67,7.891,18.0,0.0,True,Motor de Popa 5561,Motor de popa 4 tempos para embarcações de lazer,10,7,29031648,UN,True,Âncoras,ncoras,1.0,True,MaxSea,JP,True
91,47,LHN-693667,,3732.21,1768.82,30.401,17.0,5.0,True,Motor de Popa 5561,Motor de popa 4 tempos para embarcações de lazer,10,7,29031648,UN,True,Âncoras,ncoras,1.0,True,MaxSea,JP,True
92,48,LHN-848751,,2084.19,1021.66,20.451,17.0,10.0,True,Bússola de Bordo 6684,Bússola magnética líquida com iluminação,8,4,25861491,UN,True,Motores,motores,3.0,True,Simrad,,True
93,49,LHN-380607,7176586368650.0,1972.36,1133.54,5.943,12.0,5.0,True,Bússola de Bordo 5407,Bússola magnética líquida com iluminação,3,11,95280616,UN,True,Pintura Marítima,pintura-maritima,1.0,True,Suzuki Marine,DE,True
94,49,LHN-100755,1553382975798.0,2291.44,1414.47,23.612,18.0,10.0,True,Bússola de Bordo 5407,Bússola magnética líquida com iluminação,3,11,95280616,UN,True,Pintura Marítima,pintura-maritima,1.0,True,Suzuki Marine,DE,True
95,49,LHN-528566,4789059804505.0,2928.7,1583.08,26.644,12.0,0.0,True,Bússola de Bordo 5407,Bússola magnética líquida com iluminação,3,11,95280616,UN,True,Pintura Marítima,pintura-maritima,1.0,True,Suzuki Marine,DE,True
96,50,LHN-609159,8935844921827.0,1553.87,898.19,12.68,12.0,10.0,True,Vela Mestra 1577,Vela mestra em dacron para veleiros 32 pés,1,13,93898745,UN,True,SEGURANÇA,seguranca,2.0,True,Yamaha Marine,,True
97,50,LHN-016397,1956394850501.0,3055.12,1407.89,43.058,12.0,5.0,True,Vela Mestra 1577,Vela mestra em dacron para veleiros 32 pés,1,13,93898745,UN,True,SEGURANÇA,seguranca,2.0,True,Yamaha Marine,,True
98,51,LHN-824534,7828882505689.0,2546.18,1664.17,49.357,17.0,10.0,True,Defensa Náutica 9969,Defensa cilíndrica em PVC,11,8,10618495,PC,True,Hélices,helices,1.0,True,BR Náutica,IT,True
99,52,LHN-296374,5393099120243.0,1078.27,764.73,31.636,18.0,5.0,True,Bateria Náutica 8532,Bateria estacionária 105Ah náutica,6,11,86377937,UN,True,Pintura Marítima,pintura-maritima,1.0,True,Raymarine,,True
100,53,LHN-084998,8997014725765.0,3529.0,1838.02,38.291,12.0,10.0,True,Sonar Transducer 6909,Transdutor de sonar para profundidade,11,8,50781923,UN,True,Hélices,helices,1.0,True,BR Náutica,IT,True
101,53,LHN-261552,2763816728060.0,2412.74,1619.29,4.916,18.0,0.0,True,Sonar Transducer 6909,Transdutor de sonar para profundidade,11,8,50781923,UN,True,Hélices,helices,1.0,True,BR Náutica,IT,True
102,53,LHN-821834,,380.46,233.41,2.612,12.0,10.0,True,Sonar Transducer 6909,Transdutor de sonar para profundidade,11,8,50781923,UN,True,Hélices,helices,1.0,True,BR Náutica,IT,True
103,54,LHN-734418,2855778973623.0,642.52,486.76,47.769,17.0,10.0,False,Colete Salva-Vidas 6302,Colete homologado classe III,2,2,19008486,UN,True,Cabos,cabos,,True,Mercury Marine,BR,True
104,55,LHN-947731,2921646419620.0,821.14,536.69,34.35,18.0,0.0,True,GPS Plotter 6249,GPS chartplotter com cartografia,6,7,29094966,UN,True,Âncoras,ncoras,1.0,True,Raymarine,,True
105,55,LHN-777708,2170117498903.0,2368.1,1178.16,41.79,18.0,10.0,True,GPS Plotter 6249,GPS chartplotter com cartografia,6,7,29094966,UN,True,Âncoras,ncoras,1.0,True,Raymarine,,True
106,55,LHN-297432,,1185.5,654.97,9.068,18.0,10.0,True,GPS Plotter 6249,GPS chartplotter com cartografia,6,7,29094966,UN,True,Âncoras,ncoras,1.0,True,Raymarine,,True
107,56,LHN-566787,5541403435181.0,2351.02,1433.55,22.152,12.0,0.0,True,Sonar Transducer 4571,Transdutor de sonar para profundidade,4,7,16386633,UN,True,Âncoras,ncoras,1.0,True,Honda Marine,,True
108,57,LHN-470138,,1501.07,829.32,45.951,18.0,5.0,True,Vela Mestra 6445,Vela mestra em dacron para veleiros 32 pés,11,1,68104273,UN,True,Equipamentos,equipamentos,,True,BR Náutica,IT,True
109,57,LHN-231402,1272642084185.0,824.56,425.03,16.547,12.0,0.0,True,Vela Mestra 6445,Vela mestra em dacron para veleiros 32 pés,11,1,68104273,UN,True,Equipamentos,equipamentos,,True,BR Náutica,IT,True
110,57,LHN-970128,,2749.57,1278.87,12.044,12.0,10.0,True,Vela Mestra 6445,Vela mestra em dacron para veleiros 32 pés,11,1,68104273,UN,True,Equipamentos,equipamentos,,True,BR Náutica,IT,True
111,58,LHN-668014,9878352274216.0,917.1,599.41,6.563,18.0,0.0,True,Sonar Transducer 3832,Transdutor de sonar para profundidade,9,1,20312754,UN,True,Equipamentos,equipamentos,,True,Volvo Penta,JP,True
112,58,LHN-872810,7554229265397.0,549.47,284.7,47.329,17.0,10.0,True,Sonar Transducer 3832,Transdutor de sonar para profundidade,9,1,20312754,UN,True,Equipamentos,equipamentos,,True,Volvo Penta,JP,True
113,59,LHN-173568,8880631145309.0,53.89,25.91,15.253,12.0,0.0,True,Bateria Náutica 8789,Bateria estacionária 105Ah náutica,11,3,91840820,UN,True,Coletes Salva-Vidas,coletes-salva-vidas,,True,BR Náutica,IT,True
114,59,LHN-761586,3490729448080.0,643.62,326.71,15.485,12.0,0.0,True,Bateria Náutica 8789,Bateria estacionária 105Ah náutica,11,3,91840820,UN,True,Coletes Salva-Vidas,coletes-salva-vidas,,True,BR Náutica,IT,True
115,59,LHN-027288,6763621412433.0,2459.21,1373.86,11.5,12.0,10.0,True,Bateria Náutica 8789,Bateria estacionária 105Ah náutica,11,3,91840820,UN,True,Coletes Salva-Vidas,coletes-salva-vidas,,True,BR Náutica,IT,True
116,60,LHN-475654,3516503113552.0,2748.9,1462.18,48.707,12.0,5.0,True,Vela Mestra 2410,Vela mestra em dacron para veleiros 32 pés,6,12,23510590,UN,True,Manutenção,manutencao,1.0,True,Raymarine,,True
117,61,LHN-144442,3427770987725.0,1262.96,625.23,21.238,17.0,0.0,True,Tinta Antifouling 693,Tinta antiincrustante 3.6L para casco,8,2,92156269,L,True,Cabos,cabos,,True,Simrad,,True
118,62,LHN-046155,7565750630585.0,885.32,427.69,2.266,12.0,0.0,True,Defensa Náutica 3549,Defensa cilíndrica em PVC,12,1,14655251,PC,True,Equipamentos,equipamentos,,True,Marisul,BR,True
119,62,LHN-480793,256578319116.0,1569.62,765.67,21.305,17.0,0.0,True,Defensa Náutica 3549,Defensa cilíndrica em PVC,12,1,14655251,PC,True,Equipamentos,equipamentos,,True,Marisul,BR,True
120,62,LHN-592076,4954494942109.0,1677.29,864.58,10.082,18.0,5.0,True,Defensa Náutica 3549,Defensa cilíndrica em PVC,12,1,14655251,PC,True,Equipamentos,equipamentos,,True,Marisul,BR,True
121,63,LHN-012465,1618877129374.0,2225.11,1578.09,45.189,12.0,10.0,True,Colete Salva-Vidas 4753,Colete homologado classe III,1,11,90000712,UN,True,Pintura Marítima,pintura-maritima,1.0,True,Yamaha Marine,,True
122,63,LHN-958088,4975128224132.0,887.99,460.1,4.536,18.0,5.0,True,Colete Salva-Vidas 4753,Colete homologado classe III,1,11,90000712,UN,True,Pintura Marítima,pintura-maritima,1.0,True,Yamaha Marine,,True
123,63,LHN-453992,5425790435019.0,2205.88,1260.5,9.488,17.0,10.0,True,Colete Salva-Vidas 4753,Colete homologado classe III,1,11,90000712,UN,True,Pintura Marítima,pintura-maritima,1.0,True,Yamaha Marine,,True
124,64,LHN-268605,,946.24,630.83,30.699,17.0,10.0,True,Tinta Antifouling 9693,,6,1,53138513,L,True,Equipamentos,equipamentos,,True,Raymarine,,True
125,64,LHN-183735,,3665.32,1851.17,35.76,17.0,5.0,True,Tinta Antifouling 9693,,6,1,53138513,L,True,Equipamentos,equipamentos,,True,Raymarine,,True
126,65,LHN-668518,7345301083783.0,1045.61,607.91,48.519,17.0,5.0,True,Colete Salva-Vidas 1933,Colete homologado classe III,12,6,16278731,UN,True,Velas,velas,3.0,True,Marisul,BR,True
127,65,LHN-188119,7907557441542.0,1524.52,696.13,13.56,17.0,0.0,True,Colete Salva-Vidas 1933,Colete homologado classe III,12,6,16278731,UN,True,Velas,velas,3.0,True,Marisul,BR,True
128,66,LHN-688074,1950825143682.0,1625.59,869.3,34.183,12.0,0.0,True,TBD,GPS chartplotter com cartografia,2,9,48573072,UN,True,Acessórios de Convés,acessorios-de-conves,2.0,True,Mercury Marine,BR,True
129,66,LHN-077096,,2433.05,1366.88,23.078,18.0,5.0,True,TBD,GPS chartplotter com cartografia,2,9,48573072,UN,True,Acessórios de Convés,acessorios-de-conves,2.0,True,Mercury Marine,BR,True
130,67,LHN-427420,4789562548248.0,669.6,410.8,33.866,12.0,5.0,True,Sonar Transducer 3474,Transdutor de sonar para profundidade,9,12,15583969,UN,True,Manutenção,manutencao,1.0,True,Volvo Penta,JP,True
131,67,LHN-424093,2396265255568.0,874.41,624.58,48.001,17.0,10.0,True,Sonar Transducer 3474,Transdutor de sonar para profundidade,9,12,15583969,UN,True,Manutenção,manutencao,1.0,True,Volvo Penta,JP,True
132,67,LHN-591244,4458705101328.0,1089.12,745.97,14.352,17.0,10.0,True,Sonar Transducer 3474,Transdutor de sonar para profundidade,9,12,15583969,UN,True,Manutenção,manutencao,1.0,True,Volvo Penta,JP,True
133,68,LHN-340543,6054302695147.0,1475.54,696.01,8.052,18.0,5.0,True,Âncora Bruce 2455,Âncora de garra tipo Bruce em aço galvanizado,1,14,56961646,UN,True,Pesca,pesca,1.0,True,Yamaha Marine,,True
134,68,LHN-989335,1752092170220.0,993.85,552.14,6.551,18.0,5.0,True,Âncora Bruce 2455,Âncora de garra tipo Bruce em aço galvanizado,1,14,56961646,UN,True,Pesca,pesca,1.0,True,Yamaha Marine,,True
135,68,LHN-087764,8165766249147.0,1253.86,656.47,37.708,17.0,0.0,True,Âncora Bruce 2455,Âncora de garra tipo Bruce em aço galvanizado,1,14,56961646,UN,True,Pesca,pesca,1.0,True,Yamaha Marine,,True
136,69,LHN-299709,,1276.93,686.52,17.187,12.0,10.0,True,Motor de Popa 2195,Motor de popa 4 tempos para embarcações de lazer,3,4,28195485,UN,True,Motores,motores,3.0,True,Suzuki Marine,DE,True
137,70,LHN-225328,3277389566183.0,1038.34,726.11,42.171,18.0,0.0,True,Motor de Popa 1845,Motor de popa 4 tempos para embarcações de lazer,3,1,17494612,UN,True,Equipamentos,equipamentos,,True,Suzuki Marine,DE,True
138,70,LHN-816660,2869275959790.0,2710.1,1472.88,10.183,18.0,10.0,True,Motor de Popa 1845,Motor de popa 4 tempos para embarcações de lazer,3,1,17494612,UN,True,Equipamentos,equipamentos,,True,Suzuki Marine,DE,True
139,70,LHN-105599,7269373577035.0,3391.47,1721.56,28.887,17.0,5.0,True,Motor de Popa 1845,Motor de popa 4 tempos para embarcações de lazer,3,1,17494612,UN,True,Equipamentos,equipamentos,,True,Suzuki Marine,DE,True
140,71,LHN-483007,171737004842.0,658.74,414.3,29.435,17.0,5.0,True,Hélice de Alumínio 4633,Hélice 3 pás para motor de popa,12,14,42894142,UN,True,Pesca,pesca,1.0,True,Marisul,BR,True
141,71,LHN-873513,3663811618313.0,2126.12,1610.7,25.024,18.0,5.0,True,Hélice de Alumínio 4633,Hélice 3 pás para motor de popa,12,14,42894142,UN,True,Pesca,pesca,1.0,True,Marisul,BR,True
142,71,LHN-969942,5380963092515.0,2993.23,1534.99,8.906,17.0,5.0,True,Hélice de Alumínio 4633,Hélice 3 pás para motor de popa,12,14,42894142,UN,True,Pesca,pesca,1.0,True,Marisul,BR,True
143,72,LHN-163377,,742.58,542.03,43.997,18.0,0.0,True,Motor de Popa 9771,Motor de popa 4 tempos para embarcações de lazer,1,5,51293276,UN,True,Eletrônica Náutica,eletronica-nautica,2.0,True,Yamaha Marine,,True
144,73,LHN-822020,1794793249928.0,3426.88,1969.47,41.191,17.0,0.0,True,Hélice de Alumínio 3700,Hélice 3 pás para motor de popa,2,9,73651611,UN,True,Acessórios de Convés,acessorios-de-conves,2.0,True,Mercury Marine,BR,True
145,73,LHN-279958,9201877846307.0,2690.81,1454.49,17.922,17.0,10.0,True,Hélice de Alumínio 3700,Hélice 3 pás para motor de popa,2,9,73651611,UN,True,Acessórios de Convés,acessorios-de-conves,2.0,True,Mercury Marine,BR,True
146,73,LHN-923338,9115428218935.0,2100.65,954.84,9.898,12.0,5.0,True,Hélice de Alumínio 3700,Hélice 3 pás para motor de popa,2,9,73651611,UN,True,Acessórios de Convés,acessorios-de-conves,2.0,True,Mercury Marine,BR,True
147,74,LHN-677223,8001227697099.0,3400.77,1899.87,41.792,17.0,5.0,True,Bússola de Bordo 702,Bússola magnética líquida com iluminação,12,8,18607512,UN,True,Hélices,helices,1.0,True,Marisul,BR,True
148,74,LHN-795790,3257482825424.0,1235.13,620.67,39.943,17.0,10.0,True,Bússola de Bordo 702,Bússola magnética líquida com iluminação,12,8,18607512,UN,True,Hélices,helices,1.0,True,Marisul,BR,True
149,75,LHN-947646,,406.56,290.4,30.846,17.0,10.0,True,Vela Mestra 1913,Vela mestra em dacron para veleiros 32 pés,12,1,57272581,UN,True,Equipamentos,equipamentos,,True,Marisul,BR,True
150,75,LHN-479510,,2606.32,1989.56,47.619,18.0,10.0,True,Vela Mestra 1913,Vela mestra em dacron para veleiros 32 pés,12,1,57272581,UN,True,Equipamentos,equipamentos,,True,Marisul,BR,True
151,75,LHN-210217,,1696.35,897.54,33.505,17.0,0.0,True,Vela Mestra 1913,Vela mestra em dacron para veleiros 32 pés,12,1,57272581,UN,True,Equipamentos,equipamentos,,True,Marisul,BR,True
152,76,LHN-432229,,1625.27,967.42,15.471,17.0,0.0,True,Sonar Transducer 9995,Transdutor de sonar para profundidade,1,4,77559964,UN,True,Motores,motores,3.0,True,Yamaha Marine,,True
153,76,LHN-868053,9939404978206.0,233.91,154.91,1.27,18.0,0.0,True,Sonar Transducer 9995,Transdutor de sonar para profundidade,1,4,77559964,UN,True,Motores,motores,3.0,True,Yamaha Marine,,True
154,76,LHN-078133,7251280517341.0,2700.16,1467.48,44.371,18.0,5.0,True,Sonar Transducer 9995,Transdutor de sonar para profundidade,1,4,77559964,UN,True,Motores,motores,3.0,True,Yamaha Marine,,True
155,77,LHN-039200,6931779519117.0,52.57,29.37,0.526,17.0,0.0,True,Bateria Náutica 1945,Bateria estacionária 105Ah náutica,7,5,50274772,UN,True,Eletrônica Náutica,eletronica-nautica,2.0,True,Lowrance,IT,True
156,77,LHN-791661,62818881974.0,3004.2,1950.78,45.032,18.0,0.0,True,Bateria Náutica 1945,Bateria estacionária 105Ah náutica,7,5,50274772,UN,True,Eletrônica Náutica,eletronica-nautica,2.0,True,Lowrance,IT,True
157,77,LHN-174868,6322275636215.0,2382.63,1228.16,49.094,18.0,0.0,True,Bateria Náutica 1945,Bateria estacionária 105Ah náutica,7,5,50274772,UN,True,Eletrônica Náutica,eletronica-nautica,2.0,True,Lowrance,IT,True
158,78,LHN-259969,8117913657145.0,2219.71,1283.07,44.811,17.0,10.0,True,Colete Salva-Vidas 8571,Colete homologado classe III,3,10,43150129,UN,False,Iluminação,iluminacao,1.0,True,Suzuki Marine,DE,True
159,78,LHN-999204,4162845733492.0,1425.15,1096.27,17.393,12.0,10.0,False,Colete Salva-Vidas 8571,Colete homologado classe III,3,10,43150129,UN,False,Iluminação,iluminacao,1.0,True,Suzuki Marine,DE,True
160,78,LHN-320718,1580805182266.0,843.86,562.57,47.128,17.0,0.0,True,Colete Salva-Vidas 8571,Colete homologado classe III,3,10,43150129,UN,False,Iluminação,iluminacao,1.0,True,Suzuki Marine,DE,True
161,79,LHN-205267,8291933843228.0,594.44,404.38,28.727,17.0,0.0,True,Sonar Transducer 5255,Transdutor de sonar para profundidade,11,2,58025885,UN,True,Cabos,cabos,,True,BR Náutica,IT,True
162,80,LHN-017653,6643150552476.0,1137.61,697.92,5.371,12.0,10.0,True,Hélice de Alumínio 6964,Hélice 3 pás para motor de popa,9,7,77080035,UN,True,Âncoras,ncoras,1.0,True,Volvo Penta,JP,True
163,80,LHN-621903,722059214572.0,1827.76,993.35,28.118,12.0,5.0,True,Hélice de Alumínio 6964,Hélice 3 pás para motor de popa,9,7,77080035,UN,True,Âncoras,ncoras,1.0,True,Volvo Penta,JP,True
164,80,LHN-809705,4439197489996.0,1761.91,843.02,13.706,12.0,10.0,True,Hélice de Alumínio 6964,Hélice 3 pás para motor de popa,9,7,77080035,UN,True,Âncoras,ncoras,1.0,True,Volvo Penta,JP,True
165,81,LHN-825451,8099682000264.0,529.88,321.14,45.232,17.0,10.0,True,Motor de Popa 7678,Motor de popa 4 tempos para embarcações de lazer,4,5,52049999,UN,True,Eletrônica Náutica,eletronica-nautica,2.0,True,Honda Marine,,True
166,81,LHN-703072,9295927337839.0,3069.18,1942.52,12.975,17.0,10.0,True,Motor de Popa 7678,Motor de popa 4 tempos para embarcações de lazer,4,5,52049999,UN,True,Eletrônica Náutica,eletronica-nautica,2.0,True,Honda Marine,,True
167,81,LHN-037844,7254863025011.0,414.66,260.79,3.659,18.0,0.0,True,Motor de Popa 7678,Motor de popa 4 tempos para embarcações de lazer,4,5,52049999,UN,True,Eletrônica Náutica,eletronica-nautica,2.0,True,Honda Marine,,True
168,82,LHN-110984,316224939942.0,1528.74,967.56,45.328,18.0,0.0,False,Bússola de Bordo 3993,Bússola magnética líquida com iluminação,6,11,40046509,UN,True,Pintura Marítima,pintura-maritima,1.0,True,Raymarine,,True
169,82,LHN-856587,6272434697222.0,2148.39,1386.06,16.786,18.0,0.0,True,Bússola de Bordo 3993,Bússola magnética líquida com iluminação,6,11,40046509,UN,True,Pintura Marítima,pintura-maritima,1.0,True,Raymarine,,True
170,83,LHN-273985,3224028845604.0,101.75,78.27,18.489,17.0,0.0,True,Bússola de Bordo 7257,Bússola magnética líquida com iluminação,6,10,60855553,UN,True,Iluminação,iluminacao,1.0,True,Raymarine,,True
171,83,LHN-322940,8373883672490.0,1866.08,1304.95,9.923,17.0,0.0,True,Bússola de Bordo 7257,Bússola magnética líquida com iluminação,6,10,60855553,UN,True,Iluminação,iluminacao,1.0,True,Raymarine,,True
172,84,LHN-968433,9096071403124.0,439.93,257.27,40.026,12.0,10.0,True,Defensa Náutica 656,Defensa cilíndrica em PVC,7,14,85610479,PC,True,Pesca,pesca,1.0,True,Lowrance,IT,True
173,84,LHN-034318,954828018979.0,1352.38,634.92,24.79,12.0,5.0,True,Defensa Náutica 656,Defensa cilíndrica em PVC,7,14,85610479,PC,True,Pesca,pesca,1.0,True,Lowrance,IT,True
174,85,LHN-824993,5889848767796.0,3040.55,1778.1,48.831,17.0,10.0,True,Hélice de Alumínio 6549,Hélice 3 pás para motor de popa,2,14,72722927,UN,True,Pesca,pesca,1.0,True,Mercury Marine,BR,True
175,86,LHN-485526,5974734773804.0,916.04,558.56,1.369,12.0,5.0,True,GPS Plotter 4446,GPS chartplotter com cartografia,10,3,53622414,UN,True,Coletes Salva-Vidas,coletes-salva-vidas,,True,MaxSea,JP,True
176,86,LHN-565796,5646614998545.0,2084.13,1521.26,3.297,12.0,5.0,True,GPS Plotter 4446,GPS chartplotter com cartografia,10,3,53622414,UN,True,Coletes Salva-Vidas,coletes-salva-vidas,,True,MaxSea,JP,True
177,86,LHN-057708,4518030940419.0,959.76,666.5,13.813,12.0,0.0,True,GPS Plotter 4446,GPS chartplotter com cartografia,10,3,53622414,UN,True,Coletes Salva-Vidas,coletes-salva-vidas,,True,MaxSea,JP,True
178,87,LHN-781024,7602632101686.0,2799.66,1385.97,42.916,17.0,5.0,True,Vela Mestra 9995,Vela mestra em dacron para veleiros 32 pés,5,8,10803352,UN,True,Hélices,helices,1.0,True,Garmin,,True
179,87,LHN-399102,8659447739084.0,1325.84,622.46,34.063,18.0,10.0,True,Vela Mestra 9995,Vela mestra em dacron para veleiros 32 pés,5,8,10803352,UN,True,Hélices,helices,1.0,True,Garmin,,True
180,88,LHN-725276,,2601.68,1461.62,38.136,12.0,0.0,True,Tinta Antifouling 6853,Tinta antiincrustante 3.6L para casco,3,8,49726301,L,True,Hélices,helices,1.0,True,Suzuki Marine,DE,True
181,88,LHN-998857,,1476.72,777.22,25.281,17.0,5.0,True,Tinta Antifouling 6853,Tinta antiincrustante 3.6L para casco,3,8,49726301,L,True,Hélices,helices,1.0,True,Suzuki Marine,DE,True
182,88,LHN-530028,4948270634173.0,1586.92,1102.03,20.935,17.0,10.0,True,Tinta Antifouling 6853,Tinta antiincrustante 3.6L para casco,3,8,49726301,L,True,Hélices,helices,1.0,True,Suzuki Marine,DE,True
183,89,LHN-232031,5707961654598.0,818.75,433.2,7.965,12.0,0.0,True,Âncora Bruce 2687,Âncora de garra tipo Bruce em aço galvanizado,5,10,93414869,UN,True,Iluminação,iluminacao,1.0,True,Garmin,,True
184,90,LHN-438749,4412173327727.0,269.5,158.53,32.832,17.0,0.0,True,Âncora Bruce 9445,Âncora de garra tipo Bruce em aço galvanizado,11,1,61682920,UN,True,Equipamentos,equipamentos,,True,BR Náutica,IT,True
185,90,LHN-799932,1777764640955.0,686.55,371.11,7.595,18.0,10.0,True,Âncora Bruce 9445,Âncora de garra tipo Bruce em aço galvanizado,11,1,61682920,UN,True,Equipamentos,equipamentos,,True,BR Náutica,IT,True
186,91,LHN-141733,2241521153006.0,1771.29,1000.73,7.372,17.0,5.0,True,Hélice de Alumínio 8603,Hélice 3 pás para motor de popa,4,3,81353036,UN,True,Coletes Salva-Vidas,coletes-salva-vidas,,True,Honda Marine,,True
187,91,LHN-409534,1310291490213.0,3257.01,1732.45,17.004,17.0,10.0,True,Hélice de Alumínio 8603,Hélice 3 pás para motor de popa,4,3,81353036,UN,True,Coletes Salva-Vidas,coletes-salva-vidas,,True,Honda Marine,,True
188,92,LHN-424293,2021243183037.0,360.16,166.74,4.219,17.0,5.0,True,Sonar Transducer 1236,Transdutor de sonar para profundidade,12,6,73785003,UN,True,Velas,velas,3.0,True,Marisul,BR,True
189,92,LHN-838174,4385621818026.0,2344.97,1274.44,43.979,17.0,0.0,True,Sonar Transducer 1236,Transdutor de sonar para profundidade,12,6,73785003,UN,True,Velas,velas,3.0,True,Marisul,BR,True
190,92,LHN-999365,,256.91,121.76,19.468,18.0,5.0,True,Sonar Transducer 1236,Transdutor de sonar para profundidade,12,6,73785003,UN,True,Velas,velas,3.0,True,Marisul,BR,True
191,93,LHN-468939,441666390720.0,518.09,325.84,21.413,12.0,10.0,True,Bússola de Bordo 2692,Bússola magnética líquida com iluminação,11,6,57508865,UN,True,Velas,velas,3.0,True,BR Náutica,IT,True
192,93,LHN-061444,,3134.4,1996.43,32.378,18.0,10.0,True,Bússola de Bordo 2692,Bússola magnética líquida com iluminação,11,6,57508865,UN,True,Velas,velas,3.0,True,BR Náutica,IT,True
193,94,LHN-810046,9255673930494.0,2705.58,1946.46,41.338,18.0,5.0,False,Tinta Antifouling 569,Tinta antiincrustante 3.6L para casco,2,12,26404077,L,True,Manutenção,manutencao,1.0,True,Mercury Marine,BR,True
194,95,LHN-837338,2718384294479.0,3073.64,1592.56,12.854,17.0,0.0,True,Vela Mestra 6861,Vela mestra em dacron para veleiros 32 pés,9,11,21360133,UN,True,Pintura Marítima,pintura-maritima,1.0,True,Volvo Penta,JP,True
195,95,LHN-759108,6465448454992.0,2718.89,1408.75,38.894,18.0,5.0,True,Vela Mestra 6861,Vela mestra em dacron para veleiros 32 pés,9,11,21360133,UN,True,Pintura Marítima,pintura-maritima,1.0,True,Volvo Penta,JP,True
196,96,LHN-764566,9484190705951.0,1078.66,749.07,11.17,18.0,0.0,True,GPS Plotter 5928,GPS chartplotter com cartografia,1,8,30846746,UN,True,Hélices,helices,1.0,True,Yamaha Marine,,True
197,96,LHN-566530,3482252263919.0,431.48,211.51,37.962,12.0,0.0,True,GPS Plotter 5928,GPS chartplotter com cartografia,1,8,30846746,UN,True,Hélices,helices,1.0,True,Yamaha Marine,,True
198,96,LHN-344703,9162195171970.0,941.64,636.24,16.412,12.0,10.0,True,GPS Plotter 5928,GPS chartplotter com cartografia,1,8,30846746,UN,True,Hélices,helices,1.0,True,Yamaha Marine,,True
199,97,LHN-387219,171936002915.0,1845.98,1079.52,38.879,18.0,10.0,True,Motor de Popa 5396,Motor de popa 4 tempos para embarcações de lazer,2,12,70088431,UN,True,Manutenção,manutencao,1.0,True,Mercury Marine,BR,True
200,97,LHN-684173,,2300.3,1597.43,37.581,17.0,5.0,True,Motor de Popa 5396,Motor de popa 4 tempos para embarcações de lazer,2,12,70088431,UN,True,Manutenção,manutencao,1.0,True,Mercury Marine,BR,True
201,98,LHN-207207,2889644055724.0,240.37,178.05,21.07,17.0,10.0,True,Bússola de Bordo 2458,Bússola magnética líquida com iluminação,3,1,30665833,UN,True,Equipamentos,equipamentos,,True,Suzuki Marine,DE,True
202,98,LHN-994648,5075163084674.0,2178.87,1379.03,17.35,18.0,5.0,True,Bússola de Bordo 2458,Bússola magnética líquida com iluminação,3,1,30665833,UN,True,Equipamentos,equipamentos,,True,Suzuki Marine,DE,True
203,99,LHN-219083,2504162771603.0,1640.39,781.14,33.703,12.0,0.0,True,Âncora Bruce 2417,Âncora de garra tipo Bruce em aço galvanizado,1,5,44604461,UN,True,Eletrônica Náutica,eletronica-nautica,2.0,True,Yamaha Marine,,True
204,100,LHN-296616,,62.69,35.62,14.013,18.0,10.0,True,Defensa Náutica 2321,Defensa cilíndrica em PVC,2,7,23340899,PC,True,Âncoras,ncoras,1.0,True,Mercury Marine,BR,True
205,100,LHN-523996,4274280957491.0,2217.71,1468.68,47.414,17.0,0.0,True,Defensa Náutica 2321,Defensa cilíndrica em PVC,2,7,23340899,PC,True,Âncoras,ncoras,1.0,True,Mercury Marine,BR,True
206,101,LHN-550481,8561927946519.0,253.79,182.58,39.694,17.0,5.0,True,Defensa Náutica 3482,Defensa cilíndrica em PVC,5,6,61693992,PC,True,Velas,velas,3.0,True,Garmin,,True
207,101,LHN-249879,6471059426280.0,3733.72,1839.27,30.336,17.0,5.0,True,Defensa Náutica 3482,Defensa cilíndrica em PVC,5,6,61693992,PC,True,Velas,velas,3.0,True,Garmin,,True
208,102,LHN-410602,99637365682.0,711.87,497.81,1.227,17.0,0.0,True,Bateria Náutica 3506,Bateria estacionária 105Ah náutica,10,7,72606095,UN,True,Âncoras,ncoras,1.0,True,MaxSea,JP,True
209,103,LHN-485834,7113708720088.0,1476.81,749.65,22.872,18.0,5.0,True,GPS Plotter 3183,GPS chartplotter com cartografia,3,3,21965947,UN,True,Coletes Salva-Vidas,coletes-salva-vidas,,True,Suzuki Marine,DE,True
210,103,LHN-259372,1784567090900.0,2795.79,1644.58,48.425,12.0,10.0,True,GPS Plotter 3183,GPS chartplotter com cartografia,3,3,21965947,UN,True,Coletes Salva-Vidas,coletes-salva-vidas,,True,Suzuki Marine,DE,True
211,103,LHN-583542,380067038759.0,1981.38,1208.16,20.381,12.0,10.0,True,GPS Plotter 3183,GPS chartplotter com cartografia,3,3,21965947,UN,True,Coletes Salva-Vidas,coletes-salva-vidas,,True,Suzuki Marine,DE,True
212,104,LHN-012185,8285851950359.0,2138.38,1319.99,30.53,18.0,10.0,True,Bússola de Bordo 7303,Bússola magnética líquida com iluminação,7,10,39135186,UN,True,Iluminação,iluminacao,1.0,True,Lowrance,IT,True
213,105,LHN-417099,3750141175064.0,349.73,197.59,4.635,17.0,10.0,True,Defensa Náutica 1200,Defensa cilíndrica em PVC,4,9,55939931,PC,True,Acessórios de Convés,acessorios-de-conves,2.0,True,Honda Marine,,True
214,106,LHN-531344,9360837639875.0,713.36,445.85,11.218,12.0,5.0,True,Hélice de Alumínio 2016,Hélice 3 pás para motor de popa,10,6,82115196,UN,True,Velas,velas,3.0,True,MaxSea,JP,True
215,106,LHN-639347,3635609942191.0,1052.21,706.18,17.719,18.0,10.0,True,Hélice de Alumínio 2016,Hélice 3 pás para motor de popa,10,6,82115196,UN,True,Velas,velas,3.0,True,MaxSea,JP,True
216,107,LHN-721988,7680923943368.0,3139.0,1814.45,2.466,18.0,5.0,True,Tinta Antifouling 5097,Tinta antiincrustante 3.6L para casco,9,10,18368744,L,True,Iluminação,iluminacao,1.0,True,Volvo Penta,JP,True
217,108,LHN-235392,4655073727291.0,531.03,266.85,25.469,17.0,10.0,True,Âncora Bruce 326,Âncora de garra tipo Bruce em aço galvanizado,3,13,59628963,UN,True,SEGURANÇA,seguranca,2.0,True,Suzuki Marine,DE,True
218,108,LHN-640623,1225736078089.0,208.08,115.6,49.266,18.0,5.0,True,Âncora Bruce 326,Âncora de garra tipo Bruce em aço galvanizado,3,13,59628963,UN,True,SEGURANÇA,seguranca,2.0,True,Suzuki Marine,DE,True
219,108,LHN-990985,6809286180741.0,2189.02,1359.64,9.502,12.0,5.0,True,Âncora Bruce 326,Âncora de garra tipo Bruce em aço galvanizado,3,13,59628963,UN,True,SEGURANÇA,seguranca,2.0,True,Suzuki Marine,DE,True
220,109,LHN-338809,,1370.5,665.29,33.327,18.0,0.0,True,Âncora Bruce 8139,Âncora de garra tipo Bruce em aço galvanizado,11,5,20483595,UN,True,Eletrônica Náutica,eletronica-nautica,2.0,True,BR Náutica,IT,True
221,110,LHN-129715,5386715763443.0,1543.13,995.57,15.888,12.0,0.0,True,Hélice de Alumínio 1155,Hélice 3 pás para motor de popa,9,14,87556202,UN,True,Pesca,pesca,1.0,True,Volvo Penta,JP,True
222,110,LHN-828849,2340342651644.0,1843.68,1018.61,21.025,12.0,5.0,True,Hélice de Alumínio 1155,Hélice 3 pás para motor de popa,9,14,87556202,UN,True,Pesca,pesca,1.0,True,Volvo Penta,JP,True
223,110,LHN-800976,1882558574993.0,3033.43,1827.37,40.008,17.0,10.0,True,Hélice de Alumínio 1155,Hélice 3 pás para motor de popa,9,14,87556202,UN,True,Pesca,pesca,1.0,True,Volvo Penta,JP,True
224,111,LHN-462788,,3157.67,1636.1,19.04,17.0,10.0,True,Sonar Transducer 5950,Transdutor de sonar para profundidade,6,12,60141445,UN,True,Manutenção,manutencao,1.0,True,Raymarine,,True
225,111,LHN-196507,,1568.66,772.74,17.771,18.0,10.0,True,Sonar Transducer 5950,Transdutor de sonar para profundidade,6,12,60141445,UN,True,Manutenção,manutencao,1.0,True,Raymarine,,True
226,111,LHN-912435,5608263575249.0,1724.28,801.99,24.95,12.0,0.0,True,Sonar Transducer 5950,Transdutor de sonar para profundidade,6,12,60141445,UN,True,Manutenção,manutencao,1.0,True,Raymarine,,True
227,112,LHN-334183,6374103204493.0,3893.89,1927.67,25.781,12.0,5.0,True,Âncora Bruce 7692,Âncora de garra tipo Bruce em aço galvanizado,4,3,52782581,UN,True,Coletes Salva-Vidas,coletes-salva-vidas,,True,Honda Marine,,True
228,113,LHN-258023,4765491279194.0,1458.18,1026.89,6.368,18.0,5.0,True,Hélice de Alumínio 1281,Hélice 3 pás para motor de popa,7,11,75681256,UN,True,Pintura Marítima,pintura-maritima,1.0,True,Lowrance,IT,True
229,114,LHN-485571,2987987693327.0,3854.29,1826.68,32.953,12.0,0.0,True,Tinta Antifouling 3228,Tinta antiincrustante 3.6L para casco,3,4,32641501,L,True,Motores,motores,3.0,True,Suzuki Marine,DE,True
230,114,LHN-156424,3527464699528.0,1744.87,953.48,26.916,18.0,10.0,True,Tinta Antifouling 3228,Tinta antiincrustante 3.6L para casco,3,4,32641501,L,True,Motores,motores,3.0,True,Suzuki Marine,DE,True
231,114,LHN-753573,4812695665190.0,2803.89,1832.61,28.85,17.0,0.0,True,Tinta Antifouling 3228,Tinta antiincrustante 3.6L para casco,3,4,32641501,L,True,Motores,motores,3.0,True,Suzuki Marine,DE,True
232,115,LHN-949615,9576458852603.0,2403.32,1195.68,29.095,12.0,0.0,True,Bateria Náutica 8635,Bateria estacionária 105Ah náutica,6,11,67238862,UN,True,Pintura Marítima,pintura-maritima,1.0,True,Raymarine,,True
233,115,LHN-244263,,2415.4,1219.9,32.764,17.0,5.0,True,Bateria Náutica 8635,Bateria estacionária 105Ah náutica,6,11,67238862,UN,True,Pintura Marítima,pintura-maritima,1.0,True,Raymarine,,True
234,115,LHN-740101,8805671854615.0,1089.75,637.28,48.419,17.0,0.0,True,Bateria Náutica 8635,Bateria estacionária 105Ah náutica,6,11,67238862,UN,True,Pintura Marítima,pintura-maritima,1.0,True,Raymarine,,True
235,116,LHN-391937,9156606684807.0,947.52,430.69,5.172,12.0,5.0,True,Colete Salva-Vidas 280,Colete homologado classe III,9,8,17505125,UN,True,Hélices,helices,1.0,True,Volvo Penta,JP,True
236,116,LHN-360466,5126385134767.0,465.47,236.28,34.04,17.0,0.0,True,Colete Salva-Vidas 280,Colete homologado classe III,9,8,17505125,UN,True,Hélices,helices,1.0,True,Volvo Penta,JP,True
237,117,LHN-931901,630138776289.0,3281.12,1562.44,36.442,17.0,10.0,True,Sonar Transducer 869,Transdutor de sonar para profundidade,5,9,48835718,UN,True,Acessórios de Convés,acessorios-de-conves,2.0,True,Garmin,,True
238,117,LHN-207525,6822300666953.0,477.39,304.07,24.808,17.0,5.0,True,Sonar Transducer 869,Transdutor de sonar para profundidade,5,9,48835718,UN,True,Acessórios de Convés,acessorios-de-conves,2.0,True,Garmin,,True
239,118,LHN-959770,3067592164623.0,624.14,304.46,3.988,18.0,10.0,True,Vela Mestra 5825,Vela mestra em dacron para veleiros 32 pés,9,14,78963334,UN,True,Pesca,pesca,1.0,True,Volvo Penta,JP,True
240,118,LHN-133301,,1433.22,1009.31,10.902,17.0,5.0,True,Vela Mestra 5825,Vela mestra em dacron para veleiros 32 pés,9,14,78963334,UN,True,Pesca,pesca,1.0,True,Volvo Penta,JP,True
241,118,LHN-543582,2061500180454.0,1048.92,659.7,0.72,17.0,5.0,True,Vela Mestra 5825,Vela mestra em dacron para veleiros 32 pés,9,14,78963334,UN,True,Pesca,pesca,1.0,True,Volvo Penta,JP,True
242,119,LHN-599210,1739975386619.0,542.8,325.03,15.308,18.0,0.0,True,Motor de Popa 2911,Motor de popa 4 tempos para embarcações de lazer,12,7,37112742,UN,True,Âncoras,ncoras,1.0,True,Marisul,BR,True
243,120,LHN-524024,7299569696769.0,400.85,213.22,11.12,18.0,10.0,True,Motor de Popa 8681,Motor de popa 4 tempos para embarcações de lazer,5,2,72151121,UN,True,Cabos,cabos,,True,Garmin,,True
244,121,LHN-704201,7558827886657.0,3983.4,1971.98,43.667,17.0,5.0,False,GPS Plotter 1152,GPS chartplotter com cartografia,7,14,33353535,UN,True,Pesca,pesca,1.0,True,Lowrance,IT,True
245,121,LHN-508411,2445236907576.0,2325.8,1426.87,36.994,12.0,5.0,True,GPS Plotter 1152,GPS chartplotter com cartografia,7,14,33353535,UN,True,Pesca,pesca,1.0,True,Lowrance,IT,True
246,122,LHN-220102,6621071553543.0,2844.98,1521.38,2.433,17.0,0.0,True,Vela Mestra 7742,Vela mestra em dacron para veleiros 32 pés,4,7,93581343,UN,True,Âncoras,ncoras,1.0,True,Honda Marine,,True
247,123,LHN-136796,9672126841303.0,3483.18,1893.03,30.853,17.0,10.0,True,Bateria Náutica 6577,Bateria estacionária 105Ah náutica,6,13,47054948,UN,True,SEGURANÇA,seguranca,2.0,True,Raymarine,,True
248,123,LHN-438034,7972369155963.0,1429.6,649.82,6.626,18.0,10.0,True,Bateria Náutica 6577,Bateria estacionária 105Ah náutica,6,13,47054948,UN,True,SEGURANÇA,seguranca,2.0,True,Raymarine,,True
249,124,LHN-392790,4556855419659.0,2147.93,1325.88,41.624,18.0,0.0,True,Âncora Bruce 9985,Âncora de garra tipo Bruce em aço galvanizado,11,4,22176821,UN,True,Motores,motores,3.0,True,BR Náutica,IT,True
250,124,LHN-644841,,347.44,246.41,36.944,17.0,0.0,True,Âncora Bruce 9985,Âncora de garra tipo Bruce em aço galvanizado,11,4,22176821,UN,True,Motores,motores,3.0,True,BR Náutica,IT,True
251,125,LHN-163314,,539.43,317.31,29.131,12.0,0.0,True,Âncora Bruce 9236,Âncora de garra tipo Bruce em aço galvanizado,8,14,93062294,UN,True,Pesca,pesca,1.0,True,Simrad,,True
252,125,LHN-399930,611528036176.0,1266.06,719.35,21.864,17.0,10.0,True,Âncora Bruce 9236,Âncora de garra tipo Bruce em aço galvanizado,8,14,93062294,UN,True,Pesca,pesca,1.0,True,Simrad,,True
253,126,LHN-237052,7804743460625.0,3083.67,1519.05,6.303,12.0,10.0,True,Hélice de Alumínio 9713,Hélice 3 pás para motor de popa,12,10,84517271,UN,True,Iluminação,iluminacao,1.0,True,Marisul,BR,True
254,126,LHN-818024,3812279400927.0,1278.83,659.19,10.66,17.0,5.0,True,Hélice de Alumínio 9713,Hélice 3 pás para motor de popa,12,10,84517271,UN,True,Iluminação,iluminacao,1.0,True,Marisul,BR,True
255,127,LHN-513044,128979094049.0,3662.67,1840.54,40.316,17.0,5.0,True,Defensa Náutica 6521,Defensa cilíndrica em PVC,8,10,30757790,PC,True,Iluminação,iluminacao,1.0,True,Simrad,,True
256,127,LHN-812832,,1360.44,1007.73,20.352,18.0,10.0,True,Defensa Náutica 6521,Defensa cilíndrica em PVC,8,10,30757790,PC,True,Iluminação,iluminacao,1.0,True,Simrad,,True
257,128,LHN-263950,8643397477202.0,69.33,41.27,41.884,18.0,10.0,True,Cabo Náutico 7174,Cabo de polipropileno trançado,6,8,39856733,M,True,Hélices,helices,1.0,True,Raymarine,,True
258,128,LHN-762559,9387401295336.0,2498.44,1747.16,19.572,18.0,10.0,True,Cabo Náutico 7174,Cabo de polipropileno trançado,6,8,39856733,M,True,Hélices,helices,1.0,True,Raymarine,,True
259,129,LHN-715346,9663624388056.0,356.8,233.2,48.7,17.0,5.0,True,Defensa Náutica 4517,Defensa cilíndrica em PVC,1,10,43783129,PC,True,Iluminação,iluminacao,1.0,True,Yamaha Marine,,True
260,129,LHN-967929,4768446085369.0,1489.6,961.03,35.376,17.0,10.0,True,Defensa Náutica 4517,Defensa cilíndrica em PVC,1,10,43783129,PC,True,Iluminação,iluminacao,1.0,True,Yamaha Marine,,True
261,130,LHN-744271,8062045188879.0,2489.83,1251.17,35.62,17.0,0.0,True,Tinta Antifouling 9285,Tinta antiincrustante 3.6L para casco,1,13,11241322,L,True,SEGURANÇA,seguranca,2.0,True,Yamaha Marine,,True
262,130,LHN-141757,387023463228.0,1403.13,783.87,25.648,12.0,5.0,True,Tinta Antifouling 9285,Tinta antiincrustante 3.6L para casco,1,13,11241322,L,True,SEGURANÇA,seguranca,2.0,True,Yamaha Marine,,True
263,130,LHN-788016,3768154499510.0,2974.82,1859.26,7.245,12.0,0.0,True,Tinta Antifouling 9285,Tinta antiincrustante 3.6L para casco,1,13,11241322,L,True,SEGURANÇA,seguranca,2.0,True,Yamaha Marine,,True
264,131,LHN-965938,,1981.04,925.72,14.807,17.0,0.0,True,Âncora Bruce 7031,Âncora de garra tipo Bruce em aço galvanizado,5,1,70800144,UN,True,Equipamentos,equipamentos,,True,Garmin,,True
265,131,LHN-510659,9388217110455.0,2832.12,1966.75,31.082,17.0,0.0,True,Âncora Bruce 7031,Âncora de garra tipo Bruce em aço galvanizado,5,1,70800144,UN,True,Equipamentos,equipamentos,,True,Garmin,,True
266,132,LHN-025829,3830861158209.0,3372.27,1863.13,13.534,17.0,10.0,True,Tinta Antifouling 7287,Tinta antiincrustante 3.6L para casco,6,11,24414511,L,True,Pintura Marítima,pintura-maritima,1.0,True,Raymarine,,True
267,133,LHN-932582,9218867106150.0,839.41,505.67,20.615,12.0,0.0,True,Âncora Bruce 7309,Âncora de garra tipo Bruce em aço galvanizado,10,12,19667984,UN,True,Manutenção,manutencao,1.0,True,MaxSea,JP,True
268,133,LHN-929459,,2402.23,1195.14,44.225,12.0,10.0,True,Âncora Bruce 7309,Âncora de garra tipo Bruce em aço galvanizado,10,12,19667984,UN,True,Manutenção,manutencao,1.0,True,MaxSea,JP,True
269,134,LHN-917689,1532853184891.0,1022.89,581.19,45.623,17.0,5.0,True,Cabo Náutico 5788,Cabo de polipropileno trançado,5,2,55373450,M,True,Cabos,cabos,,True,Garmin,,True
270,134,LHN-456796,4476188526308.0,103.6,58.53,28.267,17.0,0.0,True,Cabo Náutico 5788,Cabo de polipropileno trançado,5,2,55373450,M,True,Cabos,cabos,,True,Garmin,,True
271,135,LHN-898040,5669514144195.0,46.79,35.18,2.07,18.0,10.0,True,GPS Plotter 3319,GPS chartplotter com cartografia,6,2,51515748,UN,True,Cabos,cabos,,True,Raymarine,,True
272,135,LHN-124007,,2485.36,1524.76,23.774,17.0,5.0,True,GPS Plotter 3319,GPS chartplotter com cartografia,6,2,51515748,UN,True,Cabos,cabos,,True,Raymarine,,True
273,136,LHN-878599,8392571256682.0,865.53,460.39,42.861,17.0,5.0,True,Colete Salva-Vidas 9822,Colete homologado classe III,4,13,12145016,UN,True,SEGURANÇA,seguranca,2.0,True,Honda Marine,,True
274,137,LHN-626925,1129742732020.0,1636.39,1212.14,8.795,18.0,5.0,True,Motor de Popa 8544,Motor de popa 4 tempos para embarcações de lazer,11,10,91371416,UN,True,Iluminação,iluminacao,1.0,True,BR Náutica,IT,True
275,138,LHN-542787,1841392532880.0,2249.39,1159.48,31.349,18.0,10.0,True,Cabo Náutico 3217,Cabo de polipropileno trançado,8,2,87710436,M,True,Cabos,cabos,,True,Simrad,,True
276,138,LHN-714900,7602869068592.0,1828.85,900.91,32.269,18.0,5.0,True,Cabo Náutico 3217,Cabo de polipropileno trançado,8,2,87710436,M,True,Cabos,cabos,,True,Simrad,,True
277,139,LHN-765491,2428091819901.0,1540.95,1000.62,3.972,17.0,10.0,True,Sonar Transducer 7171,Transdutor de sonar para profundidade,10,5,41386041,UN,True,Eletrônica Náutica,eletronica-nautica,2.0,True,MaxSea,JP,True
278,140,LHN-093091,9354803972820.0,1751.22,1006.45,12.44,12.0,5.0,True,Bússola de Bordo 5528,Bússola magnética líquida com iluminação,11,7,88384276,UN,True,Âncoras,ncoras,1.0,True,BR Náutica,IT,True
279,140,LHN-368563,3438473249959.0,3511.63,1664.28,24.111,17.0,0.0,True,Bússola de Bordo 5528,Bússola magnética líquida com iluminação,11,7,88384276,UN,True,Âncoras,ncoras,1.0,True,BR Náutica,IT,True
280,141,LHN-556664,872880265424.0,2408.98,1771.31,14.357,12.0,10.0,True,Motor de Popa 5440,Motor de popa 4 tempos para embarcações de lazer,5,4,96711406,UN,False,Motores,motores,3.0,True,Garmin,,True
281,141,LHN-474181,167265868940.0,1354.34,1041.8,13.985,18.0,10.0,True,Motor de Popa 5440,Motor de popa 4 tempos para embarcações de lazer,5,4,96711406,UN,False,Motores,motores,3.0,True,Garmin,,True
282,141,LHN-801931,9759201342075.0,612.32,325.7,18.357,12.0,5.0,True,Motor de Popa 5440,Motor de popa 4 tempos para embarcações de lazer,5,4,96711406,UN,False,Motores,motores,3.0,True,Garmin,,True
283,142,LHN-270820,3287867859973.0,2111.43,1426.64,9.765,17.0,5.0,False,Cabo Náutico 3932,Cabo de polipropileno trançado,10,7,89277433,M,True,Âncoras,ncoras,1.0,True,MaxSea,JP,True
284,143,LHN-219421,699008905587.0,2079.95,1333.3,47.438,18.0,10.0,True,Tinta Antifouling 849,Tinta antiincrustante 3.6L para casco,9,2,11159458,L,True,Cabos,cabos,,True,Volvo Penta,JP,True
285,143,LHN-167095,6922396319679.0,380.09,281.55,0.108,12.0,5.0,True,Tinta Antifouling 849,Tinta antiincrustante 3.6L para casco,9,2,11159458,L,True,Cabos,cabos,,True,Volvo Penta,JP,True
286,143,LHN-563391,635727923099.0,2277.61,1150.31,43.244,17.0,0.0,True,Tinta Antifouling 849,Tinta antiincrustante 3.6L para casco,9,2,11159458,L,True,Cabos,cabos,,True,Volvo Penta,JP,True
287,144,LHN-160223,9671139723507.0,996.89,493.51,26.019,17.0,0.0,True,Vela Mestra 7171,Vela mestra em dacron para veleiros 32 pés,11,11,40194566,UN,True,Pintura Marítima,pintura-maritima,1.0,True,BR Náutica,IT,True
288,144,LHN-059232,9332866700086.0,45.56,21.39,24.734,12.0,5.0,True,Vela Mestra 7171,Vela mestra em dacron para veleiros 32 pés,11,11,40194566,UN,True,Pintura Marítima,pintura-maritima,1.0,True,BR Náutica,IT,True
289,144,LHN-262711,5371561357465.0,3243.15,1715.95,33.966,18.0,0.0,True,Vela Mestra 7171,Vela mestra em dacron para veleiros 32 pés,11,11,40194566,UN,True,Pintura Marítima,pintura-maritima,1.0,True,BR Náutica,IT,True
290,145,LHN-568743,2236269644398.0,1165.56,669.86,1.276,17.0,0.0,True,Sonar Transducer 1176,Transdutor de sonar para profundidade,4,8,39299173,UN,True,Hélices,helices,1.0,True,Honda Marine,,True
291,145,LHN-768668,6634881163253.0,2264.25,1167.14,0.515,18.0,10.0,True,Sonar Transducer 1176,Transdutor de sonar para profundidade,4,8,39299173,UN,True,Hélices,helices,1.0,True,Honda Marine,,True
292,146,LHN-331126,9760686010960.0,2409.31,1295.33,49.642,18.0,5.0,True,Cabo Náutico 7323,Cabo de polipropileno trançado,6,2,10813652,M,True,Cabos,cabos,,True,Raymarine,,True
293,146,LHN-019959,6702671959154.0,2398.41,1609.67,26.209,17.0,10.0,True,Cabo Náutico 7323,Cabo de polipropileno trançado,6,2,10813652,M,True,Cabos,cabos,,True,Raymarine,,True
294,147,LHN-945034,765830894778.0,3564.11,1837.17,3.785,18.0,0.0,True,Motor de Popa 1923,Motor de popa 4 tempos para embarcações de lazer,7,10,45121469,UN,True,Iluminação,iluminacao,1.0,True,Lowrance,IT,True
295,147,LHN-237655,9966430460443.0,2261.84,1235.98,27.624,12.0,5.0,True,Motor de Popa 1923,Motor de popa 4 tempos para embarcações de lazer,7,10,45121469,UN,True,Iluminação,iluminacao,1.0,True,Lowrance,IT,True
296,148,LHN-244067,8664837169235.0,811.16,395.69,6.755,17.0,5.0,True,Colete Salva-Vidas 8269,Colete homologado classe III,6,9,78082384,UN,True,Acessórios de Convés,acessorios-de-conves,2.0,True,Raymarine,,True
297,149,LHN-406123,8717132254097.0,635.92,421.14,48.893,18.0,5.0,True,Bateria Náutica 948,Bateria estacionária 105Ah náutica,7,3,32948149,UN,True,Coletes Salva-Vidas,coletes-salva-vidas,,True,Lowrance,IT,True
298,149,LHN-224382,7403984742554.0,1028.21,761.64,24.974,17.0,10.0,True,Bateria Náutica 948,Bateria estacionária 105Ah náutica,7,3,32948149,UN,True,Coletes Salva-Vidas,coletes-salva-vidas,,True,Lowrance,IT,True
299,150,LHN-537793,5602853739196.0,266.31,149.61,39.424,12.0,0.0,True,Defensa Náutica 2783,Defensa cilíndrica em PVC,10,13,76325224,PC,False,SEGURANÇA,seguranca,2.0,True,MaxSea,JP,True
300,150,LHN-917754,828582992960.0,764.21,534.41,26.779,12.0,0.0,True,Defensa Náutica 2783,Defensa cilíndrica em PVC,10,13,76325224,PC,False,SEGURANÇA,seguranca,2.0,True,MaxSea,JP,True
301,150,LHN-761774,110117715121.0,1854.12,1116.94,29.513,17.0,0.0,True,Defensa Náutica 2783,Defensa cilíndrica em PVC,10,13,76325224,PC,False,SEGURANÇA,seguranca,2.0,True,MaxSea,JP,True
302,151,LHN-390007,3325714543375.0,2557.48,1588.5,1.346,17.0,10.0,True,Hélice de Alumínio 7225,Hélice 3 pás para motor de popa,2,8,65552323,UN,True,Hélices,helices,1.0,True,Mercury Marine,BR,True
303,152,LHN-199903,2730414108006.0,2112.4,1295.95,36.314,12.0,10.0,True,Caboo Náutico 4942,Cabo de polipropileno trançado,7,4,28176555,M,True,Motores,motores,3.0,True,Lowrance,IT,True
304,152,LHN-360573,5705066309795.0,2646.56,1512.32,17.138,18.0,10.0,True,Caboo Náutico 4942,Cabo de polipropileno trançado,7,4,28176555,M,True,Motores,motores,3.0,True,Lowrance,IT,True
305,152,LHN-577354,,3102.51,1416.67,44.508,12.0,5.0,True,Caboo Náutico 4942,Cabo de polipropileno trançado,7,4,28176555,M,True,Motores,motores,3.0,True,Lowrance,IT,True
306,153,LHN-189707,1685649801196.0,501.46,293.25,12.381,17.0,10.0,True,Motor de Popa 9201,Motor de popa 4 tempos para embarcações de lazer,12,2,26334578,UN,True,Cabos,cabos,,True,Marisul,BR,True
307,153,LHN-383939,161519627406.0,984.7,453.78,22.996,12.0,5.0,True,Motor de Popa 9201,Motor de popa 4 tempos para embarcações de lazer,12,2,26334578,UN,True,Cabos,cabos,,True,Marisul,BR,True
308,153,LHN-018613,8442675119526.0,1905.32,1127.41,6.487,17.0,5.0,True,Motor de Popa 9201,Motor de popa 4 tempos para embarcações de lazer,12,2,26334578,UN,True,Cabos,cabos,,True,Marisul,BR,True
309,154,LHN-267610,9452194334064.0,2422.3,1523.46,27.604,18.0,5.0,True,Hélice de Alumínio 549,—,5,11,50637805,UN,True,Pintura Marítima,pintura-maritima,1.0,True,Garmin,,True
310,154,LHN-301594,3517587496166.0,3447.79,1681.85,44.823,18.0,5.0,True,Hélice de Alumínio 549,—,5,11,50637805,UN,True,Pintura Marítima,pintura-maritima,1.0,True,Garmin,,True
311,154,LHN-774541,2280419448121.0,3755.98,1956.24,23.629,17.0,10.0,True,Hélice de Alumínio 549,—,5,11,50637805,UN,True,Pintura Marítima,pintura-maritima,1.0,True,Garmin,,True
312,155,LHN-353962,4339800498592.0,1186.18,637.73,38.573,17.0,10.0,True,Bateria Náutica 5487,Bateria estacionária 105Ah náutica,12,2,51094549,UN,True,Cabos,cabos,,True,Marisul,BR,True
313,156,LHN-247083,7824582429423.0,2778.3,1560.84,28.598,12.0,10.0,True,GPS Plotter 2111,GPS chartplotter com cartografia,9,6,46389915,UN,True,Velas,velas,3.0,True,Volvo Penta,JP,True
314,156,LHN-575869,8371021240419.0,2967.96,1658.08,22.814,17.0,0.0,True,GPS Plotter 2111,GPS chartplotter com cartografia,9,6,46389915,UN,True,Velas,velas,3.0,True,Volvo Penta,JP,True
315,156,LHN-375360,7792177354019.0,3084.28,1742.53,28.232,18.0,0.0,True,GPS Plotter 2111,GPS chartplotter com cartografia,9,6,46389915,UN,True,Velas,velas,3.0,True,Volvo Penta,JP,True
316,157,LHN-477634,8434301463837.0,4083.48,1982.27,46.653,17.0,0.0,True,Bússola de Bordo 1248,Bússola magnética líquida com iluminação,3,1,77579048,UN,True,Equipamentos,equipamentos,,True,Suzuki Marine,DE,True
317,158,LHN-404411,9127092155775.0,253.19,188.95,17.727,17.0,5.0,True,Vela Mestra 8056,Vela mestra em dacron para veleiros 32 pés,7,10,71315786,UN,True,Iluminação,iluminacao,1.0,True,Lowrance,IT,True
318,158,LHN-513250,1100746234932.0,1067.79,667.37,7.543,18.0,5.0,True,Vela Mestra 8056,Vela mestra em dacron para veleiros 32 pés,7,10,71315786,UN,True,Iluminação,iluminacao,1.0,True,Lowrance,IT,True
319,158,LHN-302931,7871902750736.0,1890.29,871.1,20.436,18.0,5.0,True,Vela Mestra 8056,Vela mestra em dacron para veleiros 32 pés,7,10,71315786,UN,True,Iluminação,iluminacao,1.0,True,Lowrance,IT,True
320,159,LHN-601489,,2487.22,1256.17,26.352,17.0,0.0,True,GPS Plotter 2508,,1,5,46787181,UN,True,Eletrônica Náutica,eletronica-nautica,2.0,True,Yamaha Marine,,True
321,159,LHN-278353,6755913253206.0,1972.57,1494.37,17.749,17.0,10.0,True,GPS Plotter 2508,,1,5,46787181,UN,True,Eletrônica Náutica,eletronica-nautica,2.0,True,Yamaha Marine,,True
322,160,LHN-029125,8524275787746.0,3581.44,1884.97,41.913,17.0,5.0,True,Tinta Antifouling 901,Tinta antiincrustante 3.6L para casco,9,11,75198356,L,True,Pintura Marítima,pintura-maritima,1.0,True,Volvo Penta,JP,True
323,160,LHN-617276,3913751365564.0,2902.38,1687.43,31.223,18.0,10.0,True,Tinta Antifouling 901,Tinta antiincrustante 3.6L para casco,9,11,75198356,L,True,Pintura Marítima,pintura-maritima,1.0,True,Volvo Penta,JP,True
324,160,LHN-561045,2099959103359.0,550.01,284.98,23.448,17.0,10.0,True,Tinta Antifouling 901,Tinta antiincrustante 3.6L para casco,9,11,75198356,L,True,Pintura Marítima,pintura-maritima,1.0,True,Volvo Penta,JP,True
325,161,LHN-720146,9905095049587.0,311.98,149.99,45.221,17.0,10.0,True,Bússola de Bordo 5772,Lorem ipsum dolor sit amet.,2,8,79562172,UN,True,Hélices,helices,1.0,True,Mercury Marine,BR,True
326,161,LHN-320826,,2882.29,1322.15,21.805,17.0,0.0,True,Bússola de Bordo 5772,Lorem ipsum dolor sit amet.,2,8,79562172,UN,True,Hélices,helices,1.0,True,Mercury Marine,BR,True
327,161,LHN-801131,5906847741432.0,2109.45,1146.44,33.924,12.0,5.0,True,Bússola de Bordo 5772,Lorem ipsum dolor sit amet.,2,8,79562172,UN,True,Hélices,helices,1.0,True,Mercury Marine,BR,True
328,162,LHN-557467,7997913168787.0,2492.1,1557.56,33.814,18.0,10.0,True,Bateria Náutica 2654,Bateria estacionária 105Ah náutica,3,4,36899922,UN,True,Motores,motores,3.0,True,Suzuki Marine,DE,True
329,163,LHN-729636,2175541996797.0,2541.11,1358.88,4.914,12.0,5.0,True,Defensa Náutica 1277,Defensa cilíndrica em PVC,6,9,42987182,PC,True,Acessórios de Convés,acessorios-de-conves,2.0,True,Raymarine,,True
330,164,LHN-541810,9318720871093.0,1896.93,1193.04,34.495,12.0,5.0,True,Bateria Náutica 2738,Bateria estacionária 105Ah náutica,1,2,29901192,UN,True,Cabos,cabos,,True,Yamaha Marine,,True
331,164,LHN-905808,6739073100808.0,1832.14,954.24,5.878,18.0,0.0,True,Bateria Náutica 2738,Bateria estacionária 105Ah náutica,1,2,29901192,UN,True,Cabos,cabos,,True,Yamaha Marine,,True
332,165,LHN-759446,2743596002680.0,3680.63,1968.25,42.969,18.0,10.0,True,GPS Plotter 6840,GPS chartplotter com cartografia,10,12,29649690,UN,True,Manutenção,manutencao,1.0,True,MaxSea,JP,True
333,165,LHN-149847,3655149773215.0,1071.58,595.32,44.759,18.0,0.0,True,GPS Plotter 6840,GPS chartplotter com cartografia,10,12,29649690,UN,True,Manutenção,manutencao,1.0,True,MaxSea,JP,True
334,166,LHN-375294,1852500803846.0,1704.57,941.75,17.556,17.0,10.0,True,GPS Plotter 7150,GPS chartplotter com cartografia,5,5,93161278,UN,True,Eletrônica Náutica,eletronica-nautica,2.0,True,Garmin,,True
335,167,LHN-982583,5651616226527.0,1034.23,754.91,33.956,12.0,10.0,True,GPS Plotter 2659,GPS chartplotter com cartografia,5,5,21885920,UN,True,Eletrônica Náutica,eletronica-nautica,2.0,True,Garmin,,True
336,167,LHN-531503,7366355062005.0,3541.51,1935.25,0.125,17.0,5.0,True,GPS Plotter 2659,GPS chartplotter com cartografia,5,5,21885920,UN,True,Eletrônica Náutica,eletronica-nautica,2.0,True,Garmin,,True
337,167,LHN-913107,1830267010370.0,1135.35,533.03,39.296,17.0,5.0,True,GPS Plotter 2659,GPS chartplotter com cartografia,5,5,21885920,UN,True,Eletrônica Náutica,eletronica-nautica,2.0,True,Garmin,,True
338,168,LHN-368821,,311.37,184.24,9.273,17.0,10.0,True,Âncora Bruce 7525,,8,10,58857930,UN,True,Iluminação,iluminacao,1.0,True,Simrad,,True
339,168,LHN-537386,3836621428964.0,2476.76,1226.12,26.787,17.0,5.0,True,Âncora Bruce 7525,,8,10,58857930,UN,True,Iluminação,iluminacao,1.0,True,Simrad,,True
340,169,LHN-488524,4646566853047.0,1119.77,674.56,34.849,12.0,10.0,True,Hélice de Alumínio 1674,Hélice 3 pás para motor de popa,1,2,98669716,UN,True,Cabos,cabos,,True,Yamaha Marine,,True
341,170,LHN-042718,4541409567788.0,265.57,180.66,32.079,17.0,0.0,True,Bateria Náutica 834,Bateria estacionária 105Ah náutica,1,9,32283281,UN,True,Acessórios de Convés,acessorios-de-conves,2.0,True,Yamaha Marine,,True
342,170,LHN-201037,6490088301078.0,3063.56,1701.98,45.394,12.0,10.0,True,Bateria Náutica 834,Bateria estacionária 105Ah náutica,1,9,32283281,UN,True,Acessórios de Convés,acessorios-de-conves,2.0,True,Yamaha Marine,,True
343,171,LHN-616875,5704548549643.0,695.61,500.44,13.062,18.0,10.0,True,Motor de Popa 6225,Motor de popa 4 tempos para embarcações de lazer,6,13,24291072,UN,True,SEGURANÇA,seguranca,2.0,True,Raymarine,,True
344,171,LHN-757386,3682113485478.0,3685.42,1929.54,35.058,12.0,5.0,True,Motor de Popa 6225,Motor de popa 4 tempos para embarcações de lazer,6,13,24291072,UN,True,SEGURANÇA,seguranca,2.0,True,Raymarine,,True
345,171,LHN-605492,2152730712536.0,2661.46,1901.04,24.288,17.0,0.0,True,Motor de Popa 6225,Motor de popa 4 tempos para embarcações de lazer,6,13,24291072,UN,True,SEGURANÇA,seguranca,2.0,True,Raymarine,,True
346,172,LHN-564335,5411976131738.0,1779.66,988.7,2.724,12.0,5.0,True,Defensa Náutica 2684,Defensa cilíndrica em PVC,2,5,80680590,PC,True,Eletrônica Náutica,eletronica-nautica,2.0,True,Mercury Marine,BR,True
347,173,LHN-666608,5944466444587.0,2651.34,1244.76,42.09,12.0,0.0,True,Bateria Náutica 2569,Bateria estacionária 105Ah náutica,4,8,85205934,UN,True,Hélices,helices,1.0,True,Honda Marine,,True
348,173,LHN-761270,2208054971149.0,2160.77,1028.94,37.278,12.0,0.0,True,Bateria Náutica 2569,Bateria estacionária 105Ah náutica,4,8,85205934,UN,True,Hélices,helices,1.0,True,Honda Marine,,True
349,174,LHN-395321,2128042694624.0,770.28,397.05,29.542,12.0,5.0,True,Bússola de Bordo 755,Bússola magnética líquida com iluminação,4,5,49052504,UN,True,Eletrônica Náutica,eletronica-nautica,2.0,True,Honda Marine,,True
350,174,LHN-737351,6521274708118.0,3084.23,1623.28,49.967,18.0,10.0,True,Bússola de Bordo 755,Bússola magnética líquida com iluminação,4,5,49052504,UN,True,Eletrônica Náutica,eletronica-nautica,2.0,True,Honda Marine,,True
351,174,LHN-448636,3008317053471.0,3683.74,1991.21,11.693,17.0,5.0,True,Bússola de Bordo 755,Bússola magnética líquida com iluminação,4,5,49052504,UN,True,Eletrônica Náutica,eletronica-nautica,2.0,True,Honda Marine,,True
352,175,LHN-361210,6287588398079.0,2094.66,1301.03,24.494,18.0,5.0,True,Hélice de Alumínio 7706,Hélice 3 pás para motor de popa,6,1,23185993,UN,True,Equipamentos,equipamentos,,True,Raymarine,,True
353,175,LHN-312680,5775994576552.0,371.77,217.41,17.533,18.0,5.0,True,Hélice de Alumínio 7706,Hélice 3 pás para motor de popa,6,1,23185993,UN,True,Equipamentos,equipamentos,,True,Raymarine,,True
354,176,LHN-276763,8366555029364.0,543.46,286.03,10.396,17.0,10.0,True,Vela Mestra 1834,Vela mestra em dacron para veleiros 32 pés,7,12,28442224,UN,True,Manutenção,manutencao,1.0,True,Lowrance,IT,True
355,176,LHN-524292,,407.01,246.67,1.353,18.0,10.0,True,Vela Mestra 1834,Vela mestra em dacron para veleiros 32 pés,7,12,28442224,UN,True,Manutenção,manutencao,1.0,True,Lowrance,IT,True
356,176,LHN-721129,5000894353744.0,410.03,257.88,10.006,12.0,10.0,True,Vela Mestra 1834,Vela mestra em dacron para veleiros 32 pés,7,12,28442224,UN,True,Manutenção,manutencao,1.0,True,Lowrance,IT,True
357,177,LHN-509603,,323.5,158.58,27.801,17.0,10.0,True,GPS Plotter 8413,GPS chartplotter com cartografia,9,7,62387423,UN,True,Âncoras,ncoras,1.0,True,Volvo Penta,JP,True
358,177,LHN-742849,5892467649015.0,274.35,157.67,33.362,18.0,0.0,True,GPS Plotter 8413,GPS chartplotter com cartografia,9,7,62387423,UN,True,Âncoras,ncoras,1.0,True,Volvo Penta,JP,True
359,177,LHN-963869,9203665904114.0,2446.29,1867.4,32.545,12.0,10.0,True,GPS Plotter 8413,GPS chartplotter com cartografia,9,7,62387423,UN,True,Âncoras,ncoras,1.0,True,Volvo Penta,JP,True
360,178,LHN-935624,6517503557596.0,1639.82,819.91,21.08,17.0,0.0,True,Cabo Náutico 6215,Cabo de polipropileno trançado,10,3,29162115,M,True,Coletes Salva-Vidas,coletes-salva-vidas,,True,MaxSea,JP,True
361,178,LHN-906593,6691980328037.0,1153.05,674.3,1.469,18.0,0.0,True,Cabo Náutico 6215,Cabo de polipropileno trançado,10,3,29162115,M,True,Coletes Salva-Vidas,coletes-salva-vidas,,True,MaxSea,JP,True
362,179,LHN-867120,2148559000626.0,1475.97,843.41,28.173,12.0,0.0,True,Bateria Náutica 4055,Bateria estacionária 105Ah náutica,4,10,63616516,UN,True,Iluminação,iluminacao,1.0,True,Honda Marine,,True
363,179,LHN-182063,7321993454247.0,532.97,323.01,16.077,17.0,5.0,True,Bateria Náutica 4055,Bateria estacionária 105Ah náutica,4,10,63616516,UN,True,Iluminação,iluminacao,1.0,True,Honda Marine,,True
364,180,LHN-132290,1571528855193.0,1049.51,610.18,37.93,18.0,0.0,True,Motor de Popa 1949,Motor de popa 4 tempos para embarcações de lazer,7,13,22146679,UN,True,SEGURANÇA,seguranca,2.0,True,Lowrance,IT,True
365,180,LHN-830083,8738551131516.0,131.14,81.96,8.087,17.0,0.0,True,Motor de Popa 1949,Motor de popa 4 tempos para embarcações de lazer,7,13,22146679,UN,True,SEGURANÇA,seguranca,2.0,True,Lowrance,IT,True
366,180,LHN-581742,3031582901963.0,2697.71,1226.23,31.939,17.0,10.0,True,Motor de Popa 1949,Motor de popa 4 tempos para embarcações de lazer,7,13,22146679,UN,True,SEGURANÇA,seguranca,2.0,True,Lowrance,IT,True
367,181,LHN-653353,5259160055848.0,1294.48,931.28,4.198,18.0,10.0,False,Bateria Náutica 7848,Bateria estacionária 105Ah náutica,3,11,64239440,UN,True,Pintura Marítima,pintura-maritima,1.0,True,Suzuki Marine,DE,True
368,181,LHN-929005,4820411553010.0,2939.24,1959.49,16.815,17.0,5.0,True,Bateria Náutica 7848,Bateria estacionária 105Ah náutica,3,11,64239440,UN,True,Pintura Marítima,pintura-maritima,1.0,True,Suzuki Marine,DE,True
369,182,LHN-581935,,3696.81,1680.37,28.518,18.0,10.0,True,Vela Mestra 3395,Vela mestra em dacron para veleiros 32 pés,2,12,61980660,UN,True,Manutenção,manutencao,1.0,True,Mercury Marine,BR,True
370,182,LHN-931968,7266494086477.0,1711.73,877.81,49.069,18.0,0.0,True,Vela Mestra 3395,Vela mestra em dacron para veleiros 32 pés,2,12,61980660,UN,True,Manutenção,manutencao,1.0,True,Mercury Marine,BR,True
371,183,LHN-455459,3605217263155.0,1309.93,779.72,18.287,17.0,10.0,True,Cabo Náutico 394,Cabo de polipropileno trançado,1,3,26544865,M,True,Coletes Salva-Vidas,coletes-salva-vidas,,True,Yamaha Marine,,True
372,183,LHN-545542,3381585189388.0,2922.48,1826.55,22.461,18.0,5.0,True,Cabo Náutico 394,Cabo de polipropileno trançado,1,3,26544865,M,True,Coletes Salva-Vidas,coletes-salva-vidas,,True,Yamaha Marine,,True
373,184,LHN-843761,5806760982069.0,2162.93,1368.94,47.031,17.0,5.0,True,Tinta Antifouling 8753,Tinta antiincrustante 3.6L para casco,3,5,51333598,L,True,Eletrônica Náutica,eletronica-nautica,2.0,True,Suzuki Marine,DE,True
374,185,LHN-407465,7048809524634.0,873.94,526.47,19.984,12.0,10.0,True,Motor de Popa 2690,Motor de popa 4 tempos para embarcações de lazer,1,8,53678429,UN,True,Hélices,helices,1.0,True,Yamaha Marine,,True
375,186,LHN-968944,2564250560564.0,2207.21,1321.68,31.564,17.0,5.0,True,Motor de Popa 4710,Motor de popa 4 tempos para embarcações de lazer,2,1,75430794,UN,True,Equipamentos,equipamentos,,True,Mercury Marine,BR,True
376,187,LHN-686992,,1276.82,591.12,43.269,17.0,5.0,False,asdf,Defensa cilíndrica em PVC,12,10,17916578,PC,True,Iluminação,iluminacao,1.0,True,Marisul,BR,True
377,187,LHN-134712,5723499800009.0,1749.78,1335.71,21.753,12.0,5.0,True,asdf,Defensa cilíndrica em PVC,12,10,17916578,PC,True,Iluminação,iluminacao,1.0,True,Marisul,BR,True
378,187,LHN-023205,8044246929062.0,3602.06,1757.1,6.672,17.0,0.0,True,asdf,Defensa cilíndrica em PVC,12,10,17916578,PC,True,Iluminação,iluminacao,1.0,True,Marisul,BR,True
379,188,LHN-918614,5751387784957.0,3730.87,1828.86,12.248,17.0,5.0,True,Sonar Transducer 9366,Transdutor de sonar para profundidade,5,13,73809871,UN,True,SEGURANÇA,seguranca,2.0,True,Garmin,,True
380,188,LHN-860529,1858693882026.0,1042.47,566.56,30.234,12.0,10.0,True,Sonar Transducer 9366,Transdutor de sonar para profundidade,5,13,73809871,UN,True,SEGURANÇA,seguranca,2.0,True,Garmin,,True
381,188,LHN-770929,3435813959851.0,2111.0,1199.43,41.101,18.0,10.0,True,Sonar Transducer 9366,Transdutor de sonar para profundidade,5,13,73809871,UN,True,SEGURANÇA,seguranca,2.0,True,Garmin,,True
382,189,LHN-617427,4678091853452.0,2579.96,1216.96,4.543,12.0,10.0,True,Cabo Náutico 8341,Cabo de polipropileno trançado,2,14,48723755,M,True,Pesca,pesca,1.0,True,Mercury Marine,BR,True
383,190,LHN-727978,6610386514868.0,64.49,35.63,24.458,18.0,10.0,True,GPS Plotter 3107,GPS chartplotter com cartografia,9,4,95845129,UN,True,Motores,motores,3.0,True,Volvo Penta,JP,True
384,190,LHN-799545,5691762082899.0,751.1,472.39,28.963,18.0,10.0,True,GPS Plotter 3107,GPS chartplotter com cartografia,9,4,95845129,UN,True,Motores,motores,3.0,True,Volvo Penta,JP,True
385,190,LHN-686875,1940701647823.0,849.69,562.71,6.299,18.0,10.0,True,GPS Plotter 3107,GPS chartplotter com cartografia,9,4,95845129,UN,True,Motores,motores,3.0,True,Volvo Penta,JP,True
386,191,LHN-684919,8365327768784.0,1069.38,763.84,4.735,18.0,0.0,True,Bússola de Bordo 8959,Bússola magnética líquida com iluminação,4,9,48478702,UN,True,Acessórios de Convés,acessorios-de-conves,2.0,True,Honda Marine,,True
387,191,LHN-315705,,2704.24,1629.06,27.112,12.0,0.0,True,Bússola de Bordo 8959,Bússola magnética líquida com iluminação,4,9,48478702,UN,True,Acessórios de Convés,acessorios-de-conves,2.0,True,Honda Marine,,True
388,191,LHN-503948,4758455236920.0,2589.27,1377.27,27.887,12.0,5.0,True,Bússola de Bordo 8959,Bússola magnética líquida com iluminação,4,9,48478702,UN,True,Acessórios de Convés,acessorios-de-conves,2.0,True,Honda Marine,,True
389,192,LHN-786463,7455958700602.0,2211.43,1445.38,36.281,12.0,0.0,True,GPS Plotter 649,GPS chartplotter com cartografia,6,12,67924889,UN,True,Manutenção,manutencao,1.0,True,Raymarine,,True
390,192,LHN-193662,,308.23,237.1,0.34,18.0,10.0,True,GPS Plotter 649,GPS chartplotter com cartografia,6,12,67924889,UN,True,Manutenção,manutencao,1.0,True,Raymarine,,True
391,193,LHN-361341,5793629524228.0,1362.27,840.91,25.005,17.0,5.0,True,Cabo Náutico 8225,Cabo de polipropileno trançado,1,14,17028124,M,True,Pesca,pesca,1.0,True,Yamaha Marine,,True
392,194,LHN-364453,3916176425653.0,1043.87,656.52,27.646,12.0,0.0,True,Hélice de Alumínio 7846,Hélice 3 pás para motor de popa,1,7,75771245,UN,True,Âncoras,ncoras,1.0,True,Yamaha Marine,,True
393,194,LHN-451869,5371993833513.0,1380.77,1022.79,14.648,18.0,10.0,True,Hélice de Alumínio 7846,Hélice 3 pás para motor de popa,1,7,75771245,UN,True,Âncoras,ncoras,1.0,True,Yamaha Marine,,True
394,195,LHN-934253,,2510.54,1588.95,4.944,12.0,5.0,True,Bateria Náutica 4683,Bateria estacionária 105Ah náutica,4,4,31525726,UN,True,Motores,motores,3.0,True,Honda Marine,,True
395,195,LHN-410593,6722549347869.0,3373.9,1916.99,49.131,12.0,10.0,True,Bateria Náutica 4683,Bateria estacionária 105Ah náutica,4,4,31525726,UN,True,Motores,motores,3.0,True,Honda Marine,,True
396,195,LHN-182662,6960922925246.0,677.01,316.36,44.587,18.0,5.0,True,Bateria Náutica 4683,Bateria estacionária 105Ah náutica,4,4,31525726,UN,True,Motores,motores,3.0,True,Honda Marine,,True
397,196,LHN-010722,6873374798613.0,1211.36,761.86,31.679,18.0,5.0,True,Colete Salva-Vidas 9616,Colete homologado classe III,4,9,81525665,UN,True,Acessórios de Convés,acessorios-de-conves,2.0,True,Honda Marine,,True
398,196,LHN-989289,8941756747752.0,960.29,508.09,1.692,12.0,10.0,True,Colete Salva-Vidas 9616,Colete homologado classe III,4,9,81525665,UN,True,Acessórios de Convés,acessorios-de-conves,2.0,True,Honda Marine,,True
399,197,LHN-061300,3306800906199.0,807.78,416.38,30.772,17.0,10.0,True,Motor de Popa 2175,Motor de popa 4 tempos para embarcações de lazer,9,8,87538150,UN,True,Hélices,helices,1.0,True,Volvo Penta,JP,True
400,197,LHN-100901,883493763047.0,2611.58,1492.33,7.648,17.0,5.0,True,Motor de Popa 2175,Motor de popa 4 tempos para embarcações de lazer,9,8,87538150,UN,True,Hélices,helices,1.0,True,Volvo Penta,JP,True
401,198,LHN-809076,8319544540029.0,2763.78,1695.57,30.628,18.0,5.0,True,Hélice de Alumínio 8067,Hélice 3 pás para motor de popa,7,1,84790829,UN,True,Equipamentos,equipamentos,,True,Lowrance,IT,True
402,198,LHN-584100,6206517548194.0,1676.19,980.23,11.125,17.0,0.0,True,Hélice de Alumínio 8067,Hélice 3 pás para motor de popa,7,1,84790829,UN,True,Equipamentos,equipamentos,,True,Lowrance,IT,True
403,199,LHN-481254,7554468404953.0,2942.9,1794.45,17.405,17.0,5.0,True,Colete Salva-Vidas 2755,Colete homologado classe III,4,3,31145170,UN,False,Coletes Salva-Vidas,coletes-salva-vidas,,True,Honda Marine,,True
404,200,LHN-350986,9755287928905.0,271.65,183.55,14.202,17.0,0.0,True,Tinta Antifouling 4777,Tinta antiincrustante 3.6L para casco,7,7,35420386,L,True,Âncoras,ncoras,1.0,True,Lowrance,IT,True
405,201,LHN-852712,544920829957.0,2954.61,1669.27,36.455,17.0,5.0,True,Sonar Transducer 2387,Transdutor de sonar para profundidade,2,1,38238316,UN,True,Equipamentos,equipamentos,,True,Mercury Marine,BR,True
406,201,LHN-758750,7903543077436.0,4130.15,1966.74,13.587,12.0,5.0,True,Sonar Transducer 2387,Transdutor de sonar para profundidade,2,1,38238316,UN,True,Equipamentos,equipamentos,,True,Mercury Marine,BR,True
407,202,LHN-151812,3083490232974.0,2324.71,1081.26,18.739,12.0,0.0,True,Cabo Náutico 5453,Cabo de polipropileno trançado,11,11,78577508,M,True,Pintura Marítima,pintura-maritima,1.0,True,BR Náutica,IT,True
408,202,LHN-057852,1745925268591.0,364.81,258.73,3.305,18.0,5.0,True,Cabo Náutico 5453,Cabo de polipropileno trançado,11,11,78577508,M,True,Pintura Marítima,pintura-maritima,1.0,True,BR Náutica,IT,True
409,203,LHN-568908,,869.52,404.43,3.962,17.0,0.0,True,Sonar Transducer 1690,Transdutor de sonar para profundidade,4,3,70729293,UN,True,Coletes Salva-Vidas,coletes-salva-vidas,,True,Honda Marine,,True
410,203,LHN-069697,,368.49,169.81,44.955,17.0,0.0,True,Sonar Transducer 1690,Transdutor de sonar para profundidade,4,3,70729293,UN,True,Coletes Salva-Vidas,coletes-salva-vidas,,True,Honda Marine,,True
411,203,LHN-353941,8176715553765.0,2640.24,1846.32,44.541,17.0,5.0,True,Sonar Transducer 1690,Transdutor de sonar para profundidade,4,3,70729293,UN,True,Coletes Salva-Vidas,coletes-salva-vidas,,True,Honda Marine,,True
412,204,LHN-488283,2801119053912.0,1770.44,1047.6,44.275,12.0,0.0,True,Sonar Transducer 7487,Transdutor de sonar para profundidade,12,5,62581636,UN,True,Eletrônica Náutica,eletronica-nautica,2.0,True,Marisul,BR,True
413,204,LHN-185115,4263416463418.0,2164.79,1145.39,33.804,12.0,10.0,True,Sonar Transducer 7487,Transdutor de sonar para profundidade,12,5,62581636,UN,True,Eletrônica Náutica,eletronica-nautica,2.0,True,Marisul,BR,True
414,204,LHN-581875,2071534200134.0,387.96,296.15,42.21,12.0,10.0,False,Sonar Transducer 7487,Transdutor de sonar para profundidade,12,5,62581636,UN,True,Eletrônica Náutica,eletronica-nautica,2.0,True,Marisul,BR,True
415,205,LHN-510103,,2846.54,1375.14,40.421,17.0,10.0,True,Cabo Náutico 6267,Cabo de polipropileno trançado,7,8,16057494,M,True,Hélices,helices,1.0,True,Lowrance,IT,True
416,205,LHN-129604,6448654126.0,1368.78,627.88,7.902,18.0,10.0,True,Cabo Náutico 6267,Cabo de polipropileno trançado,7,8,16057494,M,True,Hélices,helices,1.0,True,Lowrance,IT,True
417,206,LHN-560136,1508409870112.0,2063.82,1366.77,41.662,17.0,10.0,True,Âncora Bruce 6320,Âncora de garra tipo Bruce em aço galvanizado,5,1,68838566,UN,True,Equipamentos,equipamentos,,True,Garmin,,True
418,206,LHN-604553,9246691066005.0,1487.89,817.52,42.903,12.0,5.0,True,Âncora Bruce 6320,Âncora de garra tipo Bruce em aço galvanizado,5,1,68838566,UN,True,Equipamentos,equipamentos,,True,Garmin,,True
419,207,LHN-222588,1267142241305.0,1191.17,581.06,35.752,17.0,5.0,True,Tinta Antifouling 179,,6,12,42483629,L,True,Manutenção,manutencao,1.0,True,Raymarine,,True
420,208,LHN-975882,1369399508252.0,1752.23,1137.81,46.339,18.0,5.0,True,Motor de Popa 9560,Motor de popa 4 tempos para embarcações de lazer,4,8,98022399,UN,True,Hélices,helices,1.0,True,Honda Marine,,True
421,208,LHN-837701,1427867618503.0,2199.8,1189.08,12.039,18.0,5.0,True,Motor de Popa 9560,Motor de popa 4 tempos para embarcações de lazer,4,8,98022399,UN,True,Hélices,helices,1.0,True,Honda Marine,,True
422,209,LHN-321929,8946626963478.0,806.12,368.09,16.814,12.0,10.0,True,Cabo Náutico 7626,Cabo de polipropileno trançado,11,13,28522396,M,True,SEGURANÇA,seguranca,2.0,True,BR Náutica,IT,True
423,210,LHN-661051,191009117612.0,259.1,161.94,5.975,18.0,10.0,True,João da Silva,Motor de popa 4 tempos para embarcações de lazer,11,1,62494419,UN,True,Equipamentos,equipamentos,,True,BR Náutica,IT,True
424,210,LHN-144525,2769013132532.0,45.75,34.66,6.457,17.0,10.0,True,João da Silva,Motor de popa 4 tempos para embarcações de lazer,11,1,62494419,UN,True,Equipamentos,equipamentos,,True,BR Náutica,IT,True
425,211,LHN-419128,,2038.04,1367.81,48.59,12.0,10.0,True,Cabo Náutico 9796,Cabo de polipropileno trançado,11,6,37653017,M,True,Velas,velas,3.0,True,BR Náutica,IT,True
426,212,LHN-306120,2766615935196.0,1094.61,679.88,21.886,18.0,5.0,True,Sonar Transducer 594,Transdutor de sonar para profundidade,8,2,77764415,UN,True,Cabos,cabos,,True,Simrad,,True
427,212,LHN-884225,9068909303807.0,3734.46,1924.98,21.258,12.0,10.0,True,Sonar Transducer 594,Transdutor de sonar para profundidade,8,2,77764415,UN,True,Cabos,cabos,,True,Simrad,,True
428,213,LHN-900424,2894578207934.0,4017.39,1940.77,49.438,17.0,5.0,True,Tinta Antifouling 8939,Tinta antiincrustante 3.6L para casco,8,6,73953631,L,True,Velas,velas,3.0,True,Simrad,,True
429,213,LHN-732771,884246642824.0,90.45,50.53,18.501,12.0,0.0,True,Tinta Antifouling 8939,Tinta antiincrustante 3.6L para casco,8,6,73953631,L,True,Velas,velas,3.0,True,Simrad,,True
430,214,LHN-601702,6330959434156.0,376.66,252.79,26.246,17.0,5.0,True,Hélice de Alumínio 8208,Hélice 3 pás para motor de popa,7,3,75088020,UN,True,Coletes Salva-Vidas,coletes-salva-vidas,,True,Lowrance,IT,True
431,214,LHN-861962,9207432240153.0,2554.55,1965.04,17.895,17.0,5.0,True,Hélice de Alumínio 8208,Hélice 3 pás para motor de popa,7,3,75088020,UN,True,Coletes Salva-Vidas,coletes-salva-vidas,,True,Lowrance,IT,True
432,215,LHN-642548,6994504263464.0,884.04,636.0,40.351,12.0,0.0,True,Âncora Bruce 3775,Âncora de garra tipo Bruce em aço galvanizado,9,2,54730543,UN,True,Cabos,cabos,,True,Volvo Penta,JP,True
433,216,LHN-909874,3381573933351.0,1860.26,1300.88,29.034,18.0,0.0,True,Âncora Bruce 1018,Âncora de garra tipo Bruce em aço galvanizado,8,5,17546850,UN,True,Eletrônica Náutica,eletronica-nautica,2.0,True,Simrad,,True
434,216,LHN-560570,5079310669516.0,103.95,58.4,27.975,17.0,0.0,True,Âncora Bruce 1018,Âncora de garra tipo Bruce em aço galvanizado,8,5,17546850,UN,True,Eletrônica Náutica,eletronica-nautica,2.0,True,Simrad,,True
435,216,LHN-581142,2955839677511.0,3107.16,1954.19,19.536,17.0,5.0,True,Âncora Bruce 1018,Âncora de garra tipo Bruce em aço galvanizado,8,5,17546850,UN,True,Eletrônica Náutica,eletronica-nautica,2.0,True,Simrad,,True
436,217,LHN-567780,,2668.95,1253.03,33.505,18.0,10.0,True,Bateria Náutica 5611,Bateria estacionária 105Ah náutica,7,9,74154777,UN,True,Acessórios de Convés,acessorios-de-conves,2.0,True,Lowrance,IT,True
437,217,LHN-682884,2534406555980.0,860.44,415.67,10.126,12.0,10.0,True,Bateria Náutica 5611,Bateria estacionária 105Ah náutica,7,9,74154777,UN,True,Acessórios de Convés,acessorios-de-conves,2.0,True,Lowrance,IT,True
438,218,LHN-844633,6953424241563.0,1004.76,766.99,30.966,12.0,5.0,True,Bússola de Bordo 4059,Bússola magnética líquida com iluminação,8,12,10365568,UN,True,Manutenção,manutencao,1.0,True,Simrad,,True
439,219,LHN-368776,2484247331727.0,178.58,102.63,43.055,17.0,10.0,True,Colete Salva-Vidas 502,Colete homologado classe III,12,10,84507814,UN,True,Iluminação,iluminacao,1.0,True,Marisul,BR,True
440,219,LHN-417363,4125550853565.0,2540.37,1814.55,33.875,17.0,10.0,True,Colete Salva-Vidas 502,Colete homologado classe III,12,10,84507814,UN,True,Iluminação,iluminacao,1.0,True,Marisul,BR,True
441,219,LHN-971490,7396413212295.0,538.84,309.68,23.981,18.0,0.0,True,Colete Salva-Vidas 502,Colete homologado classe III,12,10,84507814,UN,True,Iluminação,iluminacao,1.0,True,Marisul,BR,True
442,220,LHN-715137,5849839769673.0,107.74,52.3,32.669,17.0,0.0,True,Tinta Antifouling 5225,Tinta antiincrustante 3.6L para casco,3,8,81487543,L,True,Hélices,helices,1.0,True,Suzuki Marine,DE,True
443,220,LHN-983578,8823448472152.0,2293.63,1076.82,35.896,17.0,5.0,True,Tinta Antifouling 5225,Tinta antiincrustante 3.6L para casco,3,8,81487543,L,True,Hélices,helices,1.0,True,Suzuki Marine,DE,True
444,221,LHN-113846,2499091699701.0,544.34,412.38,11.436,12.0,5.0,True,Sonar Transducer 4498,TODO: add description,7,10,30675315,UN,True,Iluminação,iluminacao,1.0,True,Lowrance,IT,True
445,222,LHN-655066,5430235896416.0,4125.08,1900.96,15.688,12.0,5.0,True,GPS Plotter 4088,GPS chartplotter com cartografia,5,12,61991625,UN,True,Manutenção,manutencao,1.0,True,Garmin,,True
446,222,LHN-058092,6745817515500.0,351.0,195.0,28.64,12.0,0.0,True,GPS Plotter 4088,GPS chartplotter com cartografia,5,12,61991625,UN,True,Manutenção,manutencao,1.0,True,Garmin,,True
447,222,LHN-028747,1349358524400.0,2117.41,1182.91,0.165,18.0,10.0,True,GPS Plotter 4088,GPS chartplotter com cartografia,5,12,61991625,UN,True,Manutenção,manutencao,1.0,True,Garmin,,True
448,223,LHN-618327,6748227191401.0,2792.57,1362.23,31.172,18.0,10.0,True,GPS Plotter 582,GPS chartplotter com cartografia,1,2,71439279,UN,True,Cabos,cabos,,True,Yamaha Marine,,True
449,223,LHN-721593,8677264202994.0,3486.24,1926.1,9.297,18.0,5.0,True,GPS Plotter 582,GPS chartplotter com cartografia,1,2,71439279,UN,True,Cabos,cabos,,True,Yamaha Marine,,True
450,223,LHN-014938,6369258005873.0,1585.13,1042.85,49.03,17.0,5.0,True,GPS Plotter 582,GPS chartplotter com cartografia,1,2,71439279,UN,True,Cabos,cabos,,True,Yamaha Marine,,True
451,224,LHN-199057,305214844410.0,162.93,101.83,14.531,18.0,10.0,True,Tinta Antifouling 1614,Tinta antiincrustante 3.6L para casco,8,12,10174302,L,True,Manutenção,manutencao,1.0,True,Simrad,,True
452,224,LHN-019271,7938709781841.0,1251.11,679.95,16.023,17.0,5.0,True,Tinta Antifouling 1614,Tinta antiincrustante 3.6L para casco,8,12,10174302,L,True,Manutenção,manutencao,1.0,True,Simrad,,True
453,225,LHN-047567,6239328710238.0,1408.39,998.86,20.177,17.0,10.0,True,Âncora Bruce 7480,Âncora de garra tipo Bruce em aço galvanizado,7,14,23092404,UN,True,Pesca,pesca,1.0,True,Lowrance,IT,True
454,226,LHN-746991,5992158018998.0,2770.4,1288.56,6.389,12.0,5.0,True,Hélice de Alumínio 3756,Hélice 3 pás para motor de popa,9,3,47663384,UN,True,Coletes Salva-Vidas,coletes-salva-vidas,,True,Volvo Penta,JP,True
455,227,LHN-165898,,1834.83,1231.43,30.607,17.0,0.0,True,Colete Salva-Vidas 3392,Colete homologado classe III,3,3,56370670,UN,True,Coletes Salva-Vidas,coletes-salva-vidas,,True,Suzuki Marine,DE,True
456,227,LHN-656937,7806528268495.0,1303.68,635.94,3.158,18.0,0.0,True,Colete Salva-Vidas 3392,Colete homologado classe III,3,3,56370670,UN,True,Coletes Salva-Vidas,coletes-salva-vidas,,True,Suzuki Marine,DE,True
457,227,LHN-169951,3904169905121.0,1414.55,680.07,12.703,12.0,0.0,True,Colete Salva-Vidas 3392,Colete homologado classe III,3,3,56370670,UN,True,Coletes Salva-Vidas,coletes-salva-vidas,,True,Suzuki Marine,DE,True
458,228,LHN-747816,6922657592063.0,495.33,309.58,1.815,12.0,10.0,True,Defensa Náutica 9651,Defensa cilíndrica em PVC,11,8,96900780,PC,True,Hélices,helices,1.0,True,BR Náutica,IT,True
459,229,LHN-824824,6001692026099.0,381.17,173.26,10.692,18.0,5.0,True,Bateria Náutica 5653,Bateria estacionária 105Ah náutica,5,4,41045712,UN,True,Motores,motores,3.0,True,Garmin,,True
460,229,LHN-669414,3742636664160.0,2023.3,1280.57,32.311,17.0,5.0,True,Bateria Náutica 5653,Bateria estacionária 105Ah náutica,5,4,41045712,UN,True,Motores,motores,3.0,True,Garmin,,True
461,229,LHN-861725,5843503229944.0,1315.58,681.65,9.496,12.0,5.0,True,Bateria Náutica 5653,Bateria estacionária 105Ah náutica,5,4,41045712,UN,True,Motores,motores,3.0,True,Garmin,,True
462,230,LHN-466784,138807440160.0,1700.56,1083.16,46.378,18.0,10.0,True,Bússola de Bordo 4361,Bússola magnética líquida com iluminação,9,14,88752907,UN,True,Pesca,pesca,1.0,True,Volvo Penta,JP,True
463,231,LHN-058674,4220404957205.0,2512.58,1243.85,14.939,12.0,10.0,True,GPS Plotter 6626,GPS chartplotter com cartografia,11,8,29469039,UN,True,Hélices,helices,1.0,True,BR Náutica,IT,True
464,231,LHN-413518,544094738482.0,167.8,112.62,25.956,18.0,0.0,True,GPS Plotter 6626,GPS chartplotter com cartografia,11,8,29469039,UN,True,Hélices,helices,1.0,True,BR Náutica,IT,True
465,231,LHN-920389,2896715839909.0,1776.02,1050.9,37.486,17.0,0.0,True,GPS Plotter 6626,GPS chartplotter com cartografia,11,8,29469039,UN,True,Hélices,helices,1.0,True,BR Náutica,IT,True
466,232,LHN-982413,,1469.11,677.01,20.611,12.0,10.0,True,Hélice de Alumínio 5784,Hélice 3 pás para motor de popa,6,3,68236590,UN,True,Coletes Salva-Vidas,coletes-salva-vidas,,True,Raymarine,,True
467,232,LHN-915171,,718.42,415.27,30.837,12.0,5.0,True,Hélice de Alumínio 5784,Hélice 3 pás para motor de popa,6,3,68236590,UN,True,Coletes Salva-Vidas,coletes-salva-vidas,,True,Raymarine,,True
468,232,LHN-860026,,593.69,322.66,2.352,17.0,10.0,True,Hélice de Alumínio 5784,Hélice 3 pás para motor de popa,6,3,68236590,UN,True,Coletes Salva-Vidas,coletes-salva-vidas,,True,Raymarine,,True
469,233,LHN-437165,6126812297538.0,2123.83,1135.74,17.328,18.0,0.0,True,Bateria Náutica 6163,Bateria estacionária 105Ah náutica,1,7,24051629,UN,True,Âncoras,ncoras,1.0,True,Yamaha Marine,,True
470,233,LHN-492462,6820462047399.0,183.54,89.53,17.774,18.0,10.0,True,Bateria Náutica 6163,Bateria estacionária 105Ah náutica,1,7,24051629,UN,True,Âncoras,ncoras,1.0,True,Yamaha Marine,,True
471,233,LHN-564628,7120878530287.0,2897.06,1704.15,19.572,17.0,10.0,True,Bateria Náutica 6163,Bateria estacionária 105Ah náutica,1,7,24051629,UN,True,Âncoras,ncoras,1.0,True,Yamaha Marine,,True
472,234,LHN-967867,2016149792094.0,2364.36,1244.4,28.655,17.0,10.0,True,Defensa Náutica 417,Defensa cilíndrica em PVC,3,3,13276834,PC,True,Coletes Salva-Vidas,coletes-salva-vidas,,True,Suzuki Marine,DE,True
473,234,LHN-395551,2068563371713.0,1364.36,745.55,37.038,17.0,10.0,True,Defensa Náutica 417,Defensa cilíndrica em PVC,3,3,13276834,PC,True,Coletes Salva-Vidas,coletes-salva-vidas,,True,Suzuki Marine,DE,True
474,234,LHN-025411,3571738337333.0,2758.2,1523.87,2.96,17.0,5.0,True,Defensa Náutica 417,Defensa cilíndrica em PVC,3,3,13276834,PC,True,Coletes Salva-Vidas,coletes-salva-vidas,,True,Suzuki Marine,DE,True
475,235,LHN-371965,1018039224181.0,2250.91,1643.0,1.125,17.0,0.0,True,GPS Plotter 1842,GPS chartplotter com cartografia,5,7,41294838,UN,True,Âncoras,ncoras,1.0,True,Garmin,,True
476,235,LHN-351398,,2951.54,1586.85,49.649,12.0,5.0,True,GPS Plotter 1842,GPS chartplotter com cartografia,5,7,41294838,UN,True,Âncoras,ncoras,1.0,True,Garmin,,True
477,236,LHN-340446,1928523762023.0,3785.94,1931.6,20.088,12.0,0.0,True,Bateria Náutica 9272,Bateria estacionária 105Ah náutica,5,3,94401105,UN,True,Coletes Salva-Vidas,coletes-salva-vidas,,True,Garmin,,True
478,237,LHN-392733,4873295269454.0,2565.48,1733.43,45.324,17.0,0.0,True,Cabo Náutico 9307,Cabo de polipropileno trançado,11,14,37359825,M,True,Pesca,pesca,1.0,True,BR Náutica,IT,True
479,237,LHN-684552,8284624186346.0,691.74,508.63,49.641,17.0,10.0,True,Cabo Náutico 9307,Cabo de polipropileno trançado,11,14,37359825,M,True,Pesca,pesca,1.0,True,BR Náutica,IT,True
480,237,LHN-454719,,850.69,574.79,34.176,12.0,10.0,True,Cabo Náutico 9307,Cabo de polipropileno trançado,11,14,37359825,M,True,Pesca,pesca,1.0,True,BR Náutica,IT,True
481,238,LHN-430132,5049411037644.0,3425.33,1695.71,28.626,12.0,0.0,True,Motor de Popa 4350,Motor de popa 4 tempos para embarcações de lazer,11,5,84676560,UN,True,Eletrônica Náutica,eletronica-nautica,2.0,True,BR Náutica,IT,True
482,238,LHN-663270,6123570514389.0,1228.85,623.78,16.503,18.0,5.0,True,Motor de Popa 4350,Motor de popa 4 tempos para embarcações de lazer,11,5,84676560,UN,True,Eletrônica Náutica,eletronica-nautica,2.0,True,BR Náutica,IT,True
483,238,LHN-019188,8573641757760.0,2044.03,1460.02,15.902,17.0,5.0,True,Motor de Popa 4350,Motor de popa 4 tempos para embarcações de lazer,11,5,84676560,UN,True,Eletrônica Náutica,eletronica-nautica,2.0,True,BR Náutica,IT,True
484,239,LHN-499873,93461248326.0,444.48,283.11,36.391,18.0,10.0,True,Colete Salva-Vidas 326,Colete homologado classe III,2,13,22699766,UN,False,SEGURANÇA,seguranca,2.0,True,Mercury Marine,BR,True
485,239,LHN-093157,6522355016153.0,1610.84,915.25,25.812,17.0,0.0,True,Colete Salva-Vidas 326,Colete homologado classe III,2,13,22699766,UN,False,SEGURANÇA,seguranca,2.0,True,Mercury Marine,BR,True
486,240,LHN-304058,196974599302.0,1758.87,950.74,7.955,18.0,0.0,True,Bússola de Bordo 702,Bússola magnética líquida com iluminação,8,7,91287147,UN,True,Âncoras,ncoras,1.0,True,Simrad,,True
487,241,LHN-483461,,2877.89,1417.68,4.374,18.0,10.0,True,Defensa Náutica 5179,Defensa cilíndrica em PVC,11,12,17655078,PC,True,Manutenção,manutencao,1.0,True,BR Náutica,IT,True
488,242,LHN-952998,155878339797.0,3166.59,1445.93,44.706,18.0,5.0,True,Âncora Bruce 7665,Âncora de garra tipo Bruce em aço galvanizado,3,3,14312569,UN,True,Coletes Salva-Vidas,coletes-salva-vidas,,True,Suzuki Marine,DE,True
489,242,LHN-812881,4962158896545.0,1239.53,854.85,3.487,17.0,0.0,True,Âncora Bruce 7665,Âncora de garra tipo Bruce em aço galvanizado,3,3,14312569,UN,True,Coletes Salva-Vidas,coletes-salva-vidas,,True,Suzuki Marine,DE,True
490,242,LHN-507774,329347868938.0,2428.81,1364.5,13.151,12.0,0.0,True,Âncora Bruce 7665,Âncora de garra tipo Bruce em aço galvanizado,3,3,14312569,UN,True,Coletes Salva-Vidas,coletes-salva-vidas,,True,Suzuki Marine,DE,True
491,243,LHN-233987,9121255603516.0,1655.69,991.43,5.29,18.0,10.0,True,Bússola de Bordo 994,Bússola magnética líquida com iluminação,6,14,79475958,UN,True,Pesca,pesca,1.0,True,Raymarine,,True
492,243,LHN-953756,6954272579181.0,2694.24,1952.35,25.707,17.0,0.0,False,Bússola de Bordo 994,Bússola magnética líquida com iluminação,6,14,79475958,UN,True,Pesca,pesca,1.0,True,Raymarine,,True
493,243,LHN-107544,9900130680275.0,1136.58,817.68,19.229,18.0,5.0,True,Bússola de Bordo 994,Bússola magnética líquida com iluminação,6,14,79475958,UN,True,Pesca,pesca,1.0,True,Raymarine,,True
494,244,LHN-961992,7780355027930.0,1707.1,879.95,37.91,12.0,10.0,True,Sonar Transducer 6595,Transdutor de sonar para profundidade,11,10,32140446,UN,True,Iluminação,iluminacao,1.0,True,BR Náutica,IT,True
495,244,LHN-556782,8744247776398.0,2993.52,1379.5,11.599,17.0,10.0,True,Sonar Transducer 6595,Transdutor de sonar para profundidade,11,10,32140446,UN,True,Iluminação,iluminacao,1.0,True,BR Náutica,IT,True
496,245,LHN-951102,4538912935852.0,1380.39,841.7,18.281,12.0,10.0,True,Cabo Náutico 7064,Cabo de polipropileno trançado,7,13,69589540,M,True,SEGURANÇA,seguranca,2.0,True,Lowrance,IT,True
497,245,LHN-644232,6980134462254.0,420.07,223.44,20.643,18.0,10.0,True,Cabo Náutico 7064,Cabo de polipropileno trançado,7,13,69589540,M,True,SEGURANÇA,seguranca,2.0,True,Lowrance,IT,True
498,246,LHN-033536,7266638941181.0,100.17,63.0,44.281,18.0,10.0,True,Motor de Popa 1365,Motor de popa 4 tempos para embarcações de lazer,3,1,71926724,UN,True,Equipamentos,equipamentos,,True,Suzuki Marine,DE,True
499,247,LHN-125895,8973089635369.0,1958.94,1305.96,11.395,17.0,10.0,True,Defensa Náutica 7459,Defensa cilíndrica em PVC,8,8,31735528,PC,True,Hélices,helices,1.0,True,Simrad,,True
500,247,LHN-743980,4190592623469.0,1654.94,924.55,26.595,18.0,5.0,True,Defensa Náutica 7459,Defensa cilíndrica em PVC,8,8,31735528,PC,True,Hélices,helices,1.0,True,Simrad,,True
501,248,LHN-094597,,3045.41,1915.35,7.11,17.0,0.0,True,Tinta Antifouling 3953,Tinta antiincrustante 3.6L para casco,12,10,45909769,L,True,Iluminação,iluminacao,1.0,True,Marisul,BR,True
502,249,LHN-840831,5359276384020.0,1653.2,768.93,25.397,17.0,0.0,True,Motor de Popa 1606,Motor de popa 4 tempos para embarcações de lazer,1,12,16339897,UN,True,Manutenção,manutencao,1.0,True,Yamaha Marine,,True
503,249,LHN-788708,8929470333628.0,2245.27,1328.56,37.825,17.0,5.0,True,Motor de Popa 1606,Motor de popa 4 tempos para embarcações de lazer,1,12,16339897,UN,True,Manutenção,manutencao,1.0,True,Yamaha Marine,,True
504,249,LHN-019871,4991092732497.0,509.32,252.14,13.412,17.0,0.0,True,Motor de Popa 1606,Motor de popa 4 tempos para embarcações de lazer,1,12,16339897,UN,True,Manutenção,manutencao,1.0,True,Yamaha Marine,,True
505,250,LHN-894118,8158468728065.0,3796.83,1749.69,20.177,18.0,10.0,True,Hélice de Alumínio 8577,Hélice 3 pás para motor de popa,3,7,96732444,UN,True,Âncoras,ncoras,1.0,True,Suzuki Marine,DE,True
506,251,LHN-628818,8966654609025.0,1307.41,1005.7,46.575,17.0,5.0,True,Motor de Popa 6346,Motor de popa 4 tempos para embarcações de lazer,1,7,23107503,UN,True,Âncoras,ncoras,1.0,True,Yamaha Marine,,True
507,251,LHN-721639,,191.55,101.89,13.775,18.0,5.0,True,Motor de Popa 6346,Motor de popa 4 tempos para embarcações de lazer,1,7,23107503,UN,True,Âncoras,ncoras,1.0,True,Yamaha Marine,,True
508,251,LHN-659284,7891513236986.0,2240.19,1426.87,4.667,17.0,10.0,True,Motor de Popa 6346,Motor de popa 4 tempos para embarcações de lazer,1,7,23107503,UN,True,Âncoras,ncoras,1.0,True,Yamaha Marine,,True
509,252,LHN-545732,7491905950096.0,2858.04,1957.56,2.605,18.0,10.0,True,Defensa Náutica 9558,Defensa cilíndrica em PVC,1,4,10280205,PC,True,Motores,motores,3.0,True,Yamaha Marine,,True
510,253,LHN-381331,9247306982611.0,319.25,202.06,12.867,17.0,10.0,True,Bússola de Bordo 3611,Bússola magnética líquida com iluminação,5,3,23997150,UN,True,Coletes Salva-Vidas,coletes-salva-vidas,,True,Garmin,,True
511,253,LHN-811838,9793333775028.0,1729.09,1145.09,17.947,17.0,5.0,True,Bússola de Bordo 3611,Bússola magnética líquida com iluminação,5,3,23997150,UN,True,Coletes Salva-Vidas,coletes-salva-vidas,,True,Garmin,,True
512,254,LHN-612730,5171855033132.0,242.94,161.96,9.372,18.0,0.0,True,Bússola de Bordo 7825,Bússola magnética líquida com iluminação,3,5,95190955,UN,True,Eletrônica Náutica,eletronica-nautica,2.0,True,Suzuki Marine,DE,True
513,254,LHN-924564,4178554283142.0,2632.87,1303.4,31.666,12.0,0.0,True,Bússola de Bordo 7825,Bússola magnética líquida com iluminação,3,5,95190955,UN,True,Eletrônica Náutica,eletronica-nautica,2.0,True,Suzuki Marine,DE,True
514,254,LHN-692923,8047131300960.0,2369.19,1427.22,14.739,18.0,10.0,True,Bússola de Bordo 7825,Bússola magnética líquida com iluminação,3,5,95190955,UN,True,Eletrônica Náutica,eletronica-nautica,2.0,True,Suzuki Marine,DE,True
515,255,LHN-719047,7879193677817.0,1166.89,627.36,36.127,17.0,5.0,True,Sonar Transducer 5593,Transdutor de sonar para profundidade,12,14,67435480,UN,True,Pesca,pesca,1.0,True,Marisul,BR,True
516,255,LHN-325710,634212534994.0,410.74,225.68,22.24,17.0,10.0,True,Sonar Transducer 5593,Transdutor de sonar para profundidade,12,14,67435480,UN,True,Pesca,pesca,1.0,True,Marisul,BR,True
517,255,LHN-339593,,1000.34,521.01,16.598,12.0,10.0,False,Sonar Transducer 5593,Transdutor de sonar para profundidade,12,14,67435480,UN,True,Pesca,pesca,1.0,True,Marisul,BR,True
518,256,LHN-951480,2158226499684.0,1469.13,941.75,2.194,12.0,10.0,True,Tinta Antifouling 866,Tinta antiincrustante 3.6L para casco,4,10,25451923,L,True,Iluminação,iluminacao,1.0,True,Honda Marine,,True
519,256,LHN-872048,9135018570540.0,122.56,77.57,12.257,12.0,10.0,True,Tinta Antifouling 866,Tinta antiincrustante 3.6L para casco,4,10,25451923,L,True,Iluminação,iluminacao,1.0,True,Honda Marine,,True
520,256,LHN-911726,4914608090409.0,71.33,50.95,27.988,12.0,0.0,True,Tinta Antifouling 866,Tinta antiincrustante 3.6L para casco,4,10,25451923,L,True,Iluminação,iluminacao,1.0,True,Honda Marine,,True
521,257,LHN-105883,6537080962118.0,1707.44,1108.73,45.865,12.0,0.0,True,Colete Salva-Vidas 8800,Colete homologado classe III,8,4,98613446,UN,True,Motores,motores,3.0,True,Simrad,,True
522,257,LHN-639640,6299612876644.0,672.8,352.25,26.33,12.0,0.0,False,Colete Salva-Vidas 8800,Colete homologado classe III,8,4,98613446,UN,True,Motores,motores,3.0,True,Simrad,,True
523,258,LHN-730053,953269994392.0,2812.6,1887.65,10.503,12.0,0.0,True,Bateria Náutica 5523,Bateria estacionária 105Ah náutica,7,9,74520915,UN,True,Acessórios de Convés,acessorios-de-conves,2.0,True,Lowrance,IT,True
524,258,LHN-838268,,3058.94,1593.2,22.838,17.0,10.0,True,Bateria Náutica 5523,Bateria estacionária 105Ah náutica,7,9,74520915,UN,True,Acessórios de Convés,acessorios-de-conves,2.0,True,Lowrance,IT,True
525,258,LHN-067210,4377610446587.0,4353.53,1997.03,20.608,12.0,5.0,True,Bateria Náutica 5523,Bateria estacionária 105Ah náutica,7,9,74520915,UN,True,Acessórios de Convés,acessorios-de-conves,2.0,True,Lowrance,IT,True
526,259,LHN-132378,8645342677507.0,2641.36,1591.18,44.817,17.0,0.0,True,Bússola de Bordo 5451,Bússola magnética líquida com iluminação,2,14,16599321,UN,True,Pesca,pesca,1.0,True,Mercury Marine,BR,True
527,259,LHN-396779,5939982605499.0,1140.17,844.57,47.868,12.0,10.0,True,Bússola de Bordo 5451,Bússola magnética líquida com iluminação,2,14,16599321,UN,True,Pesca,pesca,1.0,True,Mercury Marine,BR,True
528,260,LHN-437436,,2392.3,1485.9,46.841,17.0,5.0,True,Cliente Genérico,Vela mestra em dacron para veleiros 32 pés,2,10,44693241,UN,True,Iluminação,iluminacao,1.0,True,Mercury Marine,BR,True
529,260,LHN-496708,1475510693841.0,1891.34,1220.22,41.435,12.0,0.0,True,Cliente Genérico,Vela mestra em dacron para veleiros 32 pés,2,10,44693241,UN,True,Iluminação,iluminacao,1.0,True,Mercury Marine,BR,True
530,261,LHN-145691,5788761918493.0,1359.18,635.13,23.096,18.0,5.0,True,Âncora Bruce 7226,Âncora de garra tipo Bruce em aço galvanizado,1,4,37927628,UN,True,Motores,motores,3.0,True,Yamaha Marine,,True
531,261,LHN-412681,,1052.78,711.34,35.27,17.0,0.0,True,Âncora Bruce 7226,Âncora de garra tipo Bruce em aço galvanizado,1,4,37927628,UN,True,Motores,motores,3.0,True,Yamaha Marine,,True
532,262,LHN-611591,2265619574955.0,232.09,128.94,31.485,12.0,5.0,True,Hélice de Alumínio 9192,Hélice 3 pás para motor de popa,1,12,61152405,UN,True,Manutenção,manutencao,1.0,True,Yamaha Marine,,True
533,263,LHN-476482,3736372647839.0,1796.67,950.62,12.907,18.0,10.0,True,Tinta Antifouling 3557,Tinta antiincrustante 3.6L para casco,1,10,93480532,L,True,Iluminação,iluminacao,1.0,True,Yamaha Marine,,True
534,264,LHN-872306,,552.75,421.95,4.163,12.0,10.0,True,Bateria Náutica 1358,Bateria estacionária 105Ah náutica,9,13,47625982,UN,True,SEGURANÇA,seguranca,2.0,True,Volvo Penta,JP,True
535,264,LHN-710774,2433500359312.0,3650.91,1881.91,31.343,18.0,10.0,False,Bateria Náutica 1358,Bateria estacionária 105Ah náutica,9,13,47625982,UN,True,SEGURANÇA,seguranca,2.0,True,Volvo Penta,JP,True
536,264,LHN-866078,,3068.24,1526.49,15.583,12.0,10.0,True,Bateria Náutica 1358,Bateria estacionária 105Ah náutica,9,13,47625982,UN,True,SEGURANÇA,seguranca,2.0,True,Volvo Penta,JP,True
537,265,LHN-623775,1749101758067.0,1824.14,868.64,5.887,18.0,0.0,True,Âncora Bruce 2284,Âncora de garra tipo Bruce em aço galvanizado,9,3,44273867,UN,True,Coletes Salva-Vidas,coletes-salva-vidas,,True,Volvo Penta,JP,True
538,265,LHN-389293,4856447782575.0,2358.3,1247.78,32.054,12.0,0.0,False,Âncora Bruce 2284,Âncora de garra tipo Bruce em aço galvanizado,9,3,44273867,UN,True,Coletes Salva-Vidas,coletes-salva-vidas,,True,Volvo Penta,JP,True
539,266,LHN-934318,,2650.73,1293.04,40.77,18.0,10.0,False,Bússola de Bordo 9356,Bússola magnética líquida com iluminação,12,3,34139403,UN,True,Coletes Salva-Vidas,coletes-salva-vidas,,True,Marisul,BR,True
540,266,LHN-451355,5322763450065.0,2436.75,1392.43,17.615,17.0,5.0,True,Bússola de Bordo 9356,Bússola magnética líquida com iluminação,12,3,34139403,UN,True,Coletes Salva-Vidas,coletes-salva-vidas,,True,Marisul,BR,True
541,267,LHN-199507,1855286332586.0,335.92,241.67,30.116,18.0,5.0,False,GPS Plotter 475,GPS chartplotter com cartografia,6,1,42387465,UN,True,Equipamentos,equipamentos,,True,Raymarine,,True
542,267,LHN-580775,8706787985012.0,419.41,199.72,3.575,17.0,5.0,True,GPS Plotter 475,GPS chartplotter com cartografia,6,1,42387465,UN,True,Equipamentos,equipamentos,,True,Raymarine,,True
543,267,LHN-102355,1480431586806.0,1284.51,764.59,20.116,17.0,5.0,True,GPS Plotter 475,GPS chartplotter com cartografia,6,1,42387465,UN,True,Equipamentos,equipamentos,,True,Raymarine,,True
544,268,LHN-717429,6371635368693.0,1536.13,991.05,24.508,17.0,10.0,True,Motor de Popa 9800,Motor de popa 4 tempos para embarcações de lazer,3,14,38718514,UN,True,Pesca,pesca,1.0,True,Suzuki Marine,DE,True
545,268,LHN-997213,4053180811887.0,518.0,299.42,13.414,18.0,10.0,True,Motor de Popa 9800,Motor de popa 4 tempos para embarcações de lazer,3,14,38718514,UN,True,Pesca,pesca,1.0,True,Suzuki Marine,DE,True
546,268,LHN-135511,9735271197319.0,2466.25,1347.68,43.392,12.0,5.0,True,Motor de Popa 9800,Motor de popa 4 tempos para embarcações de lazer,3,14,38718514,UN,True,Pesca,pesca,1.0,True,Suzuki Marine,DE,True
547,269,LHN-469107,7897700207203.0,2508.33,1529.47,1.311,17.0,0.0,True,Bússola de Bordo 1854,Bússola magnética líquida com iluminação,10,6,43643307,UN,True,Velas,velas,3.0,True,MaxSea,JP,True
548,269,LHN-090721,3436632907610.0,924.9,553.83,14.259,17.0,0.0,True,Bússola de Bordo 1854,Bússola magnética líquida com iluminação,10,6,43643307,UN,True,Velas,velas,3.0,True,MaxSea,JP,True
549,269,LHN-771162,6128141477865.0,2616.52,1645.61,16.368,18.0,0.0,True,Bússola de Bordo 1854,Bússola magnética líquida com iluminação,10,6,43643307,UN,True,Velas,velas,3.0,True,MaxSea,JP,True
550,270,LHN-074098,5111107768818.0,538.89,318.87,19.605,12.0,0.0,False,Defensa Náutica 8531,Defensa cilíndrica em PVC,1,10,48407313,PC,True,Iluminação,iluminacao,1.0,True,Yamaha Marine,,True
551,271,LHN-228257,,2758.75,1724.22,36.829,17.0,0.0,True,Tinta Antifouling 5976,Tinta antiincrustante 3.6L para casco,2,10,27631932,L,True,Iluminação,iluminacao,1.0,True,Mercury Marine,BR,True
552,272,LHN-750307,7504430334177.0,2692.1,1922.93,18.049,18.0,5.0,True,Cabo Náutico 4571,Cabo de polipropileno trançado,5,11,64210331,M,True,Pintura Marítima,pintura-maritima,1.0,True,Garmin,,True
553,272,LHN-703402,2917877535536.0,2778.62,1316.88,40.773,12.0,10.0,False,Cabo Náutico 4571,Cabo de polipropileno trançado,5,11,64210331,M,True,Pintura Marítima,pintura-maritima,1.0,True,Garmin,,True
554,272,LHN-031502,754531119969.0,1121.67,606.31,15.855,12.0,0.0,True,Cabo Náutico 4571,Cabo de polipropileno trançado,5,11,64210331,M,True,Pintura Marítima,pintura-maritima,1.0,True,Garmin,,True
555,273,LHN-171003,,172.82,90.48,42.686,18.0,0.0,True,Vela Mestra 3325,Vela mestra em dacron para veleiros 32 pés,4,2,80575453,UN,True,Cabos,cabos,,True,Honda Marine,,True
556,273,LHN-081972,5703372413663.0,2254.06,1426.62,19.058,12.0,0.0,True,Vela Mestra 3325,Vela mestra em dacron para veleiros 32 pés,4,2,80575453,UN,True,Cabos,cabos,,True,Honda Marine,,True
557,274,LHN-392486,8973931174329.0,2378.94,1239.03,28.77,17.0,10.0,True,Tinta Antifouling 5779,Tinta antiincrustante 3.6L para casco,1,8,91314261,L,True,Hélices,helices,1.0,True,Yamaha Marine,,True
558,274,LHN-427636,2844751637850.0,1757.24,1246.27,38.443,18.0,10.0,True,Tinta Antifouling 5779,Tinta antiincrustante 3.6L para casco,1,8,91314261,L,True,Hélices,helices,1.0,True,Yamaha Marine,,True
559,274,LHN-871349,66543356110.0,893.57,444.56,36.934,12.0,0.0,True,Tinta Antifouling 5779,Tinta antiincrustante 3.6L para casco,1,8,91314261,L,True,Hélices,helices,1.0,True,Yamaha Marine,,True
560,275,LHN-075781,1230527385802.0,2092.58,1597.39,3.424,12.0,5.0,True,Cabo Náutico 5921,Cabo de polipropileno trançado,2,12,65691283,M,True,Manutenção,manutencao,1.0,True,Mercury Marine,BR,True
561,275,LHN-886714,,3757.73,1833.04,28.534,18.0,0.0,True,Cabo Náutico 5921,Cabo de polipropileno trançado,2,12,65691283,M,True,Manutenção,manutencao,1.0,True,Mercury Marine,BR,True
562,275,LHN-041332,,2350.61,1643.78,37.312,18.0,5.0,True,Cabo Náutico 5921,Cabo de polipropileno trançado,2,12,65691283,M,True,Manutenção,manutencao,1.0,True,Mercury Marine,BR,True
563,276,LHN-790801,,726.72,474.98,41.887,17.0,10.0,True,GPS Plotter 4567,GPS chartplotter com cartografia,12,9,30409252,UN,True,Acessórios de Convés,acessorios-de-conves,2.0,True,Marisul,BR,True
564,276,LHN-518587,2683194243170.0,2570.99,1374.86,14.588,18.0,5.0,True,GPS Plotter 4567,GPS chartplotter com cartografia,12,9,30409252,UN,True,Acessórios de Convés,acessorios-de-conves,2.0,True,Marisul,BR,True
565,277,LHN-435746,,3816.76,1800.36,18.608,12.0,10.0,True,Cabo Náutico 3697,Cabo de polipropileno trançado,10,3,59674222,M,True,Coletes Salva-Vidas,coletes-salva-vidas,,True,MaxSea,JP,True
566,277,LHN-719568,,283.33,143.82,28.278,17.0,0.0,True,Cabo Náutico 3697,Cabo de polipropileno trançado,10,3,59674222,M,True,Coletes Salva-Vidas,coletes-salva-vidas,,True,MaxSea,JP,True
567,277,LHN-908775,4004920527155.0,146.48,108.5,39.629,12.0,5.0,True,Cabo Náutico 3697,Cabo de polipropileno trançado,10,3,59674222,M,True,Coletes Salva-Vidas,coletes-salva-vidas,,True,MaxSea,JP,True
568,278,LHN-684856,,731.85,348.5,32.932,12.0,5.0,True,Sonar Transducer 5470,Transdutor de sonar para profundidade,12,10,40585357,UN,True,Iluminação,iluminacao,1.0,True,Marisul,BR,True
569,279,LHN-917820,6627036974347.0,207.99,144.44,18.772,18.0,10.0,True,Vela Mestra 8447,Vela mestra em dacron para veleiros 32 pés,3,14,47592753,UN,True,Pesca,pesca,1.0,True,Suzuki Marine,DE,True
570,279,LHN-491289,1029068821654.0,2364.78,1188.33,0.538,17.0,5.0,True,Vela Mestra 8447,Vela mestra em dacron para veleiros 32 pés,3,14,47592753,UN,True,Pesca,pesca,1.0,True,Suzuki Marine,DE,True
571,279,LHN-676634,,3536.51,1676.07,10.036,17.0,0.0,True,Vela Mestra 8447,Vela mestra em dacron para veleiros 32 pés,3,14,47592753,UN,True,Pesca,pesca,1.0,True,Suzuki Marine,DE,True
572,280,LHN-873226,,3372.44,1873.58,46.848,12.0,0.0,True,Defensa Náutica 7532,Defensa cilíndrica em PVC,8,14,23730306,PC,True,Pesca,pesca,1.0,True,Simrad,,True
573,281,LHN-015632,8069744552772.0,776.14,384.23,37.006,17.0,10.0,True,Vela Mestra 8105,Vela mestra em dacron para veleiros 32 pés,9,5,71546276,UN,True,Eletrônica Náutica,eletronica-nautica,2.0,True,Volvo Penta,JP,True
574,282,LHN-854499,9963561996810.0,2342.19,1649.43,40.626,17.0,5.0,True,Cabo Náutico 8086,Cabo de polipropileno trançado,5,1,85261382,M,True,Equipamentos,equipamentos,,True,Garmin,,True
575,283,LHN-721865,3997761524654.0,2522.95,1529.06,28.938,17.0,0.0,True,Defensa Náutica 3209,Defensa cilíndrica em PVC,1,8,93647400,PC,True,Hélices,helices,1.0,True,Yamaha Marine,,True
576,283,LHN-292842,5133644435305.0,2430.46,1787.1,28.137,18.0,10.0,True,Defensa Náutica 3209,Defensa cilíndrica em PVC,1,8,93647400,PC,True,Hélices,helices,1.0,True,Yamaha Marine,,True
577,283,LHN-408172,9962149680783.0,2670.7,1543.76,23.484,12.0,0.0,True,Defensa Náutica 3209,Defensa cilíndrica em PVC,1,8,93647400,PC,True,Hélices,helices,1.0,True,Yamaha Marine,,True
578,284,LHN-645763,7264064420195.0,1420.38,759.56,44.19,12.0,0.0,True,Bússola de Bordo 7525,,7,5,75583728,UN,True,Eletrônica Náutica,eletronica-nautica,2.0,True,Lowrance,IT,True
579,284,LHN-484545,2192107876607.0,1495.48,971.09,17.789,17.0,10.0,True,Bússola de Bordo 7525,,7,5,75583728,UN,True,Eletrônica Náutica,eletronica-nautica,2.0,True,Lowrance,IT,True
580,285,LHN-195055,860028918790.0,1589.69,806.95,32.053,18.0,10.0,True,Âncora Bruce 1131,Âncora de garra tipo Bruce em aço galvanizado,6,1,20662250,UN,True,Equipamentos,equipamentos,,True,Raymarine,,True
581,285,LHN-917244,5705221262873.0,1781.99,886.56,29.949,17.0,5.0,True,Âncora Bruce 1131,Âncora de garra tipo Bruce em aço galvanizado,6,1,20662250,UN,True,Equipamentos,equipamentos,,True,Raymarine,,True
582,286,LHN-412185,1644473523759.0,2156.0,1409.15,31.901,17.0,5.0,True,Bússola de Bordo 7461,Bússola magnética líquida com iluminação,5,5,15705321,UN,True,Eletrônica Náutica,eletronica-nautica,2.0,True,Garmin,,True
583,286,LHN-359577,2102157186977.0,1532.52,928.8,3.67,17.0,5.0,True,Bússola de Bordo 7461,Bússola magnética líquida com iluminação,5,5,15705321,UN,True,Eletrônica Náutica,eletronica-nautica,2.0,True,Garmin,,True
584,286,LHN-654340,3194831782154.0,1569.81,839.47,32.256,18.0,0.0,True,Bússola de Bordo 7461,Bússola magnética líquida com iluminação,5,5,15705321,UN,True,Eletrônica Náutica,eletronica-nautica,2.0,True,Garmin,,True
585,287,LHN-583535,3496214158328.0,2013.71,1324.81,7.537,17.0,5.0,True,Âncora Bruce 4980,Âncora de garra tipo Bruce em aço galvanizado,9,5,63040083,UN,True,Eletrônica Náutica,eletronica-nautica,2.0,True,Volvo Penta,JP,True
586,288,LHN-916696,7546746405776.0,2142.5,1635.5,49.507,18.0,0.0,True,Vela Mestra 5566,Vela mestra em dacron para veleiros 32 pés,8,8,56593785,UN,True,Hélices,helices,1.0,True,Simrad,,True
587,288,LHN-980298,1828765317107.0,2399.92,1116.24,38.439,18.0,5.0,True,Vela Mestra 5566,Vela mestra em dacron para veleiros 32 pés,8,8,56593785,UN,True,Hélices,helices,1.0,True,Simrad,,True
588,289,LHN-913369,4567590592774.0,3211.23,1473.04,42.076,12.0,0.0,True,Motor de Popa 8515,Motor de popa 4 tempos para embarcações de lazer,9,11,31465311,UN,True,Pintura Marítima,pintura-maritima,1.0,True,Volvo Penta,JP,True
589,289,LHN-129395,5700912558310.0,1148.81,883.7,33.136,12.0,10.0,True,Motor de Popa 8515,Motor de popa 4 tempos para embarcações de lazer,9,11,31465311,UN,True,Pintura Marítima,pintura-maritima,1.0,True,Volvo Penta,JP,True
590,289,LHN-899497,,1446.19,835.95,40.574,12.0,5.0,True,Motor de Popa 8515,Motor de popa 4 tempos para embarcações de lazer,9,11,31465311,UN,True,Pintura Marítima,pintura-maritima,1.0,True,Volvo Penta,JP,True
591,290,LHN-656185,9657995544180.0,2199.16,1349.18,34.458,12.0,0.0,True,Defensa Náutica 6113,Defensa cilíndrica em PVC,4,1,11894235,PC,True,Equipamentos,equipamentos,,True,Honda Marine,,True
592,290,LHN-788662,7901684462715.0,589.87,310.46,14.161,18.0,5.0,True,Defensa Náutica 6113,Defensa cilíndrica em PVC,4,1,11894235,PC,True,Equipamentos,equipamentos,,True,Honda Marine,,True
593,291,LHN-564110,,2583.58,1304.84,28.335,17.0,0.0,True,GPS Plotter 4422,GPS chartplotter com cartografia,4,8,83012797,UN,True,Hélices,helices,1.0,True,Honda Marine,,True
594,291,LHN-420141,7003134820134.0,1601.47,964.74,36.002,17.0,0.0,True,GPS Plotter 4422,GPS chartplotter com cartografia,4,8,83012797,UN,True,Hélices,helices,1.0,True,Honda Marine,,True
595,292,LHN-448212,7544395375419.0,1956.25,1270.29,5.698,12.0,10.0,True,Vela Mestra 7242,Vela mestra em dacron para veleiros 32 pés,8,8,19196102,UN,True,Hélices,helices,1.0,True,Simrad,,True
596,293,LHN-037674,573591677734.0,2495.2,1450.7,33.587,18.0,10.0,True,GPS Plotter 7173,GPS chartplotter com cartografia,11,13,94083440,UN,True,SEGURANÇA,seguranca,2.0,True,BR Náutica,IT,True
597,293,LHN-861308,7848779110857.0,1508.23,1160.18,36.737,17.0,10.0,True,GPS Plotter 7173,GPS chartplotter com cartografia,11,13,94083440,UN,True,SEGURANÇA,seguranca,2.0,True,BR Náutica,IT,True
598,293,LHN-468573,6221415518872.0,1907.91,1247.0,34.252,17.0,0.0,True,GPS Plotter 7173,GPS chartplotter com cartografia,11,13,94083440,UN,True,SEGURANÇA,seguranca,2.0,True,BR Náutica,IT,True
599,294,LHN-702214,3885683802366.0,1785.47,959.93,9.842,17.0,10.0,True,Vela Mestra 5034,Vela mestra em dacron para veleiros 32 pés,5,7,96493154,UN,True,Âncoras,ncoras,1.0,True,Garmin,,True
600,294,LHN-618715,5148291819514.0,1056.69,590.33,34.859,12.0,10.0,True,Vela Mestra 5034,Vela mestra em dacron para veleiros 32 pés,5,7,96493154,UN,True,Âncoras,ncoras,1.0,True,Garmin,,True
601,294,LHN-692364,9457990604366.0,2631.86,1196.3,38.866,12.0,5.0,True,Vela Mestra 5034,Vela mestra em dacron para veleiros 32 pés,5,7,96493154,UN,True,Âncoras,ncoras,1.0,True,Garmin,,True
602,295,LHN-542912,6353107521850.0,2133.34,1557.18,19.463,18.0,5.0,True,Cabo Náutico 2105,Cabo de polipropileno trançado,7,8,96535904,M,True,Hélices,helices,1.0,True,Lowrance,IT,True
603,295,LHN-924386,,2282.68,1201.41,33.338,17.0,5.0,True,Cabo Náutico 2105,Cabo de polipropileno trançado,7,8,96535904,M,True,Hélices,helices,1.0,True,Lowrance,IT,True
604,295,LHN-131725,42256326275.0,621.48,310.74,17.881,17.0,5.0,True,Cabo Náutico 2105,Cabo de polipropileno trançado,7,8,96535904,M,True,Hélices,helices,1.0,True,Lowrance,IT,True
605,296,LHN-718906,2335364364757.0,730.26,549.07,7.183,12.0,5.0,True,Vela Mestra 9794,Vela mestra em dacron para veleiros 32 pés,10,4,63850364,UN,True,Motores,motores,3.0,True,MaxSea,JP,True
606,297,LHN-408806,1058911840153.0,2160.03,1661.56,15.085,18.0,0.0,False,Tinta Antifouling 9136,Tinta antiincrustante 3.6L para casco,12,8,16298869,L,True,Hélices,helices,1.0,True,Marisul,BR,True
607,297,LHN-347725,,2276.42,1115.89,4.476,12.0,10.0,True,Tinta Antifouling 9136,Tinta antiincrustante 3.6L para casco,12,8,16298869,L,True,Hélices,helices,1.0,True,Marisul,BR,True
608,298,LHN-462189,1000850119326.0,1612.21,953.97,13.037,17.0,5.0,True,Motor de Popa 2640,Motor de popa 4 tempos para embarcações de lazer,11,4,41321254,UN,True,Motores,motores,3.0,True,BR Náutica,IT,True
609,298,LHN-899760,693558343530.0,1498.6,948.48,17.585,17.0,5.0,True,Motor de Popa 2640,Motor de popa 4 tempos para embarcações de lazer,11,4,41321254,UN,True,Motores,motores,3.0,True,BR Náutica,IT,True
610,299,LHN-827758,785927669416.0,1191.46,916.51,36.165,17.0,0.0,True,Hélice de Alumínio 9238,Hélice 3 pás para motor de popa,5,13,24924446,UN,False,SEGURANÇA,seguranca,2.0,True,Garmin,,True
611,299,LHN-062625,4583433136202.0,2127.18,1427.64,10.496,12.0,10.0,True,Hélice de Alumínio 9238,Hélice 3 pás para motor de popa,5,13,24924446,UN,False,SEGURANÇA,seguranca,2.0,True,Garmin,,True
612,299,LHN-687366,780880367478.0,2363.8,1094.35,39.357,18.0,0.0,True,Hélice de Alumínio 9238,Hélice 3 pás para motor de popa,5,13,24924446,UN,False,SEGURANÇA,seguranca,2.0,True,Garmin,,True
613,300,LHN-292504,4387219651275.0,3651.21,1763.87,24.682,12.0,10.0,True,GPS Plotter 7543,GPS chartplotter com cartografia,5,2,53140608,UN,True,Cabos,cabos,,True,Garmin,,True
614,301,LHN-806234,,2116.68,1022.55,45.513,18.0,5.0,True,Bússola de Bordo 4621,Bússola magnética líquida com iluminação,6,8,39174855,UN,True,Hélices,helices,1.0,True,Raymarine,,True
615,301,LHN-285203,4440647182343.0,2256.51,1343.16,27.666,18.0,10.0,True,Bússola de Bordo 4621,Bússola magnética líquida com iluminação,6,8,39174855,UN,True,Hélices,helices,1.0,True,Raymarine,,True
616,301,LHN-906906,1416662785299.0,1920.15,955.3,41.4,12.0,5.0,True,Bússola de Bordo 4621,Bússola magnética líquida com iluminação,6,8,39174855,UN,True,Hélices,helices,1.0,True,Raymarine,,True
617,302,LHN-492596,6677602017862.0,1506.58,1011.13,19.226,12.0,5.0,True,GPS Plotter 9135,GPS chartplotter com cartografia,9,7,47838717,UN,True,Âncoras,ncoras,1.0,True,Volvo Penta,JP,True
618,302,LHN-117807,3550888423219.0,2177.25,1343.98,6.186,12.0,5.0,True,GPS Plotter 9135,GPS chartplotter com cartografia,9,7,47838717,UN,True,Âncoras,ncoras,1.0,True,Volvo Penta,JP,True
619,303,LHN-871027,2123044322650.0,988.7,531.56,12.084,12.0,10.0,True,Bússola de Bordo 7024,Bússola magnética líquida com iluminação,6,2,92372356,UN,True,Cabos,cabos,,True,Raymarine,,True
620,303,LHN-604235,2189782159057.0,3138.93,1626.39,0.353,18.0,10.0,True,Bússola de Bordo 7024,Bússola magnética líquida com iluminação,6,2,92372356,UN,True,Cabos,cabos,,True,Raymarine,,True
621,303,LHN-122468,6782171765646.0,541.54,370.92,42.816,12.0,0.0,True,Bússola de Bordo 7024,Bússola magnética líquida com iluminação,6,2,92372356,UN,True,Cabos,cabos,,True,Raymarine,,True
622,304,LHN-140436,45062396159.0,1252.68,707.73,34.566,18.0,10.0,True,Hélice de Alumínio 7333,Hélice 3 pás para motor de popa,8,3,13869626,UN,True,Coletes Salva-Vidas,coletes-salva-vidas,,True,Simrad,,True
623,304,LHN-681853,8725841367885.0,1848.51,993.82,16.511,17.0,0.0,True,Hélice de Alumínio 7333,Hélice 3 pás para motor de popa,8,3,13869626,UN,True,Coletes Salva-Vidas,coletes-salva-vidas,,True,Simrad,,True
624,304,LHN-582104,4444980054626.0,2409.28,1811.49,6.088,12.0,10.0,True,Hélice de Alumínio 7333,Hélice 3 pás para motor de popa,8,3,13869626,UN,True,Coletes Salva-Vidas,coletes-salva-vidas,,True,Simrad,,True
625,305,LHN-192859,1611905263996.0,1556.72,798.32,20.645,18.0,10.0,True,Bateria Náutica 5556,Bateria estacionária 105Ah náutica,2,11,62713640,UN,True,Pintura Marítima,pintura-maritima,1.0,True,Mercury Marine,BR,True
626,306,LHN-485454,,1705.1,1217.93,37.118,17.0,0.0,True,Cabo Náutico 9175,Cabo de polipropileno trançado,3,5,48093139,M,True,Eletrônica Náutica,eletronica-nautica,2.0,True,Suzuki Marine,DE,True
627,306,LHN-817855,284937295900.0,638.76,443.58,6.991,18.0,5.0,True,Cabo Náutico 9175,Cabo de polipropileno trançado,3,5,48093139,M,True,Eletrônica Náutica,eletronica-nautica,2.0,True,Suzuki Marine,DE,True
628,307,LHN-035936,9408025789510.0,2933.46,1880.42,7.013,17.0,5.0,True,Vela Mestra 6857,Vela mestra em dacron para veleiros 32 pés,2,5,99797994,UN,True,Eletrônica Náutica,eletronica-nautica,2.0,True,Mercury Marine,BR,True
629,308,LHN-134809,15266016412.0,1049.34,628.35,30.334,12.0,0.0,True,Motor de Popa 1540,Motor de popa 4 tempos para embarcações de lazer,7,9,53823373,UN,True,Acessórios de Convés,acessorios-de-conves,2.0,True,Lowrance,IT,True
630,308,LHN-610716,6176534525211.0,2076.65,1033.16,6.266,18.0,0.0,True,Motor de Popa 1540,Motor de popa 4 tempos para embarcações de lazer,7,9,53823373,UN,True,Acessórios de Convés,acessorios-de-conves,2.0,True,Lowrance,IT,True
631,308,LHN-599912,2503738081504.0,2538.86,1908.92,22.889,17.0,0.0,True,Motor de Popa 1540,Motor de popa 4 tempos para embarcações de lazer,7,9,53823373,UN,True,Acessórios de Convés,acessorios-de-conves,2.0,True,Lowrance,IT,True
632,309,LHN-095344,3066864247699.0,1472.59,1059.42,7.245,18.0,5.0,True,Motor de Popa 4415,Motor de popa 4 tempos para embarcações de lazer,6,12,19330662,UN,True,Manutenção,manutencao,1.0,True,Raymarine,,True
633,310,LHN-816734,2835174631105.0,1598.51,757.59,11.559,17.0,10.0,True,Vela Mestra 8489,Vela mestra em dacron para veleiros 32 pés,6,4,96941724,UN,True,Motores,motores,3.0,True,Raymarine,,True
634,310,LHN-670653,8877300227183.0,2123.91,1352.81,1.195,18.0,5.0,True,Vela Mestra 8489,Vela mestra em dacron para veleiros 32 pés,6,4,96941724,UN,True,Motores,motores,3.0,True,Raymarine,,True
635,311,LHN-206789,6347865642568.0,2637.92,1983.4,46.307,17.0,10.0,True,GPS Plotter 2249,GPS chartplotter com cartografia,9,8,79004343,UN,True,Hélices,helices,1.0,True,Volvo Penta,JP,True
636,311,LHN-031013,7979589458508.0,704.36,323.1,8.329,18.0,10.0,True,GPS Plotter 2249,GPS chartplotter com cartografia,9,8,79004343,UN,True,Hélices,helices,1.0,True,Volvo Penta,JP,True
637,311,LHN-014296,5681721139795.0,1006.34,666.45,14.18,18.0,0.0,True,GPS Plotter 2249,GPS chartplotter com cartografia,9,8,79004343,UN,True,Hélices,helices,1.0,True,Volvo Penta,JP,True
638,312,LHN-698979,798495580281.0,2334.45,1235.16,14.107,18.0,5.0,True,Âncora Bruce 831,Âncora de garra tipo Bruce em aço galvanizado,5,11,97383668,UN,True,Pintura Marítima,pintura-maritima,1.0,True,Garmin,,True
639,312,LHN-574927,198887416547.0,2542.44,1522.42,2.699,12.0,10.0,True,Âncora Bruce 831,Âncora de garra tipo Bruce em aço galvanizado,5,11,97383668,UN,True,Pintura Marítima,pintura-maritima,1.0,True,Garmin,,True
640,312,LHN-843637,7833778184749.0,2003.96,1214.52,47.506,18.0,10.0,True,Âncora Bruce 831,Âncora de garra tipo Bruce em aço galvanizado,5,11,97383668,UN,True,Pintura Marítima,pintura-maritima,1.0,True,Garmin,,True
641,313,LHN-544876,1107205417981.0,409.45,310.19,49.03,12.0,5.0,True,Colete Salva-Vidas 3456,Colete homologado classe III,1,6,85931561,UN,True,Velas,velas,3.0,True,Yamaha Marine,,True
642,313,LHN-250832,9639267183020.0,2706.27,1919.34,47.616,18.0,0.0,True,Colete Salva-Vidas 3456,Colete homologado classe III,1,6,85931561,UN,True,Velas,velas,3.0,True,Yamaha Marine,,True
643,313,LHN-020586,2347022088752.0,2612.86,1979.44,27.405,12.0,0.0,True,Colete Salva-Vidas 3456,Colete homologado classe III,1,6,85931561,UN,True,Velas,velas,3.0,True,Yamaha Marine,,True
644,314,LHN-915311,8594400231451.0,2127.27,1372.43,26.137,17.0,0.0,True,Tinta Antifouling 2982,Tinta antiincrustante 3.6L para casco,5,12,95666107,L,True,Manutenção,manutencao,1.0,True,Garmin,,True
645,315,LHN-284589,,2300.24,1285.05,42.175,12.0,5.0,True,Defensa Náutica 2949,Defensa cilíndrica em PVC,4,6,59372387,PC,True,Velas,velas,3.0,True,Honda Marine,,True
646,315,LHN-347611,5172347376485.0,3118.42,1484.96,29.048,12.0,10.0,True,Defensa Náutica 2949,Defensa cilíndrica em PVC,4,6,59372387,PC,True,Velas,velas,3.0,True,Honda Marine,,True
647,316,LHN-131621,4363598801913.0,432.55,302.48,43.208,17.0,10.0,True,Cabo Náutico 6564,Cabo de polipropileno trançado,9,5,89348467,M,True,Eletrônica Náutica,eletronica-nautica,2.0,True,Volvo Penta,JP,True
648,316,LHN-381336,3210597514188.0,2309.21,1382.76,49.871,12.0,5.0,True,Cabo Náutico 6564,Cabo de polipropileno trançado,9,5,89348467,M,True,Eletrônica Náutica,eletronica-nautica,2.0,True,Volvo Penta,JP,True
649,317,LHN-682824,2720411377796.0,3063.6,1750.63,6.388,12.0,0.0,True,Defensa Náutica 3153,Defensa cilíndrica em PVC,2,2,35688444,PC,True,Cabos,cabos,,True,Mercury Marine,BR,True
650,318,LHN-026498,9004341784484.0,637.52,303.58,15.402,17.0,10.0,True,Defensa Náutica 6926,Defensa cilíndrica em PVC,3,1,12085418,PC,True,Equipamentos,equipamentos,,True,Suzuki Marine,DE,True
651,318,LHN-281319,3667815079903.0,1317.12,813.04,34.717,18.0,5.0,True,Defensa Náutica 6926,Defensa cilíndrica em PVC,3,1,12085418,PC,True,Equipamentos,equipamentos,,True,Suzuki Marine,DE,True
652,318,LHN-850651,6443670688446.0,3265.94,1701.01,26.524,18.0,10.0,False,Defensa Náutica 6926,Defensa cilíndrica em PVC,3,1,12085418,PC,True,Equipamentos,equipamentos,,True,Suzuki Marine,DE,True
653,319,LHN-494029,2367485637144.0,1821.2,1017.43,31.473,18.0,5.0,True,Defensa Náutica 8553,Defensa cilíndrica em PVC,6,14,74134688,PC,True,Pesca,pesca,1.0,True,Raymarine,,True
654,320,LHN-291655,4956902305551.0,689.26,475.35,8.806,12.0,0.0,True,Colete Salva-Vidas 7959,,11,4,74335603,UN,True,Motores,motores,3.0,True,BR Náutica,IT,True
655,320,LHN-752236,1294752646480.0,1089.64,656.41,11.571,17.0,10.0,True,Colete Salva-Vidas 7959,,11,4,74335603,UN,True,Motores,motores,3.0,True,BR Náutica,IT,True
656,321,LHN-609811,4118063400906.0,3170.64,1447.78,27.935,17.0,0.0,True,Colete Salva-Vidas 7573,Colete homologado classe III,5,6,37566276,UN,True,Velas,velas,3.0,True,Garmin,,True
657,321,LHN-678117,4334934127424.0,909.81,483.94,0.824,12.0,0.0,True,Colete Salva-Vidas 7573,Colete homologado classe III,5,6,37566276,UN,True,Velas,velas,3.0,True,Garmin,,True
658,322,LHN-479470,2730181782225.0,3840.35,1777.94,47.894,12.0,0.0,True,Bateria Náutica 2619,Bateria estacionária 105Ah náutica,5,7,69535726,UN,True,Âncoras,ncoras,1.0,True,Garmin,,True
659,322,LHN-816287,7521364214658.0,1282.94,903.48,40.286,17.0,5.0,True,Bateria Náutica 2619,Bateria estacionária 105Ah náutica,5,7,69535726,UN,True,Âncoras,ncoras,1.0,True,Garmin,,True
660,322,LHN-749348,8459671270281.0,1997.92,1003.98,21.983,12.0,10.0,True,Bateria Náutica 2619,Bateria estacionária 105Ah náutica,5,7,69535726,UN,True,Âncoras,ncoras,1.0,True,Garmin,,True
661,323,LHN-387803,8809426341153.0,2526.33,1609.13,7.035,17.0,0.0,True,Âncora Bruce 7053,Âncora de garra tipo Bruce em aço galvanizado,4,3,88471323,UN,True,Coletes Salva-Vidas,coletes-salva-vidas,,True,Honda Marine,,True
662,323,LHN-449939,7810614252657.0,2501.65,1158.17,33.981,18.0,5.0,True,Âncora Bruce 7053,Âncora de garra tipo Bruce em aço galvanizado,4,3,88471323,UN,True,Coletes Salva-Vidas,coletes-salva-vidas,,True,Honda Marine,,True
663,324,LHN-277318,7831349147698.0,2491.36,1660.91,48.682,18.0,10.0,True,Colete Salva-Vidas 5603,Colete homologado classe III,10,6,67292394,UN,True,Velas,velas,3.0,True,MaxSea,JP,True
664,325,LHN-217887,3162680691217.0,272.66,132.36,28.325,12.0,10.0,True,Âncora Bruce 5388,Âncora de garra tipo Bruce em aço galvanizado,11,5,50750897,UN,True,Eletrônica Náutica,eletronica-nautica,2.0,True,BR Náutica,IT,True
665,326,LHN-173874,8158516444688.0,406.78,229.82,4.228,17.0,5.0,True,Defensa Náutica 824,Defensa cilíndrica em PVC,4,14,54959077,PC,True,Pesca,pesca,1.0,True,Honda Marine,,True
666,327,LHN-554419,1237999860202.0,1960.57,1352.12,29.608,12.0,5.0,True,Sonar Transducer 4970,Transdutor de sonar para profundidade,12,1,99253380,UN,True,Equipamentos,equipamentos,,True,Marisul,BR,True
667,327,LHN-422108,1732501151293.0,1611.17,866.22,22.081,12.0,10.0,True,Sonar Transducer 4970,Transdutor de sonar para profundidade,12,1,99253380,UN,True,Equipamentos,equipamentos,,True,Marisul,BR,True
668,327,LHN-626693,9316186431868.0,872.52,407.72,4.5,17.0,0.0,True,Sonar Transducer 4970,Transdutor de sonar para profundidade,12,1,99253380,UN,True,Equipamentos,equipamentos,,True,Marisul,BR,True
669,328,LHN-584528,3199879788236.0,2612.73,1964.46,23.069,18.0,10.0,True,Vela Mestra 8368,Vela mestra em dacron para veleiros 32 pés,10,5,79749297,UN,True,Eletrônica Náutica,eletronica-nautica,2.0,True,MaxSea,JP,True
670,328,LHN-261846,6633490185755.0,1483.18,982.24,31.874,17.0,0.0,True,Vela Mestra 8368,Vela mestra em dacron para veleiros 32 pés,10,5,79749297,UN,True,Eletrônica Náutica,eletronica-nautica,2.0,True,MaxSea,JP,True
671,328,LHN-877214,7072138813152.0,1603.95,729.07,23.466,12.0,10.0,True,Vela Mestra 8368,Vela mestra em dacron para veleiros 32 pés,10,5,79749297,UN,True,Eletrônica Náutica,eletronica-nautica,2.0,True,MaxSea,JP,True
672,329,LHN-113894,,172.41,127.71,27.433,12.0,5.0,True,Colete Salva-Vidas 3098,Colete homologado classe III,9,5,56405625,UN,True,Eletrônica Náutica,eletronica-nautica,2.0,True,Volvo Penta,JP,True
673,329,LHN-047540,494333137340.0,2866.84,1309.06,22.087,17.0,0.0,True,Colete Salva-Vidas 3098,Colete homologado classe III,9,5,56405625,UN,True,Eletrônica Náutica,eletronica-nautica,2.0,True,Volvo Penta,JP,True
674,330,LHN-965695,8304060505676.0,1350.67,918.82,46.081,12.0,10.0,True,Bússola de Bordo 4659,Bússola magnética líquida com iluminação,9,6,81088863,UN,True,Velas,velas,3.0,True,Volvo Penta,JP,True
675,331,LHN-260560,4750246008198.0,3588.36,1741.92,40.697,17.0,10.0,True,Bateria Náutica 5936,Bateria estacionária 105Ah náutica,1,5,15478544,UN,True,Eletrônica Náutica,eletronica-nautica,2.0,True,Yamaha Marine,,True
676,331,LHN-843270,6085686438884.0,2979.2,1460.39,46.534,18.0,5.0,True,Bateria Náutica 5936,Bateria estacionária 105Ah náutica,1,5,15478544,UN,True,Eletrônica Náutica,eletronica-nautica,2.0,True,Yamaha Marine,,True
677,332,LHN-470781,4275800378871.0,586.74,351.34,48.234,12.0,0.0,True,Bateria Náutica 9527,Bateria estacionária 105Ah náutica,2,5,86608788,UN,True,Eletrônica Náutica,eletronica-nautica,2.0,True,Mercury Marine,BR,True
678,333,LHN-854199,1113057495596.0,977.01,578.11,27.857,18.0,10.0,True,Bússola de Bordo 180,Bússola magnética líquida com iluminação,2,5,28986916,UN,True,Eletrônica Náutica,eletronica-nautica,2.0,True,Mercury Marine,BR,True
679,333,LHN-548265,9176580874032.0,2249.45,1229.21,44.162,18.0,10.0,True,Bússola de Bordo 180,Bússola magnética líquida com iluminação,2,5,28986916,UN,True,Eletrônica Náutica,eletronica-nautica,2.0,True,Mercury Marine,BR,True
680,333,LHN-471942,4164973291400.0,1389.22,985.26,17.71,12.0,5.0,True,Bússola de Bordo 180,Bússola magnética líquida com iluminação,2,5,28986916,UN,True,Eletrônica Náutica,eletronica-nautica,2.0,True,Mercury Marine,BR,True
681,334,LHN-390665,4307060267586.0,1066.34,725.4,25.461,12.0,0.0,True,Tinta Antifouling 3404,Tinta antiincrustante 3.6L para casco,7,7,19995161,L,True,Âncoras,ncoras,1.0,True,Lowrance,IT,True
682,334,LHN-122922,4103581620820.0,3599.89,1865.23,36.472,17.0,10.0,True,Tinta Antifouling 3404,Tinta antiincrustante 3.6L para casco,7,7,19995161,L,True,Âncoras,ncoras,1.0,True,Lowrance,IT,True
683,335,LHN-246918,2129121775395.0,2956.19,1944.86,31.629,17.0,0.0,True,Vela Mestra 8049,Vela mestra em dacron para veleiros 32 pés,12,11,86149733,UN,True,Pintura Marítima,pintura-maritima,1.0,True,Marisul,BR,True
684,335,LHN-581685,3413508779854.0,720.71,554.39,46.615,12.0,0.0,True,Vela Mestra 8049,Vela mestra em dacron para veleiros 32 pés,12,11,86149733,UN,True,Pintura Marítima,pintura-maritima,1.0,True,Marisul,BR,True
685,335,LHN-430949,,616.77,408.46,16.393,12.0,10.0,True,Vela Mestra 8049,Vela mestra em dacron para veleiros 32 pés,12,11,86149733,UN,True,Pintura Marítima,pintura-maritima,1.0,True,Marisul,BR,True
686,336,LHN-569640,1217087506465.0,2970.94,1941.79,13.765,12.0,5.0,True,Bateria Náutica 2400,Bateria estacionária 105Ah náutica,5,1,44078473,UN,True,Equipamentos,equipamentos,,True,Garmin,,True
687,337,LHN-862057,,1168.61,758.84,19.554,17.0,5.0,True,Cabo Náutico 9048,Cabo de polipropileno trançado,7,6,65984906,M,True,Velas,velas,3.0,True,Lowrance,IT,True
688,337,LHN-021213,,3648.57,1871.06,28.065,17.0,10.0,True,Cabo Náutico 9048,Cabo de polipropileno trançado,7,6,65984906,M,True,Velas,velas,3.0,True,Lowrance,IT,True
689,337,LHN-841359,,2844.46,1422.23,34.775,18.0,10.0,True,Cabo Náutico 9048,Cabo de polipropileno trançado,7,6,65984906,M,True,Velas,velas,3.0,True,Lowrance,IT,True
690,338,LHN-478550,4050916600777.0,2340.26,1206.32,14.311,17.0,10.0,True,Cabo Náutico 5724,Cabo de polipropileno trançado,10,8,12126860,M,True,Hélices,helices,1.0,True,MaxSea,JP,True
691,338,LHN-102830,6648096045860.0,2328.88,1595.12,6.662,17.0,0.0,True,Cabo Náutico 5724,Cabo de polipropileno trançado,10,8,12126860,M,True,Hélices,helices,1.0,True,MaxSea,JP,True
692,339,LHN-727967,4848494841909.0,1636.08,1090.72,18.889,12.0,10.0,True,Sonar Transducer 6256,Transdutor de sonar para profundidade,6,9,70968357,UN,True,Acessórios de Convés,acessorios-de-conves,2.0,True,Raymarine,,True
693,340,LHN-793303,1150619926778.0,2719.62,1825.25,25.058,12.0,10.0,True,GPS Pltoter 3205,GPS chartplotter com cartografia,3,14,59533228,UN,True,Pesca,pesca,1.0,True,Suzuki Marine,DE,True
694,340,LHN-954975,4729594776905.0,1330.2,847.26,23.342,18.0,0.0,True,GPS Pltoter 3205,GPS chartplotter com cartografia,3,14,59533228,UN,True,Pesca,pesca,1.0,True,Suzuki Marine,DE,True
695,340,LHN-271246,4221976711561.0,2518.29,1455.66,43.557,18.0,10.0,True,GPS Pltoter 3205,GPS chartplotter com cartografia,3,14,59533228,UN,True,Pesca,pesca,1.0,True,Suzuki Marine,DE,True
696,341,LHN-556102,1862771577568.0,2868.84,1687.55,32.003,17.0,0.0,True,Vela Mestra 7122,,1,12,13703585,UN,True,Manutenção,manutencao,1.0,True,Yamaha Marine,,True
697,341,LHN-937664,6945254210192.0,2643.33,1762.22,8.355,12.0,0.0,True,Vela Mestra 7122,,1,12,13703585,UN,True,Manutenção,manutencao,1.0,True,Yamaha Marine,,True
698,342,LHN-138558,4903876543236.0,1208.32,805.55,13.506,12.0,5.0,True,asdf,Cabo de polipropileno trançado,10,12,75867902,M,True,Manutenção,manutencao,1.0,True,MaxSea,JP,True
699,342,LHN-466226,2317866419944.0,2481.23,1908.64,27.601,17.0,0.0,True,asdf,Cabo de polipropileno trançado,10,12,75867902,M,True,Manutenção,manutencao,1.0,True,MaxSea,JP,True
700,342,LHN-073013,1857471870255.0,1282.91,782.26,45.16,17.0,0.0,True,asdf,Cabo de polipropileno trançado,10,12,75867902,M,True,Manutenção,manutencao,1.0,True,MaxSea,JP,True
701,343,LHN-288157,1065503854641.0,1036.97,656.31,45.505,12.0,0.0,True,Bússola de Bordo 2338,Bússola magnética líquida com iluminação,7,11,39411903,UN,True,Pintura Marítima,pintura-maritima,1.0,True,Lowrance,IT,True
702,344,LHN-037625,2081311327978.0,1993.48,1159.0,49.229,18.0,5.0,False,Âncora Bruce 3286,Âncora de garra tipo Bruce em aço galvanizado,5,13,51509934,UN,True,SEGURANÇA,seguranca,2.0,True,Garmin,,True
703,344,LHN-233989,,2002.01,1053.69,5.293,18.0,10.0,True,Âncora Bruce 3286,Âncora de garra tipo Bruce em aço galvanizado,5,13,51509934,UN,True,SEGURANÇA,seguranca,2.0,True,Garmin,,True
704,345,LHN-320688,6953973385961.0,1458.32,934.82,32.211,17.0,5.0,True,Vela Mestra 1741,Vela mestra em dacron para veleiros 32 pés,11,7,57891714,UN,True,Âncoras,ncoras,1.0,True,BR Náutica,IT,True
705,345,LHN-189341,,1034.58,783.77,27.865,12.0,0.0,True,Vela Mestra 1741,Vela mestra em dacron para veleiros 32 pés,11,7,57891714,UN,True,Âncoras,ncoras,1.0,True,BR Náutica,IT,True
706,345,LHN-704061,1819955167336.0,2734.36,1446.75,3.299,17.0,0.0,True,Vela Mestra 1741,Vela mestra em dacron para veleiros 32 pés,11,7,57891714,UN,True,Âncoras,ncoras,1.0,True,BR Náutica,IT,True
707,346,LHN-413832,767216253971.0,314.18,213.73,30.255,17.0,0.0,True,GPS Plotter 830,GPS chartplotter com cartografia,6,7,20957471,UN,True,Âncoras,ncoras,1.0,True,Raymarine,,True
708,346,LHN-759550,2617727972930.0,556.23,325.28,4.572,18.0,5.0,True,GPS Plotter 830,GPS chartplotter com cartografia,6,7,20957471,UN,True,Âncoras,ncoras,1.0,True,Raymarine,,True
709,347,LHN-445446,1141912623884.0,1408.6,670.76,8.254,12.0,5.0,True,Bússola de Bordo 9956,Bússola magnética líquida com iluminação,7,4,29194132,UN,True,Motores,motores,3.0,True,Lowrance,IT,True
710,348,LHN-649334,2682188444296.0,3513.13,1973.67,47.618,18.0,5.0,True,Âncora Bruce 1231,Âncora de garra tipo Bruce em aço galvanizado,1,1,24531080,UN,True,Equipamentos,equipamentos,,True,Yamaha Marine,,True
711,348,LHN-242413,3412292328880.0,1200.87,591.56,46.715,12.0,0.0,True,Âncora Bruce 1231,Âncora de garra tipo Bruce em aço galvanizado,1,1,24531080,UN,True,Equipamentos,equipamentos,,True,Yamaha Marine,,True
712,349,LHN-242043,7275229486789.0,1839.49,943.33,32.187,17.0,5.0,True,Bateria Náutica 5090,Bateria estacionária 105Ah náutica,12,2,12959922,UN,True,Cabos,cabos,,True,Marisul,BR,True
713,350,LHN-471920,,2771.91,1259.96,38.961,18.0,5.0,True,Motor de Popa 1007,Motor de popa 4 tempos para embarcações de lazer,10,14,95531163,UN,True,Pesca,pesca,1.0,True,MaxSea,JP,True
714,350,LHN-777146,,1370.36,702.75,25.795,12.0,0.0,True,Motor de Popa 1007,Motor de popa 4 tempos para embarcações de lazer,10,14,95531163,UN,True,Pesca,pesca,1.0,True,MaxSea,JP,True
715,350,LHN-049529,3247644290344.0,2036.26,1497.25,43.19,12.0,5.0,True,Motor de Popa 1007,Motor de popa 4 tempos para embarcações de lazer,10,14,95531163,UN,True,Pesca,pesca,1.0,True,MaxSea,JP,True
716,351,LHN-829187,541956871899.0,715.35,480.1,5.931,18.0,5.0,True,GPS Plotter 845,GPS chartplotter com cartografia,8,14,86152349,UN,True,Pesca,pesca,1.0,True,Simrad,,True
717,351,LHN-305434,,555.33,391.08,40.782,18.0,10.0,True,GPS Plotter 845,GPS chartplotter com cartografia,8,14,86152349,UN,True,Pesca,pesca,1.0,True,Simrad,,True
718,352,LHN-448842,2050260757259.0,2091.57,1349.4,0.948,12.0,0.0,True,Âncora Bruce 7571,Âncora de garra tipo Bruce em aço galvanizado,9,1,83914891,UN,True,Equipamentos,equipamentos,,True,Volvo Penta,JP,True
719,352,LHN-573243,2056314883448.0,590.95,413.25,40.875,17.0,10.0,True,Âncora Bruce 7571,Âncora de garra tipo Bruce em aço galvanizado,9,1,83914891,UN,True,Equipamentos,equipamentos,,True,Volvo Penta,JP,True
720,352,LHN-975312,1181660903265.0,3314.63,1534.55,7.476,18.0,10.0,True,Âncora Bruce 7571,Âncora de garra tipo Bruce em aço galvanizado,9,1,83914891,UN,True,Equipamentos,equipamentos,,True,Volvo Penta,JP,True
721,353,LHN-119475,9645035660341.0,1947.46,1119.23,3.527,17.0,10.0,True,Cabo Náutico 2862,Cabo de polipropileno trançado,8,8,28443192,M,True,Hélices,helices,1.0,True,Simrad,,True
722,354,LHN-541482,8011791987410.0,696.24,449.19,37.757,18.0,10.0,True,Bússola de Bordo 1372,Bússola magnética líquida com iluminação,12,5,21490399,UN,True,Eletrônica Náutica,eletronica-nautica,2.0,True,Marisul,BR,True
723,355,LHN-075276,3998186660088.0,1586.88,770.33,13.741,12.0,0.0,True,Cabo Náutico 1755,Cabo de polipropileno trançado,5,2,21481227,M,True,Cabos,cabos,,True,Garmin,,True
724,356,LHN-447440,34690741165.0,2622.09,1425.05,19.103,18.0,5.0,True,Vela Mestra 1319,Vela mestra em dacron para veleiros 32 pés,9,12,83264849,UN,True,Manutenção,manutencao,1.0,True,Volvo Penta,JP,True
725,356,LHN-980966,6496067681926.0,1102.6,835.3,48.347,12.0,10.0,True,Vela Mestra 1319,Vela mestra em dacron para veleiros 32 pés,9,12,83264849,UN,True,Manutenção,manutencao,1.0,True,Volvo Penta,JP,True
726,356,LHN-338726,3151571552904.0,218.97,110.59,13.187,12.0,5.0,True,Vela Mestra 1319,Vela mestra em dacron para veleiros 32 pés,9,12,83264849,UN,True,Manutenção,manutencao,1.0,True,Volvo Penta,JP,True
727,357,LHN-310750,8674722369626.0,1343.06,664.88,47.752,12.0,10.0,True,NAO INFORMADO,Bússola magnética líquida com iluminação,9,7,31350953,UN,True,Âncoras,ncoras,1.0,True,Volvo Penta,JP,True
728,357,LHN-558736,6419982660869.0,2407.35,1151.84,13.32,17.0,0.0,True,NAO INFORMADO,Bússola magnética líquida com iluminação,9,7,31350953,UN,True,Âncoras,ncoras,1.0,True,Volvo Penta,JP,True
729,357,LHN-035301,7325757915746.0,970.92,466.79,18.959,17.0,0.0,True,NAO INFORMADO,Bússola magnética líquida com iluminação,9,7,31350953,UN,True,Âncoras,ncoras,1.0,True,Volvo Penta,JP,True
730,358,LHN-302416,,391.94,281.97,17.272,18.0,5.0,True,Motor de Popa 553,Motor de popa 4 tempos para embarcações de lazer,1,8,24441355,UN,True,Hélices,helices,1.0,True,Yamaha Marine,,True
731,359,LHN-925781,9215353090078.0,2414.72,1428.83,27.184,12.0,0.0,True,Hélice de Alumínio 8562,Hélice 3 pás para motor de popa,2,2,69666237,UN,True,Cabos,cabos,,True,Mercury Marine,BR,True
732,360,LHN-051460,1692545652722.0,1274.13,972.62,19.024,18.0,10.0,True,Bateria Náutica 2558,Bateria estacionária 105Ah náutica,6,7,69253387,UN,True,Âncoras,ncoras,1.0,True,Raymarine,,True
733,361,LHN-766292,7177622708034.0,1533.55,1161.78,49.438,17.0,0.0,True,Bússola de Bordo 3152,Bússola magnética líquida com iluminação,8,11,39704644,UN,False,Pintura Marítima,pintura-maritima,1.0,True,Simrad,,True
734,361,LHN-429246,3683945864127.0,3479.81,1748.65,17.199,12.0,5.0,False,Bússola de Bordo 3152,Bússola magnética líquida com iluminação,8,11,39704644,UN,False,Pintura Marítima,pintura-maritima,1.0,True,Simrad,,True
735,361,LHN-835642,5253836237163.0,617.9,298.5,14.447,17.0,5.0,True,Bússola de Bordo 3152,Bússola magnética líquida com iluminação,8,11,39704644,UN,False,Pintura Marítima,pintura-maritima,1.0,True,Simrad,,True
736,362,LHN-876961,,174.99,85.78,48.403,12.0,5.0,True,Âncora Bruce 3524,Âncora de garra tipo Bruce em aço galvanizado,7,12,16726627,UN,True,Manutenção,manutencao,1.0,True,Lowrance,IT,True
737,362,LHN-109562,4488615590974.0,2907.49,1875.8,20.008,18.0,10.0,True,Âncora Bruce 3524,Âncora de garra tipo Bruce em aço galvanizado,7,12,16726627,UN,True,Manutenção,manutencao,1.0,True,Lowrance,IT,True
738,363,LHN-862487,4240898714191.0,769.68,370.04,30.538,17.0,5.0,True,Motor de Popa 1279,Motor de popa 4 tempos para embarcações de lazer,11,3,63487199,UN,True,Coletes Salva-Vidas,coletes-salva-vidas,,True,BR Náutica,IT,True
739,363,LHN-610194,7037082600951.0,1621.91,1134.2,1.417,17.0,10.0,True,Motor de Popa 1279,Motor de popa 4 tempos para embarcações de lazer,11,3,63487199,UN,True,Coletes Salva-Vidas,coletes-salva-vidas,,True,BR Náutica,IT,True
740,364,LHN-423180,7115484872043.0,2350.3,1487.53,27.776,18.0,5.0,True,Vela Mestra 4634,Vela mestra em dacron para veleiros 32 pés,7,3,78190172,UN,True,Coletes Salva-Vidas,coletes-salva-vidas,,True,Lowrance,IT,True
741,364,LHN-501612,7279047414672.0,2464.82,1283.76,14.205,17.0,10.0,True,Vela Mestra 4634,Vela mestra em dacron para veleiros 32 pés,7,3,78190172,UN,True,Coletes Salva-Vidas,coletes-salva-vidas,,True,Lowrance,IT,True
742,365,LHN-375163,5905674447067.0,2179.03,1245.16,38.856,12.0,10.0,True,Sonar Transducer 455,Transdutor de sonar para profundidade,9,11,20088133,UN,True,Pintura Marítima,pintura-maritima,1.0,True,Volvo Penta,JP,True
743,366,LHN-805041,7820988189299.0,2785.44,1667.93,19.788,18.0,10.0,True,Bússola de Bordo 1762,Bússola magnética líquida com iluminação,9,6,14959814,UN,True,Velas,velas,3.0,True,Volvo Penta,JP,True
744,366,LHN-180163,8887322578071.0,2928.56,1626.98,24.637,18.0,10.0,True,Bússola de Bordo 1762,Bússola magnética líquida com iluminação,9,6,14959814,UN,True,Velas,velas,3.0,True,Volvo Penta,JP,True
745,366,LHN-545453,1774348339311.0,89.51,56.65,42.32,18.0,0.0,True,Bússola de Bordo 1762,Bússola magnética líquida com iluminação,9,6,14959814,UN,True,Velas,velas,3.0,True,Volvo Penta,JP,True
746,367,LHN-383027,8427025319412.0,1759.82,977.68,10.913,12.0,10.0,True,Sonar Transducer 4574,Transdutor de sonar para profundidade,3,3,47798201,UN,True,Coletes Salva-Vidas,coletes-salva-vidas,,True,Suzuki Marine,DE,True
747,368,LHN-770782,96799751360.0,3184.94,1592.47,24.968,17.0,0.0,True,Cabo Náutico 7039,Cabo de polipropileno trançado,2,11,18866604,M,True,Pintura Marítima,pintura-maritima,1.0,True,Mercury Marine,BR,True
748,368,LHN-621446,7646220406203.0,1049.06,639.67,41.029,18.0,0.0,True,Cabo Náutico 7039,Cabo de polipropileno trançado,2,11,18866604,M,True,Pintura Marítima,pintura-maritima,1.0,True,Mercury Marine,BR,True
749,368,LHN-278783,5431926332282.0,1364.77,1041.81,29.666,17.0,0.0,True,Cabo Náutico 7039,Cabo de polipropileno trançado,2,11,18866604,M,True,Pintura Marítima,pintura-maritima,1.0,True,Mercury Marine,BR,True
750,369,LHN-467801,4667371251415.0,868.09,476.97,16.239,12.0,0.0,True,Hélice de Alumínio 393,,9,3,96313230,UN,True,Coletes Salva-Vidas,coletes-salva-vidas,,True,Volvo Penta,JP,True
751,369,LHN-279704,9312236970172.0,1956.29,1105.25,23.88,17.0,5.0,True,Hélice de Alumínio 393,,9,3,96313230,UN,True,Coletes Salva-Vidas,coletes-salva-vidas,,True,Volvo Penta,JP,True
752,370,LHN-315245,7365179004277.0,1997.91,1331.94,25.122,12.0,0.0,True,Tinta Antifouling 5865,Tinta antiincrustante 3.6L para casco,10,6,94493891,L,True,Velas,velas,3.0,True,MaxSea,JP,True
753,370,LHN-940190,7979814218525.0,3250.05,1555.05,33.118,18.0,0.0,True,Tinta Antifouling 5865,Tinta antiincrustante 3.6L para casco,10,6,94493891,L,True,Velas,velas,3.0,True,MaxSea,JP,True
754,371,LHN-535388,5514325719615.0,2879.74,1684.06,29.977,17.0,0.0,True,Motor de Popa 4088,Motor de popa 4 tempos para embarcações de lazer,11,7,71965261,UN,True,Âncoras,ncoras,1.0,True,BR Náutica,IT,True
755,372,LHN-743134,4479676261484.0,2481.91,1909.16,2.772,12.0,10.0,True,Vela Mestra 500,Vela mestra em dacron para veleiros 32 pés,9,13,20354506,UN,True,SEGURANÇA,seguranca,2.0,True,Volvo Penta,JP,True
756,373,LHN-200618,3110771972523.0,2189.05,1671.03,35.102,18.0,10.0,True,Cabo Náutico 2300,Cabo de polipropileno trançado,2,2,42788693,M,True,Cabos,cabos,,True,Mercury Marine,BR,True
757,373,LHN-106677,2583630217171.0,894.72,494.32,3.331,17.0,10.0,True,Cabo Náutico 2300,Cabo de polipropileno trançado,2,2,42788693,M,True,Cabos,cabos,,True,Mercury Marine,BR,True
758,373,LHN-759729,6230688672815.0,2929.87,1940.31,46.172,18.0,10.0,True,Cabo Náutico 2300,Cabo de polipropileno trançado,2,2,42788693,M,True,Cabos,cabos,,True,Mercury Marine,BR,True
759,374,LHN-035116,6781307452627.0,1563.67,827.34,32.874,17.0,10.0,True,Âncora Bruce 9527,Âncora de garra tipo Bruce em aço galvanizado,7,11,62684446,UN,True,Pintura Marítima,pintura-maritima,1.0,True,Lowrance,IT,True
760,374,LHN-546099,4682952722955.0,3179.38,1682.21,13.282,12.0,10.0,True,Âncora Bruce 9527,Âncora de garra tipo Bruce em aço galvanizado,7,11,62684446,UN,True,Pintura Marítima,pintura-maritima,1.0,True,Lowrance,IT,True
761,374,LHN-156891,8288138173793.0,1825.32,1404.09,34.718,17.0,10.0,True,Âncora Bruce 9527,Âncora de garra tipo Bruce em aço galvanizado,7,11,62684446,UN,True,Pintura Marítima,pintura-maritima,1.0,True,Lowrance,IT,True
762,375,LHN-345841,491477230128.0,3721.66,1969.13,18.159,12.0,10.0,True,Sonar Transducer 3481,Transdutor de sonar para profundidade,6,2,16912082,UN,True,Cabos,cabos,,True,Raymarine,,True
763,375,LHN-870744,9579404248499.0,1730.64,887.51,17.663,12.0,10.0,True,Sonar Transducer 3481,Transdutor de sonar para profundidade,6,2,16912082,UN,True,Cabos,cabos,,True,Raymarine,,True
764,376,LHN-395492,,1391.74,752.29,9.908,17.0,10.0,True,Defensa Náutica 7831,Defensa cilíndrica em PVC,6,6,48310348,PC,True,Velas,velas,3.0,True,Raymarine,,True
765,377,LHN-403349,8565498948743.0,3936.09,1892.35,0.409,17.0,5.0,True,Cabo Náutico 5117,Cabo de polipropileno trançado,7,8,35306823,M,True,Hélices,helices,1.0,True,Lowrance,IT,True
766,377,LHN-866836,2916428018191.0,4026.81,1890.52,5.338,18.0,10.0,True,Cabo Náutico 5117,Cabo de polipropileno trançado,7,8,35306823,M,True,Hélices,helices,1.0,True,Lowrance,IT,True
767,377,LHN-942463,8542292850830.0,736.94,354.3,49.996,12.0,5.0,True,Cabo Náutico 5117,Cabo de polipropileno trançado,7,8,35306823,M,True,Hélices,helices,1.0,True,Lowrance,IT,True
768,378,LHN-699082,5345459599411.0,1759.02,1134.85,0.291,17.0,10.0,True,Cabo Náutico 5157,Cabo de polipropileno trançado,6,11,30325557,M,True,Pintura Marítima,pintura-maritima,1.0,True,Raymarine,,True
769,378,LHN-965787,,113.1,53.1,37.063,12.0,0.0,True,Cabo Náutico 5157,Cabo de polipropileno trançado,6,11,30325557,M,True,Pintura Marítima,pintura-maritima,1.0,True,Raymarine,,True
770,379,LHN-636680,2166900654748.0,36.99,24.66,19.043,18.0,0.0,True,Bateria Náutica 3343,Bateria estacionária 105Ah náutica,1,6,80032637,UN,True,Velas,velas,3.0,True,Yamaha Marine,,True
771,379,LHN-824348,,699.53,362.45,16.911,18.0,0.0,True,Bateria Náutica 3343,Bateria estacionária 105Ah náutica,1,6,80032637,UN,True,Velas,velas,3.0,True,Yamaha Marine,,True
772,379,LHN-994013,4007655180992.0,2546.56,1552.78,9.254,17.0,0.0,True,Bateria Náutica 3343,Bateria estacionária 105Ah náutica,1,6,80032637,UN,True,Velas,velas,3.0,True,Yamaha Marine,,True
773,380,LHN-784860,6173781950131.0,1486.53,678.78,5.979,18.0,0.0,True,Sonar Transducer 8538,Transdutor de sonar para profundidade,11,11,91022994,UN,True,Pintura Marítima,pintura-maritima,1.0,True,BR Náutica,IT,True
774,381,LHN-829588,9578600298161.0,1042.25,783.65,44.873,18.0,10.0,False,Cabo Náutico 9083,Cabo de polipropileno trançado,11,6,18179420,M,True,Velas,velas,3.0,True,BR Náutica,IT,True
775,381,LHN-643594,,1432.75,961.58,22.689,17.0,10.0,True,Cabo Náutico 9083,Cabo de polipropileno trançado,11,6,18179420,M,True,Velas,velas,3.0,True,BR Náutica,IT,True
776,382,LHN-357278,816144213073.0,2342.94,1673.53,31.407,18.0,5.0,False,Cabo Náutico 4851,Cabo de polipropileno trançado,6,8,25635518,M,True,Hélices,helices,1.0,True,Raymarine,,True
777,382,LHN-044999,7742020132226.0,54.38,32.76,38.115,17.0,10.0,True,Cabo Náutico 4851,Cabo de polipropileno trançado,6,8,25635518,M,True,Hélices,helices,1.0,True,Raymarine,,True
778,382,LHN-044085,2161555743380.0,222.88,122.46,25.348,12.0,5.0,True,Cabo Náutico 4851,Cabo de polipropileno trançado,6,8,25635518,M,True,Hélices,helices,1.0,True,Raymarine,,True
779,383,LHN-604492,3066081425016.0,61.22,46.73,5.055,12.0,10.0,True,Sonar Transducer 7919,Transdutor de sonar para profundidade,8,8,68917102,UN,True,Hélices,helices,1.0,True,Simrad,,True
780,383,LHN-065674,,190.17,145.17,32.97,12.0,5.0,True,Sonar Transducer 7919,Transdutor de sonar para profundidade,8,8,68917102,UN,True,Hélices,helices,1.0,True,Simrad,,True
781,384,LHN-834456,,705.44,461.07,32.548,17.0,0.0,True,Bateria Náutica 684,Bateria estacionária 105Ah náutica,11,8,73320460,UN,True,Hélices,helices,1.0,True,BR Náutica,IT,True
782,384,LHN-048879,2173034606161.0,1205.82,726.4,23.154,17.0,0.0,True,Bateria Náutica 684,Bateria estacionária 105Ah náutica,11,8,73320460,UN,True,Hélices,helices,1.0,True,BR Náutica,IT,True
783,385,LHN-400600,7061132236975.0,2301.52,1438.45,41.285,12.0,10.0,True,GPS Plotter 5137,GPS chartplotter com cartografia,11,1,72966024,UN,True,Equipamentos,equipamentos,,True,BR Náutica,IT,True
784,386,LHN-810696,7998484979338.0,1752.63,1243.0,26.771,18.0,10.0,True,Sonar Transducer 9061,Transdutor de sonar para profundidade,8,6,85551590,UN,True,Velas,velas,3.0,True,Simrad,,True
785,386,LHN-881098,1589080101306.0,450.85,333.96,21.362,18.0,5.0,True,Sonar Transducer 9061,Transdutor de sonar para profundidade,8,6,85551590,UN,True,Velas,velas,3.0,True,Simrad,,True
786,387,LHN-186798,1417997277220.0,269.82,195.52,34.668,17.0,0.0,True,Cabo Náutico 6511,Cabo de polipropileno trançado,9,4,30582882,M,True,Motores,motores,3.0,True,Volvo Penta,JP,True
787,387,LHN-872089,,304.4,164.54,49.795,18.0,10.0,True,Cabo Náutico 6511,Cabo de polipropileno trançado,9,4,30582882,M,True,Motores,motores,3.0,True,Volvo Penta,JP,True
788,387,LHN-749820,267624226982.0,736.62,515.12,16.93,17.0,5.0,True,Cabo Náutico 6511,Cabo de polipropileno trançado,9,4,30582882,M,True,Motores,motores,3.0,True,Volvo Penta,JP,True
789,388,LHN-932798,,815.67,397.89,0.652,17.0,5.0,True,Cabo Náutico 8945,Cabo de polipropileno trançado,4,10,59613827,M,True,Iluminação,iluminacao,1.0,True,Honda Marine,,True
790,388,LHN-253749,7042506241221.0,3901.4,1990.51,7.387,17.0,10.0,True,Cabo Náutico 8945,Cabo de polipropileno trançado,4,10,59613827,M,True,Iluminação,iluminacao,1.0,True,Honda Marine,,True
791,388,LHN-518409,4418312175808.0,3334.43,1626.55,18.391,18.0,10.0,True,Cabo Náutico 8945,Cabo de polipropileno trançado,4,10,59613827,M,True,Iluminação,iluminacao,1.0,True,Honda Marine,,True
792,389,LHN-533747,3539595156061.0,388.03,275.2,41.463,18.0,0.0,True,Motor de Popa 5331,Motor de popa 4 tempos para embarcações de lazer,12,8,62052770,UN,True,Hélices,helices,1.0,True,Marisul,BR,True
793,389,LHN-741648,7058518376059.0,1310.13,818.83,42.769,18.0,0.0,True,Motor de Popa 5331,Motor de popa 4 tempos para embarcações de lazer,12,8,62052770,UN,True,Hélices,helices,1.0,True,Marisul,BR,True
794,389,LHN-683367,6813652636480.0,1970.92,920.99,10.849,17.0,5.0,True,Motor de Popa 5331,Motor de popa 4 tempos para embarcações de lazer,12,8,62052770,UN,True,Hélices,helices,1.0,True,Marisul,BR,True
795,390,LHN-429428,3754836961109.0,1245.37,813.97,23.966,17.0,5.0,True,Defensa Náutica 3955,Defensa cilíndrica em PVC,5,12,90002169,PC,True,Manutenção,manutencao,1.0,True,Garmin,,True
796,391,LHN-462198,7401170301851.0,1572.87,1008.25,49.513,18.0,10.0,True,Bússola de Bordo 5574,Bússola magnética líquida com iluminação,6,2,77620847,UN,True,Cabos,cabos,,True,Raymarine,,True
797,391,LHN-196330,,103.11,64.85,41.601,17.0,5.0,True,Bússola de Bordo 5574,Bússola magnética líquida com iluminação,6,2,77620847,UN,True,Cabos,cabos,,True,Raymarine,,True
798,392,LHN-800943,,2161.76,1403.74,13.093,12.0,10.0,False,Tinta Antifouling 3067,Tinta antiincrustante 3.6L para casco,12,9,34690522,L,True,Acessórios de Convés,acessorios-de-conves,2.0,True,Marisul,BR,True
799,392,LHN-354919,5801356503826.0,487.86,266.59,11.304,18.0,0.0,True,Tinta Antifouling 3067,Tinta antiincrustante 3.6L para casco,12,9,34690522,L,True,Acessórios de Convés,acessorios-de-conves,2.0,True,Marisul,BR,True
800,392,LHN-672540,9404976972049.0,153.59,75.29,26.686,17.0,5.0,True,Tinta Antifouling 3067,Tinta antiincrustante 3.6L para casco,12,9,34690522,L,True,Acessórios de Convés,acessorios-de-conves,2.0,True,Marisul,BR,True
801,393,LHN-517796,9259757886073.0,1075.09,529.6,6.55,18.0,5.0,True,Hélice de Alumínio 2428,Hélice 3 pás para motor de popa,2,1,50440787,UN,True,Equipamentos,equipamentos,,True,Mercury Marine,BR,True
802,394,LHN-560155,2618774248610.0,1686.84,969.45,25.909,12.0,0.0,True,Sonar Transducer 2625,Transdutor de sonar para profundidade,9,6,18155340,UN,True,Velas,velas,3.0,True,Volvo Penta,JP,True
803,394,LHN-237835,1711231819703.0,2809.14,1633.22,35.248,12.0,0.0,True,Sonar Transducer 2625,Transdutor de sonar para profundidade,9,6,18155340,UN,True,Velas,velas,3.0,True,Volvo Penta,JP,True
804,394,LHN-629884,82005840850.0,1183.89,794.56,1.302,17.0,0.0,True,Sonar Transducer 2625,Transdutor de sonar para profundidade,9,6,18155340,UN,True,Velas,velas,3.0,True,Volvo Penta,JP,True
805,395,LHN-076205,,2540.41,1910.08,22.946,18.0,10.0,False,Vela Mestra 9165,Vela mestra em dacron para veleiros 32 pés,1,14,68539431,UN,True,Pesca,pesca,1.0,True,Yamaha Marine,,True
806,396,LHN-981462,8768814514251.0,964.88,694.16,8.591,17.0,5.0,True,Bússola de Bordo 8014,Bússola magnética líquida com iluminação,4,4,84535831,UN,True,Motores,motores,3.0,True,Honda Marine,,True
807,397,LHN-743815,9893261437071.0,431.13,301.49,42.698,12.0,0.0,True,GPS Plotter 3411,GPS chartplotter com cartografia,11,11,68105168,UN,False,Pintura Marítima,pintura-maritima,1.0,True,BR Náutica,IT,True
808,398,LHN-174227,4436335269519.0,353.21,255.95,4.832,17.0,10.0,True,Âncora Bruce 4713,Âncora de garra tipo Bruce em aço galvanizado,2,3,28227234,UN,True,Coletes Salva-Vidas,coletes-salva-vidas,,True,Mercury Marine,BR,True
809,399,LHN-559862,3704202051620.0,3143.8,1603.98,8.805,18.0,10.0,True,Hélice de Alumínio 9811,Hélice 3 pás para motor de popa,4,2,33340919,UN,True,Cabos,cabos,,True,Honda Marine,,True
810,399,LHN-017277,8467211604212.0,1371.86,718.25,12.927,17.0,10.0,True,Hélice de Alumínio 9811,Hélice 3 pás para motor de popa,4,2,33340919,UN,True,Cabos,cabos,,True,Honda Marine,,True
811,400,LHN-697411,6457232645815.0,2527.1,1754.93,39.012,12.0,5.0,True,Vela Mestra 4667,Vela mestra em dacron para veleiros 32 pés,1,14,12324038,UN,True,Pesca,pesca,1.0,True,Yamaha Marine,,True
812,401,LHN-486654,8553867209755.0,151.29,91.69,43.606,18.0,10.0,False,Bússola de Bordo 4473,Bússola magnética líquida com iluminação,6,5,76008478,UN,False,Eletrônica Náutica,eletronica-nautica,2.0,True,Raymarine,,True
813,401,LHN-234166,4404865402041.0,3479.45,1757.3,14.153,17.0,0.0,True,Bússola de Bordo 4473,Bússola magnética líquida com iluminação,6,5,76008478,UN,False,Eletrônica Náutica,eletronica-nautica,2.0,True,Raymarine,,True
814,402,LHN-676092,3630068994828.0,2696.67,1912.53,9.243,18.0,10.0,True,Tinta Antifouling 3241,Tinta antiincrustante 3.6L para casco,5,6,40131203,L,True,Velas,velas,3.0,True,Garmin,,True
815,403,LHN-587279,8649714102246.0,2213.0,1146.63,30.542,17.0,5.0,True,Vela Mestra 807,Vela mestra em dacron para veleiros 32 pés,3,9,74989022,UN,True,Acessórios de Convés,acessorios-de-conves,2.0,True,Suzuki Marine,DE,True
816,404,LHN-432994,2319526574642.0,3142.72,1525.59,21.952,17.0,10.0,True,Bússola de Bordo 679,Bússola magnética líquida com iluminação,12,8,11565541,UN,True,Hélices,helices,1.0,True,Marisul,BR,True
817,405,LHN-973753,,1954.94,1448.1,42.271,17.0,5.0,True,Bateria Náutica 9124,Bateria estacionária 105Ah náutica,12,6,54430409,UN,False,Velas,velas,3.0,True,Marisul,BR,True
818,405,LHN-214973,7864981871089.0,2561.11,1196.78,11.753,12.0,10.0,True,Bateria Náutica 9124,Bateria estacionária 105Ah náutica,12,6,54430409,UN,False,Velas,velas,3.0,True,Marisul,BR,True
819,406,LHN-614423,7079317833765.0,2643.99,1218.43,21.364,12.0,5.0,True,Motor de Popa 6404,Motor de popa 4 tempos para embarcações de lazer,8,13,55105413,UN,True,SEGURANÇA,seguranca,2.0,True,Simrad,,True
820,406,LHN-249387,,1735.78,1325.02,12.162,12.0,0.0,True,Motor de Popa 6404,Motor de popa 4 tempos para embarcações de lazer,8,13,55105413,UN,True,SEGURANÇA,seguranca,2.0,True,Simrad,,True
821,406,LHN-359056,,2513.67,1478.63,23.348,18.0,5.0,True,Motor de Popa 6404,Motor de popa 4 tempos para embarcações de lazer,8,13,55105413,UN,True,SEGURANÇA,seguranca,2.0,True,Simrad,,True
822,407,LHN-339516,7740832854794.0,257.87,157.24,41.555,17.0,5.0,True,Motor de Popa 3225,Motor de popa 4 tempos para embarcações de lazer,7,13,48634485,UN,True,SEGURANÇA,seguranca,2.0,True,Lowrance,IT,True
823,408,LHN-775039,1508920190775.0,2460.16,1464.38,18.394,18.0,0.0,True,Sonar Transducer 7193,Transdutor de sonar para profundidade,8,5,85813738,UN,True,Eletrônica Náutica,eletronica-nautica,2.0,True,Simrad,,True
824,408,LHN-127008,,500.79,343.01,20.171,18.0,0.0,True,Sonar Transducer 7193,Transdutor de sonar para profundidade,8,5,85813738,UN,True,Eletrônica Náutica,eletronica-nautica,2.0,True,Simrad,,True
825,408,LHN-511507,2038868336717.0,1742.58,1290.8,42.505,12.0,5.0,True,Sonar Transducer 7193,Transdutor de sonar para profundidade,8,5,85813738,UN,True,Eletrônica Náutica,eletronica-nautica,2.0,True,Simrad,,True
826,409,LHN-115271,,1042.39,672.51,32.871,18.0,0.0,True,Hélice de Alumínio 9928,Hélice 3 pás para motor de popa,8,12,61240473,UN,True,Manutenção,manutencao,1.0,True,Simrad,,True
827,409,LHN-368112,4348331652854.0,3554.57,1963.85,27.138,18.0,0.0,True,Hélice de Alumínio 9928,Hélice 3 pás para motor de popa,8,12,61240473,UN,True,Manutenção,manutencao,1.0,True,Simrad,,True
828,410,LHN-391369,9420754084988.0,3368.43,1727.4,9.622,17.0,5.0,True,Vela Mestra 207,Vela mestra em dacron para veleiros 32 pés,12,8,65905892,UN,True,Hélices,helices,1.0,True,Marisul,BR,True
829,410,LHN-194601,7510187385294.0,2736.28,1328.29,23.675,17.0,10.0,True,Vela Mestra 207,Vela mestra em dacron para veleiros 32 pés,12,8,65905892,UN,True,Hélices,helices,1.0,True,Marisul,BR,True
830,411,LHN-134362,9707380418883.0,2149.95,1493.02,36.474,12.0,0.0,True,Motor de Popa 684,Motor de popa 4 tempos para embarcações de lazer,8,2,69191185,UN,True,Cabos,cabos,,True,Simrad,,True
831,411,LHN-615511,6645321474075.0,1462.39,865.32,8.434,12.0,10.0,True,Motor de Popa 684,Motor de popa 4 tempos para embarcações de lazer,8,2,69191185,UN,True,Cabos,cabos,,True,Simrad,,True
832,411,LHN-112073,1604098081775.0,1858.79,860.55,8.045,17.0,0.0,True,Motor de Popa 684,Motor de popa 4 tempos para embarcações de lazer,8,2,69191185,UN,True,Cabos,cabos,,True,Simrad,,True
833,412,LHN-693851,1257481663678.0,54.33,27.44,8.017,17.0,10.0,True,Motor de Popa 6647,Motor de popa 4 tempos para embarcações de lazer,4,1,45597527,UN,True,Equipamentos,equipamentos,,True,Honda Marine,,True
834,412,LHN-984957,9239121441497.0,98.79,72.11,11.679,18.0,0.0,True,Motor de Popa 6647,Motor de popa 4 tempos para embarcações de lazer,4,1,45597527,UN,True,Equipamentos,equipamentos,,True,Honda Marine,,True
835,413,LHN-568799,1386770465768.0,656.94,490.25,0.616,12.0,0.0,True,Cabo Náutico 5471,Cabo de polipropileno trançado,1,3,49163228,M,True,Coletes Salva-Vidas,coletes-salva-vidas,,True,Yamaha Marine,,True
836,413,LHN-790634,461920387181.0,3757.03,1907.12,23.548,17.0,0.0,True,Cabo Náutico 5471,Cabo de polipropileno trançado,1,3,49163228,M,True,Coletes Salva-Vidas,coletes-salva-vidas,,True,Yamaha Marine,,True
837,414,LHN-622042,8204169214809.0,848.55,652.73,35.883,18.0,5.0,True,Âncora Bruce 5302,Âncora de garra tipo Bruce em aço galvanizado,5,14,88147983,UN,True,Pesca,pesca,1.0,True,Garmin,,True
838,414,LHN-825943,991093308817.0,2379.75,1286.35,37.951,18.0,10.0,True,Âncora Bruce 5302,Âncora de garra tipo Bruce em aço galvanizado,5,14,88147983,UN,True,Pesca,pesca,1.0,True,Garmin,,True
839,415,LHN-952863,7606644572205.0,3036.68,1488.57,42.728,18.0,0.0,True,Bateria Náutica 6140,Bateria estacionária 105Ah náutica,4,6,46994036,UN,True,Velas,velas,3.0,True,Honda Marine,,True
840,416,LHN-630683,7300336219736.0,3049.1,1929.81,3.957,17.0,10.0,True,Tinta Antifouling 9500,Tinta antiincrustante 3.6L para casco,1,8,17723256,L,True,Hélices,helices,1.0,True,Yamaha Marine,,True
841,416,LHN-141578,1866118362343.0,3516.69,1942.92,10.886,18.0,10.0,True,Tinta Antifouling 9500,Tinta antiincrustante 3.6L para casco,1,8,17723256,L,True,Hélices,helices,1.0,True,Yamaha Marine,,True
842,417,LHN-256482,8270775466918.0,912.45,581.18,13.59,18.0,10.0,True,Bússola de Bordo 6310,Bússola magnética líquida com iluminação,12,9,91780929,UN,True,Acessórios de Convés,acessorios-de-conves,2.0,True,Marisul,BR,True
843,417,LHN-218363,8089876605894.0,2953.89,1869.55,20.869,18.0,10.0,True,Bússola de Bordo 6310,Bússola magnética líquida com iluminação,12,9,91780929,UN,True,Acessórios de Convés,acessorios-de-conves,2.0,True,Marisul,BR,True
844,417,LHN-874108,2094754608191.0,2462.33,1367.96,45.682,12.0,0.0,True,Bússola de Bordo 6310,Bússola magnética líquida com iluminação,12,9,91780929,UN,True,Acessórios de Convés,acessorios-de-conves,2.0,True,Marisul,BR,True
845,418,LHN-433136,,1753.95,1270.98,41.357,12.0,5.0,True,Tinta Antifouling 6959,Tinta antiincrustante 3.6L para casco,11,3,23181003,L,True,Coletes Salva-Vidas,coletes-salva-vidas,,True,BR Náutica,IT,True
846,419,LHN-571657,4701659708113.0,1326.12,844.66,32.786,12.0,0.0,True,Defensa Náutica 9143,Defensa cilíndrica em PVC,7,1,57723119,PC,True,Equipamentos,equipamentos,,True,Lowrance,IT,True
847,420,LHN-719451,8338482293231.0,390.46,273.05,20.356,12.0,10.0,True,Colete Salva-Vidas 6879,Colete homologado classe III,6,8,50321778,UN,True,Hélices,helices,1.0,True,Raymarine,,True
848,420,LHN-638762,1060860987995.0,1760.0,1189.19,12.882,12.0,10.0,True,Colete Salva-Vidas 6879,Colete homologado classe III,6,8,50321778,UN,True,Hélices,helices,1.0,True,Raymarine,,True
849,421,LHN-934721,6213430876181.0,383.9,264.76,11.779,12.0,10.0,True,Hélice de Alumínio 314,Hélice 3 pás para motor de popa,10,1,24878567,UN,True,Equipamentos,equipamentos,,True,MaxSea,JP,True
850,421,LHN-960672,8971844611986.0,450.94,280.09,46.011,17.0,0.0,True,Hélice de Alumínio 314,Hélice 3 pás para motor de popa,10,1,24878567,UN,True,Equipamentos,equipamentos,,True,MaxSea,JP,True
851,422,LHN-662962,8574450642940.0,2392.16,1584.21,34.744,18.0,5.0,True,Sonar Transducer 7193,Transdutor de sonar para profundidade,11,14,57534669,UN,True,Pesca,pesca,1.0,True,BR Náutica,IT,True
852,422,LHN-300953,5745905296879.0,2066.47,1160.94,49.506,17.0,5.0,True,Sonar Transducer 7193,Transdutor de sonar para profundidade,11,14,57534669,UN,True,Pesca,pesca,1.0,True,BR Náutica,IT,True
853,423,LHN-578645,,258.05,121.15,30.886,18.0,10.0,True,GPS Plotter 5583,GPS chartplotter com cartografia,4,3,51584937,UN,True,Coletes Salva-Vidas,coletes-salva-vidas,,True,Honda Marine,,True
854,424,LHN-825766,3366372041513.0,3163.03,1437.74,29.33,18.0,5.0,True,Colete Salva-Vidas 8874,Colete homologado classe III,6,13,39288587,UN,True,SEGURANÇA,seguranca,2.0,True,Raymarine,,True
855,424,LHN-658377,872667615930.0,256.62,135.78,44.736,12.0,5.0,True,Colete Salva-Vidas 8874,Colete homologado classe III,6,13,39288587,UN,True,SEGURANÇA,seguranca,2.0,True,Raymarine,,True
856,425,LHN-760445,8102643315793.0,2787.35,1639.62,4.574,17.0,0.0,True,Bateria Náutica 2254,Bateria estacionária 105Ah náutica,10,1,77427725,UN,True,Equipamentos,equipamentos,,True,MaxSea,JP,True
857,425,LHN-743801,1613888655034.0,2426.65,1318.83,9.96,17.0,5.0,True,Bateria Náutica 2254,Bateria estacionária 105Ah náutica,10,1,77427725,UN,True,Equipamentos,equipamentos,,True,MaxSea,JP,True
858,426,LHN-516947,2904846636578.0,1953.89,1293.97,33.159,12.0,0.0,True,Motor de Popa 1296,Motor de popa 4 tempos para embarcações de lazer,2,13,39867507,UN,True,SEGURANÇA,seguranca,2.0,True,Mercury Marine,BR,True
859,426,LHN-195215,,1826.88,1038.0,39.744,12.0,10.0,True,Motor de Popa 1296,Motor de popa 4 tempos para embarcações de lazer,2,13,39867507,UN,True,SEGURANÇA,seguranca,2.0,True,Mercury Marine,BR,True
860,426,LHN-334696,3501243844835.0,1771.14,1157.61,14.879,12.0,5.0,True,Motor de Popa 1296,Motor de popa 4 tempos para embarcações de lazer,2,13,39867507,UN,True,SEGURANÇA,seguranca,2.0,True,Mercury Marine,BR,True
861,427,LHN-708270,5698368469949.0,948.48,486.4,47.734,18.0,10.0,True,Âncora Bruce 5445,Âncora de garra tipo Bruce em aço galvanizado,3,1,50707259,UN,True,Equipamentos,equipamentos,,True,Suzuki Marine,DE,True
862,428,LHN-028460,5307559350330.0,3102.21,1470.24,28.238,18.0,5.0,True,Sonar Transducer 8490,Transdutor de sonar para profundidade,7,10,83075210,UN,True,Iluminação,iluminacao,1.0,True,Lowrance,IT,True
863,428,LHN-926760,9887697687506.0,2108.46,980.68,21.147,18.0,0.0,False,Sonar Transducer 8490,Transdutor de sonar para profundidade,7,10,83075210,UN,True,Iluminação,iluminacao,1.0,True,Lowrance,IT,True
864,428,LHN-949202,9441767103220.0,2552.53,1372.33,8.851,18.0,0.0,True,Sonar Transducer 8490,Transdutor de sonar para profundidade,7,10,83075210,UN,True,Iluminação,iluminacao,1.0,True,Lowrance,IT,True
865,429,LHN-721969,3782529704450.0,1629.36,764.96,38.56,17.0,10.0,True,GPS Plotter 3591,GPS chartplotter com cartografia,4,10,36710807,UN,True,Iluminação,iluminacao,1.0,True,Honda Marine,,True
866,430,LHN-620395,2787187253211.0,738.01,396.78,28.786,12.0,0.0,True,GPS Plotter 9763,GPS chartplotter com cartografia,6,11,43935698,UN,True,Pintura Marítima,pintura-maritima,1.0,True,Raymarine,,True
867,430,LHN-029203,7885759126606.0,2382.34,1577.71,35.686,18.0,5.0,True,GPS Plotter 9763,GPS chartplotter com cartografia,6,11,43935698,UN,True,Pintura Marítima,pintura-maritima,1.0,True,Raymarine,,True
868,430,LHN-414152,1630010954476.0,246.02,150.93,29.496,17.0,10.0,True,GPS Plotter 9763,GPS chartplotter com cartografia,6,11,43935698,UN,True,Pintura Marítima,pintura-maritima,1.0,True,Raymarine,,True
869,431,LHN-937943,,3742.28,1980.04,49.313,17.0,5.0,True,Hélice de Alumínio 571,Hélice 3 pás para motor de popa,1,8,46679826,UN,True,Hélices,helices,1.0,True,Yamaha Marine,,True
870,431,LHN-333768,6052635961557.0,1480.82,813.64,4.64,12.0,10.0,True,Hélice de Alumínio 571,Hélice 3 pás para motor de popa,1,8,46679826,UN,True,Hélices,helices,1.0,True,Yamaha Marine,,True
871,431,LHN-679441,,2753.33,1629.19,24.772,18.0,0.0,True,Hélice de Alumínio 571,Hélice 3 pás para motor de popa,1,8,46679826,UN,True,Hélices,helices,1.0,True,Yamaha Marine,,True
872,432,LHN-588613,7839528900492.0,4128.07,1938.06,22.024,17.0,5.0,True,Defensa Náutica 2623,Defensa cilíndrica em PVC,1,5,61967754,PC,True,Eletrônica Náutica,eletronica-nautica,2.0,True,Yamaha Marine,,True
873,432,LHN-325504,4599207099864.0,1077.71,552.67,33.248,12.0,5.0,True,Defensa Náutica 2623,Defensa cilíndrica em PVC,1,5,61967754,PC,True,Eletrônica Náutica,eletronica-nautica,2.0,True,Yamaha Marine,,True
874,432,LHN-504244,3825550310242.0,3157.69,1846.6,16.401,12.0,10.0,True,Defensa Náutica 2623,Defensa cilíndrica em PVC,1,5,61967754,PC,True,Eletrônica Náutica,eletronica-nautica,2.0,True,Yamaha Marine,,True
875,433,LHN-422153,640701746120.0,951.05,556.17,47.892,17.0,5.0,True,Colete Salva-Vidas 2045,Colete homologado classe III,1,8,31632708,UN,True,Hélices,helices,1.0,True,Yamaha Marine,,True
876,434,LHN-251147,3827445740950.0,1041.97,486.9,28.253,18.0,10.0,True,Defensa Náutica 5998,Defensa cilíndrica em PVC,7,6,55865727,PC,True,Velas,velas,3.0,True,Lowrance,IT,True
877,435,LHN-794140,1292830912441.0,1019.75,560.3,14.456,17.0,0.0,True,Bateria Náutica 5770,ver foto,2,2,77922849,UN,True,Cabos,cabos,,True,Mercury Marine,BR,True
878,435,LHN-487687,6994328909142.0,2291.0,1128.57,35.699,18.0,0.0,True,Bateria Náutica 5770,ver foto,2,2,77922849,UN,True,Cabos,cabos,,True,Mercury Marine,BR,True
879,435,LHN-063004,8616262190599.0,2619.07,1999.29,30.461,18.0,5.0,True,Bateria Náutica 5770,ver foto,2,2,77922849,UN,True,Cabos,cabos,,True,Mercury Marine,BR,True
880,436,LHN-593481,773050736419.0,1251.47,595.94,37.463,17.0,10.0,True,Bateria Náutica 6370,Bateria estacionária 105Ah náutica,10,6,39769163,UN,True,Velas,velas,3.0,True,MaxSea,JP,True
881,436,LHN-023896,4347102180107.0,2109.81,1310.44,46.608,12.0,10.0,True,Bateria Náutica 6370,Bateria estacionária 105Ah náutica,10,6,39769163,UN,True,Velas,velas,3.0,True,MaxSea,JP,True
882,436,LHN-996656,,333.59,180.32,30.092,17.0,0.0,False,Bateria Náutica 6370,Bateria estacionária 105Ah náutica,10,6,39769163,UN,True,Velas,velas,3.0,True,MaxSea,JP,True
883,437,LHN-019954,275849960635.0,401.36,276.8,13.634,18.0,10.0,True,Hélice de Alumínio 728,Hélice 3 pás para motor de popa,11,4,90812586,UN,True,Motores,motores,3.0,True,BR Náutica,IT,True
884,438,LHN-870565,4418049448459.0,1955.26,977.63,35.195,17.0,5.0,True,Colete Salva-Vidas 2217,Colete homologado classe III,12,12,40110830,UN,True,Manutenção,manutencao,1.0,True,Marisul,BR,True
885,438,LHN-221467,,718.84,438.32,27.728,17.0,10.0,True,Colete Salva-Vidas 2217,Colete homologado classe III,12,12,40110830,UN,True,Manutenção,manutencao,1.0,True,Marisul,BR,True
886,439,LHN-068507,5486810591412.0,2642.82,1887.73,23.395,12.0,0.0,True,Motor de Popa 1376,Motor de popa 4 tempos para embarcações de lazer,11,8,98201841,UN,True,Hélices,helices,1.0,True,BR Náutica,IT,True
887,439,LHN-065420,,1982.59,944.09,28.982,17.0,5.0,True,Motor de Popa 1376,Motor de popa 4 tempos para embarcações de lazer,11,8,98201841,UN,True,Hélices,helices,1.0,True,BR Náutica,IT,True
888,439,LHN-685807,2601216918684.0,539.47,369.5,43.498,12.0,5.0,True,Motor de Popa 1376,Motor de popa 4 tempos para embarcações de lazer,11,8,98201841,UN,True,Hélices,helices,1.0,True,BR Náutica,IT,True
889,440,LHN-145249,5387436252865.0,2722.55,1432.92,7.524,17.0,0.0,True,Bússola de Bordo 553,Bússola magnética líquida com iluminação,11,14,55523642,UN,True,Pesca,pesca,1.0,True,BR Náutica,IT,True
890,440,LHN-230372,4926439227718.0,864.7,502.73,8.303,17.0,0.0,True,Bússola de Bordo 553,Bússola magnética líquida com iluminação,11,14,55523642,UN,True,Pesca,pesca,1.0,True,BR Náutica,IT,True
891,441,LHN-639630,1110786335117.0,3014.79,1382.93,9.667,12.0,5.0,True,Colete Salva-Vidas 4674,Colete homologado classe III,6,7,81512163,UN,True,Âncoras,ncoras,1.0,True,Raymarine,,True
892,441,LHN-496410,7385458628154.0,1896.85,890.54,37.441,12.0,0.0,True,Colete Salva-Vidas 4674,Colete homologado classe III,6,7,81512163,UN,True,Âncoras,ncoras,1.0,True,Raymarine,,True
893,441,LHN-902059,3994286250099.0,2690.48,1868.39,28.656,12.0,0.0,True,Colete Salva-Vidas 4674,Colete homologado classe III,6,7,81512163,UN,True,Âncoras,ncoras,1.0,True,Raymarine,,True
894,442,LHN-778844,6624737476781.0,78.69,36.6,39.319,17.0,5.0,True,Motor de Popa 8825,Motor de popa 4 tempos para embarcações de lazer,2,10,64687062,UN,True,Iluminação,iluminacao,1.0,True,Mercury Marine,BR,True
895,442,LHN-288929,7066913867423.0,2440.23,1807.58,18.316,17.0,10.0,True,Motor de Popa 8825,Motor de popa 4 tempos para embarcações de lazer,2,10,64687062,UN,True,Iluminação,iluminacao,1.0,True,Mercury Marine,BR,True
896,442,LHN-083783,7195639828149.0,2916.3,1746.29,14.462,12.0,5.0,False,Motor de Popa 8825,Motor de popa 4 tempos para embarcações de lazer,2,10,64687062,UN,True,Iluminação,iluminacao,1.0,True,Mercury Marine,BR,True
897,443,LHN-912214,3551688967996.0,135.04,91.24,21.578,17.0,5.0,True,Vela Mestra 6757,Vela mestra em dacron para veleiros 32 pés,1,4,71819219,UN,False,Motores,motores,3.0,True,Yamaha Marine,,True
898,443,LHN-870824,2698936922497.0,967.61,608.56,40.284,12.0,0.0,True,Vela Mestra 6757,Vela mestra em dacron para veleiros 32 pés,1,4,71819219,UN,False,Motores,motores,3.0,True,Yamaha Marine,,True
899,444,LHN-297390,538422673743.0,2153.35,1619.06,23.316,17.0,10.0,True,Hélice de Alumínio 4479,Hélice 3 pás para motor de popa,3,5,55984625,UN,True,Eletrônica Náutica,eletronica-nautica,2.0,True,Suzuki Marine,DE,True
900,444,LHN-716219,7860556913864.0,1485.46,1031.57,35.041,12.0,5.0,True,Hélice de Alumínio 4479,Hélice 3 pás para motor de popa,3,5,55984625,UN,True,Eletrônica Náutica,eletronica-nautica,2.0,True,Suzuki Marine,DE,True
901,445,LHN-949064,1293936531024.0,2152.22,1209.11,41.307,18.0,5.0,True,Hélice de Alumínio 9779,Hélice 3 pás para motor de popa,9,13,82912591,UN,False,SEGURANÇA,seguranca,2.0,True,Volvo Penta,JP,True
902,445,LHN-652850,,2843.46,1421.73,45.45,12.0,5.0,True,Hélice de Alumínio 9779,Hélice 3 pás para motor de popa,9,13,82912591,UN,False,SEGURANÇA,seguranca,2.0,True,Volvo Penta,JP,True
903,446,LHN-260177,,2783.63,1572.67,37.613,17.0,10.0,True,Vela Mestra 2993,Vela mestra em dacron para veleiros 32 pés,6,3,27665867,UN,True,Coletes Salva-Vidas,coletes-salva-vidas,,True,Raymarine,,True
904,447,LHN-759508,6914505471071.0,1196.51,623.18,17.725,12.0,5.0,True,Cabo Náutico 2366,Cabo de polipropileno trançado,12,2,98794705,M,True,Cabos,cabos,,True,Marisul,BR,True
905,447,LHN-910322,196739867189.0,1120.66,687.52,20.737,18.0,0.0,True,Cabo Náutico 2366,Cabo de polipropileno trançado,12,2,98794705,M,True,Cabos,cabos,,True,Marisul,BR,True
906,448,LHN-614906,1427145425588.0,2223.68,1407.39,39.871,17.0,5.0,True,Bateria Náutica 6898,Bateria estacionária 105Ah náutica,7,12,61534785,UN,True,Manutenção,manutencao,1.0,True,Lowrance,IT,True
907,449,LHN-725444,,3892.05,1985.74,10.865,18.0,10.0,True,Bússola de Bordo 8282,Bússola magnética líquida com iluminação,4,11,67708258,UN,False,Pintura Marítima,pintura-maritima,1.0,True,Honda Marine,,True
908,450,LHN-814367,,1959.04,1145.64,12.887,18.0,10.0,True,Hélice de Alumínio 290,Hélice 3 pás para motor de popa,6,2,61440255,UN,True,Cabos,cabos,,True,Raymarine,,True
909,450,LHN-061470,3677506296717.0,2990.59,1371.83,13.939,18.0,0.0,True,Hélice de Alumínio 290,Hélice 3 pás para motor de popa,6,2,61440255,UN,True,Cabos,cabos,,True,Raymarine,,True
910,451,LHN-182276,4158153513079.0,3990.65,1975.57,11.41,18.0,0.0,True,Cabo Náutico 5416,Cabo de polipropileno trançado,11,13,34585914,M,True,SEGURANÇA,seguranca,2.0,True,BR Náutica,IT,True
911,451,LHN-384824,9507872699048.0,1711.49,882.21,49.104,18.0,0.0,True,Cabo Náutico 5416,Cabo de polipropileno trançado,11,13,34585914,M,True,SEGURANÇA,seguranca,2.0,True,BR Náutica,IT,True
912,451,LHN-294684,7548202531753.0,1038.6,706.53,45.111,12.0,10.0,True,Cabo Náutico 5416,Cabo de polipropileno trançado,11,13,34585914,M,True,SEGURANÇA,seguranca,2.0,True,BR Náutica,IT,True
913,452,LHN-805388,6078352834479.0,391.96,241.95,17.101,18.0,5.0,True,Tinta Antifouling 4641,Tinta antiincrustante 3.6L para casco,11,8,37659717,L,True,Hélices,helices,1.0,True,BR Náutica,IT,True
914,453,LHN-587206,3729702537160.0,2393.05,1202.54,25.679,12.0,5.0,True,Motor de Popa 8838,Motor de popa 4 tempos para embarcações de lazer,5,6,33260562,UN,True,Velas,velas,3.0,True,Garmin,,True
915,453,LHN-252843,,654.46,302.99,4.668,12.0,0.0,True,Motor de Popa 8838,Motor de popa 4 tempos para embarcações de lazer,5,6,33260562,UN,True,Velas,velas,3.0,True,Garmin,,True
916,453,LHN-363999,9240353780506.0,1243.36,781.99,0.612,17.0,0.0,True,Motor de Popa 8838,Motor de popa 4 tempos para embarcações de lazer,5,6,33260562,UN,True,Velas,velas,3.0,True,Garmin,,True
917,454,LHN-288752,29920944973.0,588.8,372.66,36.915,12.0,5.0,True,Vela Mestra 401,Vela mestra em dacron para veleiros 32 pés,8,3,64102849,UN,True,Coletes Salva-Vidas,coletes-salva-vidas,,True,Simrad,,True
918,455,LHN-231399,3716220118087.0,1109.29,648.71,4.544,18.0,0.0,True,Defensa Náutica 497,Defensa cilíndrica em PVC,1,14,58343748,PC,True,Pesca,pesca,1.0,True,Yamaha Marine,,True
919,455,LHN-958622,8178147286747.0,685.52,527.32,31.53,18.0,5.0,True,Defensa Náutica 497,Defensa cilíndrica em PVC,1,14,58343748,PC,True,Pesca,pesca,1.0,True,Yamaha Marine,,True
920,455,LHN-973275,,1998.31,1062.93,41.525,18.0,0.0,True,Defensa Náutica 497,Defensa cilíndrica em PVC,1,14,58343748,PC,True,Pesca,pesca,1.0,True,Yamaha Marine,,True
921,456,LHN-353117,1800214546030.0,3321.81,1545.03,5.81,18.0,10.0,True,Colete Salva-Vidas 2374,Colete homologado classe III,4,13,37400744,UN,True,SEGURANÇA,seguranca,2.0,True,Honda Marine,,True
922,456,LHN-375373,,2839.11,1808.35,29.899,12.0,5.0,True,Colete Salva-Vidas 2374,Colete homologado classe III,4,13,37400744,UN,True,SEGURANÇA,seguranca,2.0,True,Honda Marine,,True
923,456,LHN-797147,4399236799007.0,2495.19,1919.38,40.851,18.0,0.0,True,Colete Salva-Vidas 2374,Colete homologado classe III,4,13,37400744,UN,True,SEGURANÇA,seguranca,2.0,True,Honda Marine,,True
924,457,LHN-099402,3482456756408.0,2247.91,1354.16,7.597,12.0,10.0,True,Tinta Antifouling 8834,Tinta antiincrustante 3.6L para casco,1,14,36409801,L,True,Pesca,pesca,1.0,True,Yamaha Marine,,True
925,458,LHN-017068,5357522103500.0,134.34,71.84,17.333,17.0,10.0,True,Sonar Transducer 9222,Transdutor de sonar para profundidade,5,9,46954188,UN,True,Acessórios de Convés,acessorios-de-conves,2.0,True,Garmin,,True
926,459,LHN-076893,161897238812.0,824.94,506.1,10.02,18.0,10.0,False,Vela Mestra 9743,Vela mestra em dacron para veleiros 32 pés,8,7,45673765,UN,True,Âncoras,ncoras,1.0,True,Simrad,,True
927,459,LHN-310424,3410946752203.0,2506.19,1362.06,27.985,18.0,0.0,True,Vela Mestra 9743,Vela mestra em dacron para veleiros 32 pés,8,7,45673765,UN,True,Âncoras,ncoras,1.0,True,Simrad,,True
928,459,LHN-662817,1687627416354.0,2760.41,1320.77,41.353,17.0,10.0,True,Vela Mestra 9743,Vela mestra em dacron para veleiros 32 pés,8,7,45673765,UN,True,Âncoras,ncoras,1.0,True,Simrad,,True
929,460,LHN-863469,8869321553037.0,145.81,106.43,14.175,12.0,0.0,True,GPS Plotter 2098,GPS chartplotter com cartografia,2,7,67427703,UN,True,Âncoras,ncoras,1.0,True,Mercury Marine,BR,True
930,460,LHN-711086,3886895085486.0,2398.56,1578.0,19.567,12.0,0.0,True,GPS Plotter 2098,GPS chartplotter com cartografia,2,7,67427703,UN,True,Âncoras,ncoras,1.0,True,Mercury Marine,BR,True
931,461,LHN-408073,,2833.3,1609.83,34.946,12.0,10.0,True,Colete Salva-Vidas 3259,ver foto,7,14,47872931,UN,True,Pesca,pesca,1.0,True,Lowrance,IT,True
932,462,LHN-421623,5522291108982.0,2417.32,1145.65,5.13,12.0,0.0,True,Hélice de Alumínio 1260,Hélice 3 pás para motor de popa,7,9,77215891,UN,True,Acessórios de Convés,acessorios-de-conves,2.0,True,Lowrance,IT,True
933,463,LHN-731009,6446594093211.0,1189.1,687.34,20.455,12.0,5.0,False,Motor de Popa 8671,Motor de popa 4 tempos para embarcações de lazer,8,4,72126375,UN,True,Motores,motores,3.0,True,Simrad,,True
934,464,LHN-845166,5413538871298.0,2495.73,1610.15,15.274,18.0,10.0,True,GPS Plotter 9584,GPS chartplotter com cartografia,4,9,96432200,UN,True,Acessórios de Convés,acessorios-de-conves,2.0,True,Honda Marine,,True
935,464,LHN-272277,3434882877318.0,286.64,151.66,39.546,12.0,10.0,True,GPS Plotter 9584,GPS chartplotter com cartografia,4,9,96432200,UN,True,Acessórios de Convés,acessorios-de-conves,2.0,True,Honda Marine,,True
936,464,LHN-090109,2477718634823.0,2970.61,1892.11,8.87,12.0,0.0,True,GPS Plotter 9584,GPS chartplotter com cartografia,4,9,96432200,UN,True,Acessórios de Convés,acessorios-de-conves,2.0,True,Honda Marine,,True
937,465,LHN-580628,6792713939572.0,1785.78,1130.24,25.062,17.0,0.0,True,Defensa Náutica 792,Defensa cilíndrica em PVC,4,5,67296038,PC,True,Eletrônica Náutica,eletronica-nautica,2.0,True,Honda Marine,,True
938,465,LHN-476197,,568.93,301.02,30.992,17.0,0.0,True,Defensa Náutica 792,Defensa cilíndrica em PVC,4,5,67296038,PC,True,Eletrônica Náutica,eletronica-nautica,2.0,True,Honda Marine,,True
939,465,LHN-443458,1348960338313.0,1430.53,1014.56,4.108,17.0,0.0,True,Defensa Náutica 792,Defensa cilíndrica em PVC,4,5,67296038,PC,True,Eletrônica Náutica,eletronica-nautica,2.0,True,Honda Marine,,True
940,466,LHN-940850,,1035.0,631.1,21.582,17.0,0.0,False,Bússola de Bordo 1900,Bússola magnética líquida com iluminação,11,14,17200752,UN,True,Pesca,pesca,1.0,True,BR Náutica,IT,True
941,466,LHN-412438,5313208188292.0,1826.97,1217.98,28.319,18.0,5.0,True,Bússola de Bordo 1900,Bússola magnética líquida com iluminação,11,14,17200752,UN,True,Pesca,pesca,1.0,True,BR Náutica,IT,True
942,466,LHN-117122,283901247228.0,2326.21,1444.85,19.68,17.0,10.0,True,Bússola de Bordo 1900,Bússola magnética líquida com iluminação,11,14,17200752,UN,True,Pesca,pesca,1.0,True,BR Náutica,IT,True
943,467,LHN-269619,694562064336.0,1880.22,1245.18,31.276,17.0,10.0,True,Colete Salva-Vidas 2345,Colete homologado classe III,11,9,42745188,UN,True,Acessórios de Convés,acessorios-de-conves,2.0,True,BR Náutica,IT,True
944,468,LHN-626370,1235537253783.0,2247.99,1729.22,35.448,18.0,0.0,True,Tinta Antifouling 6054,Tinta antiincrustante 3.6L para casco,10,12,83058430,L,True,Manutenção,manutencao,1.0,True,MaxSea,JP,True
945,468,LHN-771654,8652872491862.0,2508.07,1327.02,26.962,12.0,10.0,False,Tinta Antifouling 6054,Tinta antiincrustante 3.6L para casco,10,12,83058430,L,True,Manutenção,manutencao,1.0,True,MaxSea,JP,True
946,468,LHN-604564,3986790692601.0,2963.37,1576.26,18.607,17.0,5.0,True,Tinta Antifouling 6054,Tinta antiincrustante 3.6L para casco,10,12,83058430,L,True,Manutenção,manutencao,1.0,True,MaxSea,JP,True
947,469,LHN-478857,7740451184197.0,1463.75,1076.29,1.303,17.0,0.0,True,Motor de Popa 9450,Motor de popa 4 tempos para embarcações de lazer,3,10,45483698,UN,True,Iluminação,iluminacao,1.0,True,Suzuki Marine,DE,True
948,469,LHN-159194,5422890519649.0,1461.93,727.33,16.654,12.0,10.0,True,Motor de Popa 9450,Motor de popa 4 tempos para embarcações de lazer,3,10,45483698,UN,True,Iluminação,iluminacao,1.0,True,Suzuki Marine,DE,True
949,470,LHN-595227,,2433.21,1181.17,32.11,12.0,5.0,True,Defensa Náutica 9426,Defensa cilíndrica em PVC,11,1,14729223,PC,True,Equipamentos,equipamentos,,True,BR Náutica,IT,True
950,470,LHN-069027,6078601860778.0,920.67,434.28,31.136,12.0,5.0,True,Defensa Náutica 9426,Defensa cilíndrica em PVC,11,1,14729223,PC,True,Equipamentos,equipamentos,,True,BR Náutica,IT,True
951,470,LHN-987450,4664730942502.0,3708.51,1983.16,33.016,17.0,0.0,True,Defensa Náutica 9426,Defensa cilíndrica em PVC,11,1,14729223,PC,True,Equipamentos,equipamentos,,True,BR Náutica,IT,True
952,471,LHN-696775,2017988176182.0,296.78,146.92,5.194,18.0,5.0,True,Colete Salva-Vidas 7201,Colete homologado classe III,5,10,47562901,UN,True,Iluminação,iluminacao,1.0,True,Garmin,,True
953,472,LHN-189084,7657647774752.0,2336.52,1797.32,39.536,12.0,10.0,True,Defensa Náutica 9030,,6,11,80931323,PC,True,Pintura Marítima,pintura-maritima,1.0,True,Raymarine,,True
954,473,LHN-397581,7914560561563.0,729.85,540.63,21.335,17.0,0.0,True,Motor de Popa 8491,Motor de popa 4 tempos para embarcações de lazer,6,3,92051984,UN,True,Coletes Salva-Vidas,coletes-salva-vidas,,True,Raymarine,,True
955,473,LHN-038883,8985536736963.0,2335.22,1076.14,17.77,17.0,0.0,True,Motor de Popa 8491,Motor de popa 4 tempos para embarcações de lazer,6,3,92051984,UN,True,Coletes Salva-Vidas,coletes-salva-vidas,,True,Raymarine,,True
956,473,LHN-293866,4594506414608.0,2369.21,1190.56,42.874,18.0,10.0,True,Motor de Popa 8491,Motor de popa 4 tempos para embarcações de lazer,6,3,92051984,UN,True,Coletes Salva-Vidas,coletes-salva-vidas,,True,Raymarine,,True
957,474,LHN-925301,3292479487001.0,1915.6,1052.53,19.85,12.0,5.0,True,Tinta Antifouling 8791,Tinta antiincrustante 3.6L para casco,4,12,17925535,L,True,Manutenção,manutencao,1.0,True,Honda Marine,,True
958,474,LHN-702711,,919.27,439.84,16.89,12.0,0.0,True,Tinta Antifouling 8791,Tinta antiincrustante 3.6L para casco,4,12,17925535,L,True,Manutenção,manutencao,1.0,True,Honda Marine,,True
959,475,LHN-092886,9722097401423.0,1674.37,1046.48,6.115,18.0,10.0,True,Bússola de Bordo 2331,Bússola magnética líquida com iluminação,3,6,25964807,UN,True,Velas,velas,3.0,True,Suzuki Marine,DE,True
960,475,LHN-777479,,3547.99,1982.12,0.883,17.0,10.0,True,Bússola de Bordo 2331,Bússola magnética líquida com iluminação,3,6,25964807,UN,True,Velas,velas,3.0,True,Suzuki Marine,DE,True
961,475,LHN-966561,2353652036780.0,1484.93,853.41,30.583,18.0,0.0,True,Bússola de Bordo 2331,Bússola magnética líquida com iluminação,3,6,25964807,UN,True,Velas,velas,3.0,True,Suzuki Marine,DE,True
962,476,LHN-237451,6488627491847.0,2309.76,1673.74,44.587,12.0,5.0,True,Vela Mestra 5689,Vela mestra em dacron para veleiros 32 pés,1,4,96969239,UN,True,Motores,motores,3.0,True,Yamaha Marine,,True
963,476,LHN-299592,7586376647498.0,279.53,149.48,14.916,17.0,0.0,True,Vela Mestra 5689,Vela mestra em dacron para veleiros 32 pés,1,4,96969239,UN,True,Motores,motores,3.0,True,Yamaha Marine,,True
964,477,LHN-926521,3101710845305.0,1178.62,589.31,5.283,17.0,5.0,True,Motor de Popa 8461,Motor de popa 4 tempos para embarcações de lazer,1,9,20133607,UN,True,Acessórios de Convés,acessorios-de-conves,2.0,True,Yamaha Marine,,True
965,477,LHN-627021,8294848986387.0,1023.33,730.95,46.54,18.0,10.0,False,Motor de Popa 8461,Motor de popa 4 tempos para embarcações de lazer,1,9,20133607,UN,True,Acessórios de Convés,acessorios-de-conves,2.0,True,Yamaha Marine,,True
966,478,LHN-579567,,1491.7,742.14,3.185,18.0,10.0,True,Tinta Antifouling 3290,Tinta antiincrustante 3.6L para casco,4,6,78293712,L,True,Velas,velas,3.0,True,Honda Marine,,True
967,479,LHN-091652,4299143045009.0,1151.37,584.45,39.963,12.0,5.0,True,Motor de Popa 9417,Motor de popa 4 tempos para embarcações de lazer,12,10,75816900,UN,True,Iluminação,iluminacao,1.0,True,Marisul,BR,True
968,479,LHN-652582,7698755387700.0,1874.85,1013.43,29.51,12.0,5.0,True,Motor de Popa 9417,Motor de popa 4 tempos para embarcações de lazer,12,10,75816900,UN,True,Iluminação,iluminacao,1.0,True,Marisul,BR,True
969,479,LHN-767184,,1232.2,565.23,9.238,18.0,10.0,True,Motor de Popa 9417,Motor de popa 4 tempos para embarcações de lazer,12,10,75816900,UN,True,Iluminação,iluminacao,1.0,True,Marisul,BR,True
970,480,LHN-508159,4720509479737.0,2535.8,1878.37,41.108,12.0,10.0,True,Hélice de Alumínio 4260,Hélice 3 pás para motor de popa,8,14,35602343,UN,False,Pesca,pesca,1.0,True,Simrad,,True
971,481,LHN-022857,8378287565867.0,1149.6,870.91,17.439,12.0,10.0,True,Bússola de Bordo 2683,Bússola magnética líquida com iluminação,3,12,95455150,UN,True,Manutenção,manutencao,1.0,True,Suzuki Marine,DE,True
972,481,LHN-983603,274302676007.0,828.52,465.46,26.178,18.0,10.0,True,Bússola de Bordo 2683,Bússola magnética líquida com iluminação,3,12,95455150,UN,True,Manutenção,manutencao,1.0,True,Suzuki Marine,DE,True
973,481,LHN-761757,6357065466789.0,2677.23,1287.13,37.611,12.0,10.0,True,Bússola de Bordo 2683,Bússola magnética líquida com iluminação,3,12,95455150,UN,True,Manutenção,manutencao,1.0,True,Suzuki Marine,DE,True
974,482,LHN-694598,738696630835.0,1737.68,868.84,10.405,12.0,10.0,True,GPS Plotter 6316,GPS chartplotter com cartografia,4,7,16535947,UN,True,Âncoras,ncoras,1.0,True,Honda Marine,,True
975,482,LHN-817322,9332553567589.0,1936.17,1265.47,32.775,17.0,0.0,True,GPS Plotter 6316,GPS chartplotter com cartografia,4,7,16535947,UN,True,Âncoras,ncoras,1.0,True,Honda Marine,,True
976,483,LHN-887002,,503.3,276.54,10.824,12.0,0.0,True,Defensa Náutica 9695,Defensa cilíndrica em PVC,2,10,67868711,PC,True,Iluminação,iluminacao,1.0,True,Mercury Marine,BR,True
977,483,LHN-279736,,2124.36,1562.03,28.268,12.0,5.0,True,Defensa Náutica 9695,Defensa cilíndrica em PVC,2,10,67868711,PC,True,Iluminação,iluminacao,1.0,True,Mercury Marine,BR,True
978,484,LHN-651524,,2637.77,1690.88,48.776,18.0,0.0,True,Hélice de Alumínio 6668,Hélice 3 pás para motor de popa,4,12,98517641,UN,True,Manutenção,manutencao,1.0,True,Honda Marine,,True
979,484,LHN-162247,3361339469461.0,2115.76,1107.73,36.919,18.0,0.0,True,Hélice de Alumínio 6668,Hélice 3 pás para motor de popa,4,12,98517641,UN,True,Manutenção,manutencao,1.0,True,Honda Marine,,True
980,485,LHN-576997,4748903753116.0,3065.65,1835.72,30.1,18.0,5.0,True,GPS Plotter 5365,GPS chartplotter com cartografia,9,5,74457526,UN,True,Eletrônica Náutica,eletronica-nautica,2.0,True,Volvo Penta,JP,True
981,485,LHN-074615,,277.89,201.37,12.558,12.0,0.0,True,GPS Plotter 5365,GPS chartplotter com cartografia,9,5,74457526,UN,True,Eletrônica Náutica,eletronica-nautica,2.0,True,Volvo Penta,JP,True
982,486,LHN-660602,9323831014833.0,588.46,452.66,25.46,17.0,5.0,True,Genérico,Motor de popa 4 tempos para embarcações de lazer,1,7,22965463,UN,True,Âncoras,ncoras,1.0,True,Yamaha Marine,,True
983,486,LHN-885258,7787628916618.0,2908.41,1900.92,43.641,17.0,5.0,True,Genérico,Motor de popa 4 tempos para embarcações de lazer,1,7,22965463,UN,True,Âncoras,ncoras,1.0,True,Yamaha Marine,,True
984,486,LHN-866273,891197675023.0,515.43,286.35,2.382,12.0,10.0,True,Genérico,Motor de popa 4 tempos para embarcações de lazer,1,7,22965463,UN,True,Âncoras,ncoras,1.0,True,Yamaha Marine,,True
985,487,LHN-888421,8639701345602.0,3175.88,1443.58,15.09,12.0,10.0,True,Bússola de Bordo 5643,Bússola magnética líquida com iluminação,2,4,65026873,UN,True,Motores,motores,3.0,True,Mercury Marine,BR,True
986,488,LHN-208087,6207538521265.0,293.35,189.26,40.149,17.0,0.0,True,Bateria Náutica 9984,Bateria estacionária 105Ah náutica,6,6,96743994,UN,True,Velas,velas,3.0,True,Raymarine,,True
987,488,LHN-149020,6195932115282.0,3507.03,1836.14,47.615,17.0,10.0,True,Bateria Náutica 9984,Bateria estacionária 105Ah náutica,6,6,96743994,UN,True,Velas,velas,3.0,True,Raymarine,,True
988,489,LHN-763408,7791947795793.0,130.89,63.85,43.406,12.0,10.0,True,Defensa Náutica 9755,Defensa cilíndrica em PVC,12,12,96235182,PC,False,Manutenção,manutencao,1.0,True,Marisul,BR,True
989,490,LHN-252094,8784721178942.0,3285.82,1542.64,45.651,12.0,0.0,False,Colete Salva-Vidas 3881,Colete homologado classe III,6,12,78559499,UN,True,Manutenção,manutencao,1.0,True,Raymarine,,True
990,490,LHN-630399,9095654153425.0,836.28,529.29,44.487,12.0,10.0,True,Colete Salva-Vidas 3881,Colete homologado classe III,6,12,78559499,UN,True,Manutenção,manutencao,1.0,True,Raymarine,,True
991,491,LHN-193780,4682457749068.0,3266.89,1505.48,0.51,18.0,0.0,True,Bússola de Bordo 4004,Bússola magnética líquida com iluminação,8,1,74828711,UN,True,Equipamentos,equipamentos,,True,Simrad,,True
992,492,LHN-401037,1180562981500.0,1149.14,781.73,30.287,12.0,10.0,True,Bateria Náutica 4361,Bateria estacionária 105Ah náutica,5,11,41585045,UN,True,Pintura Marítima,pintura-maritima,1.0,True,Garmin,,True
993,492,LHN-258791,6592013189703.0,2476.49,1179.28,32.324,12.0,0.0,True,Bateria Náutica 4361,Bateria estacionária 105Ah náutica,5,11,41585045,UN,True,Pintura Marítima,pintura-maritima,1.0,True,Garmin,,True
994,493,LHN-571777,75865165980.0,130.33,72.81,38.064,12.0,10.0,True,Hélice de Alumínio 5003,Hélice 3 pás para motor de popa,4,8,34796760,UN,True,Hélices,helices,1.0,True,Honda Marine,,True
995,493,LHN-632518,9378305120756.0,1564.09,770.49,39.311,18.0,10.0,True,Hélice de Alumínio 5003,Hélice 3 pás para motor de popa,4,8,34796760,UN,True,Hélices,helices,1.0,True,Honda Marine,,True
996,493,LHN-518595,8327458486395.0,1225.38,887.96,27.026,12.0,5.0,True,Hélice de Alumínio 5003,Hélice 3 pás para motor de popa,4,8,34796760,UN,True,Hélices,helices,1.0,True,Honda Marine,,True
997,494,LHN-833261,6868249006344.0,3495.43,1899.69,49.067,12.0,10.0,True,Motor de Popa 4783,Motor de popa 4 tempos para embarcações de lazer,12,13,66315964,UN,True,SEGURANÇA,seguranca,2.0,True,Marisul,BR,True
998,495,LHN-988025,,2874.99,1969.17,17.035,18.0,10.0,True,Sonar Transducer 4154,Transdutor de sonar para profundidade,2,9,26272665,UN,True,Acessórios de Convés,acessorios-de-conves,2.0,True,Mercury Marine,BR,True
999,496,LHN-473756,8622322454990.0,3280.48,1964.36,29.315,17.0,5.0,True,Bateria Náutica 6054,Bateria estacionária 105Ah náutica,5,14,33614101,UN,True,Pesca,pesca,1.0,True,Garmin,,True
1000,496,LHN-823011,2978163912424.0,2822.45,1288.79,28.984,18.0,5.0,True,Bateria Náutica 6054,Bateria estacionária 105Ah náutica,5,14,33614101,UN,True,Pesca,pesca,1.0,True,Garmin,,True
1001,497,LHN-453118,3349737883027.0,1687.22,1074.66,7.972,18.0,5.0,False,Colete Salva-Vidas 9810,Colete homologado classe III,3,7,14725609,UN,True,Âncoras,ncoras,1.0,True,Suzuki Marine,DE,True
1002,497,LHN-191329,8651155740505.0,2757.24,1712.57,44.674,17.0,0.0,True,Colete Salva-Vidas 9810,Colete homologado classe III,3,7,14725609,UN,True,Âncoras,ncoras,1.0,True,Suzuki Marine,DE,True
1003,497,LHN-606209,180868816828.0,2068.61,1004.18,14.111,17.0,10.0,True,Colete Salva-Vidas 9810,Colete homologado classe III,3,7,14725609,UN,True,Âncoras,ncoras,1.0,True,Suzuki Marine,DE,True
1004,498,LHN-958871,3986868274500.0,3533.76,1985.26,45.799,17.0,0.0,True,GPS Plotter 7720,GPS chartplotter com cartografia,12,14,42893405,UN,True,Pesca,pesca,1.0,True,Marisul,BR,True
1005,498,LHN-099784,6107424955603.0,1320.3,992.71,49.625,12.0,5.0,True,GPS Plotter 7720,GPS chartplotter com cartografia,12,14,42893405,UN,True,Pesca,pesca,1.0,True,Marisul,BR,True
1006,498,LHN-210485,3139082745367.0,2315.01,1429.02,22.589,12.0,10.0,False,GPS Plotter 7720,GPS chartplotter com cartografia,12,14,42893405,UN,True,Pesca,pesca,1.0,True,Marisul,BR,True
1007,499,LHN-556836,525554160043.0,3154.28,1686.78,43.963,12.0,5.0,True,Âncora Bruce 3938,Âncora de garra tipo Bruce em aço galvanizado,12,3,75342356,UN,False,Coletes Salva-Vidas,coletes-salva-vidas,,True,Marisul,BR,True
1008,500,LHN-579323,,3252.7,1498.94,17.295,17.0,5.0,True,Motor de Popa 7932,Motor de popa 4 tempos para embarcações de lazer,1,4,10035954,UN,True,Motores,motores,3.0,True,Yamaha Marine,,True
1009,500,LHN-676176,8602590265290.0,2118.14,1114.81,28.152,12.0,0.0,True,Motor de Popa 7932,Motor de popa 4 tempos para embarcações de lazer,1,4,10035954,UN,True,Motores,motores,3.0,True,Yamaha Marine,,True
